Title,ratings,total_reviews,buying_history,alinknormal_URL,Price,Image,product_text,Found_Keywords,Sustainability_Score,Sustainability_Evidence_Level,Product_Type,Sustainability_Category
"Plant-Based Kitchen Sponges - FSC Certified and PETA Approved, Natural, Eco-Friendly, Biodegradable Sisal Hemp Sponges for Dishes, Cleaning Sponge for Kitchen, Bathroom, Household - 12 Count",4.6,248,3K+ bought in past month,https://www.amazon.com/Isshah-Plant-Based-Kitchen-Sponges-Biodegradable/dp/B0CSBG92MF/ref=sr_1_1?dib=eyJ2IjoiMSJ9.F8hMRDQGLTNnJld1eHE6MdYJSCQqbvu6_mb5vK62tS_GYGF_uDGYBuU7d86CRm-ghR0-eiigtWB6jxCjFGi-Of3VZvSmNrsT4SdkmKOZVk03Tv5gOOthIjpOERm_ssk60RmK1KzYiWBlUTVk5sjk0XAZmQXB2QCqnsDikOuz5Y4ksbqGkT1jYobI2USxAo_PkhwiSQoZTcssaOdM52XDR-uejCjAOKeDXhtjTiqaRsz_t550HvZx-57FbzBqSj1mywJXYFeJA-w_ppYrDl1M7rV29or67f27LUEz3lKO2XjH-RsK36-trcRpAToo3ERaElpXzsPbFbfn7_KeiynXpz1TvqVMYrp5Zk-RlncGtVc2P59Re0cZUijW-TIo7uY-TQuU3dDm92QO1VlOYcVKm3BD5qoWCjXF5bVDPrYuf6TSEs2zwqgEzjE8QyB9pKng.hPglgJ-D6mYAwa64aLfUngEd7Cjio8hsHE5VxgP-pe4&dib_tag=se&keywords=eco+friendly+home+products&qid=1741331887&sr=8-1,9.99,https://m.media-amazon.com/images/I/81GEZUgvk2L._AC_UL320_.jpg,"plant-based kitchen sponges - fsc certified and peta approved, natural, eco-friendly, biodegradable sisal hemp sponges for dishes, cleaning sponge for kitchen, bathroom, household - 12 count","['biodegradable', 'eco-friendly', 'plant-based', 'fsc certified', 'natural']",10,Strong,Likely Product,Sustainable
Reusable Paper Towels Washable Roll - Thick 12-pc Two Layered Ultra Absorbent Paperless Certified Organic Cotton Towels - Large Cloth Kitchen Paper Towel with Hanging Loop,4.6,205,100+ bought in past month,https://www.amazon.com/EcoPledge-Reusable-Paper-Towels-Washable/dp/B0CLHYGVPX/ref=sr_1_2?dib=eyJ2IjoiMSJ9.F8hMRDQGLTNnJld1eHE6MdYJSCQqbvu6_mb5vK62tS_GYGF_uDGYBuU7d86CRm-ghR0-eiigtWB6jxCjFGi-Of3VZvSmNrsT4SdkmKOZVk03Tv5gOOthIjpOERm_ssk60RmK1KzYiWBlUTVk5sjk0XAZmQXB2QCqnsDikOuz5Y4ksbqGkT1jYobI2USxAo_PkhwiSQoZTcssaOdM52XDR-uejCjAOKeDXhtjTiqaRsz_t550HvZx-57FbzBqSj1mywJXYFeJA-w_ppYrDl1M7rV29or67f27LUEz3lKO2XjH-RsK36-trcRpAToo3ERaElpXzsPbFbfn7_KeiynXpz1TvqVMYrp5Zk-RlncGtVc2P59Re0cZUijW-TIo7uY-TQuU3dDm92QO1VlOYcVKm3BD5qoWCjXF5bVDPrYuf6TSEs2zwqgEzjE8QyB9pKng.hPglgJ-D6mYAwa64aLfUngEd7Cjio8hsHE5VxgP-pe4&dib_tag=se&keywords=eco+friendly+home+products&qid=1741331887&sr=8-2,24.99,https://m.media-amazon.com/images/I/91-W1NYNeYL._AC_UL320_.jpg,reusable paper towels washable roll - thick 12-pc two layered ultra absorbent paperless certified organic cotton towels - large cloth kitchen paper towel with hanging loop,"['reusable', 'organic', 'washable']",6,Strong,Likely Product,Sustainable
"20 Pack Reusable Paper Towels Washable - Nature Friendly - Organic Cotton Alternative - Thick, Strong, Paperless Kitchen Dish Cloths - Reusable Napkins - Dish Towels - Cloth Napkin - Kitchen Towels",4.4,3274,900+ bought in past month,https://www.amazon.com/Reusable-Alternative-Washable-Paperless-Zerowaste/dp/B07PQ4W45S/ref=sr_1_3?dib=eyJ2IjoiMSJ9.F8hMRDQGLTNnJld1eHE6MdYJSCQqbvu6_mb5vK62tS_GYGF_uDGYBuU7d86CRm-ghR0-eiigtWB6jxCjFGi-Of3VZvSmNrsT4SdkmKOZVk03Tv5gOOthIjpOERm_ssk60RmK1KzYiWBlUTVk5sjk0XAZmQXB2QCqnsDikOuz5Y4ksbqGkT1jYobI2USxAo_PkhwiSQoZTcssaOdM52XDR-uejCjAOKeDXhtjTiqaRsz_t550HvZx-57FbzBqSj1mywJXYFeJA-w_ppYrDl1M7rV29or67f27LUEz3lKO2XjH-RsK36-trcRpAToo3ERaElpXzsPbFbfn7_KeiynXpz1TvqVMYrp5Zk-RlncGtVc2P59Re0cZUijW-TIo7uY-TQuU3dDm92QO1VlOYcVKm3BD5qoWCjXF5bVDPrYuf6TSEs2zwqgEzjE8QyB9pKng.hPglgJ-D6mYAwa64aLfUngEd7Cjio8hsHE5VxgP-pe4&dib_tag=se&keywords=eco+friendly+home+products&qid=1741331887&sr=8-3,31.94,https://m.media-amazon.com/images/I/81WV3GCPceL._AC_UL320_.jpg,"20 pack reusable paper towels washable - nature friendly - organic cotton alternative - thick, strong, paperless kitchen dish cloths - reusable napkins - dish towels - cloth napkin - kitchen towels","['reusable', 'organic', 'washable']",6,Strong,Likely Product,Sustainable
"Akeeko Reusable Beeswax Food Wraps - Assorted 9 Packs, Eco-Friendly Reusable Wrap, Biodegradable, Zero Waste, Organic Cloth, Sustainable, Plastic-Free Food Storage, 1Large, 3Medium, 5Small Sizes",4.4,2426,50+ bought in past month,https://www.amazon.com/Reusable-Wraps-Beeswax-Assorted-Packs/dp/B092CBDKWG/ref=sr_1_4?dib=eyJ2IjoiMSJ9.F8hMRDQGLTNnJld1eHE6MdYJSCQqbvu6_mb5vK62tS_GYGF_uDGYBuU7d86CRm-ghR0-eiigtWB6jxCjFGi-Of3VZvSmNrsT4SdkmKOZVk03Tv5gOOthIjpOERm_ssk60RmK1KzYiWBlUTVk5sjk0XAZmQXB2QCqnsDikOuz5Y4ksbqGkT1jYobI2USxAo_PkhwiSQoZTcssaOdM52XDR-uejCjAOKeDXhtjTiqaRsz_t550HvZx-57FbzBqSj1mywJXYFeJA-w_ppYrDl1M7rV29or67f27LUEz3lKO2XjH-RsK36-trcRpAToo3ERaElpXzsPbFbfn7_KeiynXpz1TvqVMYrp5Zk-RlncGtVc2P59Re0cZUijW-TIo7uY-TQuU3dDm92QO1VlOYcVKm3BD5qoWCjXF5bVDPrYuf6TSEs2zwqgEzjE8QyB9pKng.hPglgJ-D6mYAwa64aLfUngEd7Cjio8hsHE5VxgP-pe4&dib_tag=se&keywords=eco+friendly+home+products&qid=1741331887&sr=8-4,13.99,https://m.media-amazon.com/images/I/91UpDUvsk-L._AC_UL320_.jpg,"akeeko reusable beeswax food wraps - assorted 9 packs, eco-friendly reusable wrap, biodegradable, zero waste, organic cloth, sustainable, plastic-free food storage, 1large, 3medium, 5small sizes","['biodegradable', 'zero waste', 'plastic-free', 'reusable', 'sustainable', 'eco-friendly', 'organic']",18,Strong,Likely Product,Sustainable
"Swedish Dishcloths for Kitchen Dish Towels - 6 Pack, Reusable Paper Towels with Clips, Super Absorbent Washable Non-Scratch Swedish Dish Towels, No Odor, Biodegradable",4.6,1286,100+ bought in past month,https://www.amazon.com/Harps-Seb-Reusable-Swedish-Dishcloths/dp/B0BDGJZTV2/ref=sr_1_5?dib=eyJ2IjoiMSJ9.F8hMRDQGLTNnJld1eHE6MdYJSCQqbvu6_mb5vK62tS_GYGF_uDGYBuU7d86CRm-ghR0-eiigtWB6jxCjFGi-Of3VZvSmNrsT4SdkmKOZVk03Tv5gOOthIjpOERm_ssk60RmK1KzYiWBlUTVk5sjk0XAZmQXB2QCqnsDikOuz5Y4ksbqGkT1jYobI2USxAo_PkhwiSQoZTcssaOdM52XDR-uejCjAOKeDXhtjTiqaRsz_t550HvZx-57FbzBqSj1mywJXYFeJA-w_ppYrDl1M7rV29or67f27LUEz3lKO2XjH-RsK36-trcRpAToo3ERaElpXzsPbFbfn7_KeiynXpz1TvqVMYrp5Zk-RlncGtVc2P59Re0cZUijW-TIo7uY-TQuU3dDm92QO1VlOYcVKm3BD5qoWCjXF5bVDPrYuf6TSEs2zwqgEzjE8QyB9pKng.hPglgJ-D6mYAwa64aLfUngEd7Cjio8hsHE5VxgP-pe4&dib_tag=se&keywords=eco+friendly+home+products&qid=1741331887&sr=8-5,13.9,https://m.media-amazon.com/images/I/91FngmRdt1L._AC_UL320_.jpg,"swedish dishcloths for kitchen dish towels - 6 pack, reusable paper towels with clips, super absorbent washable non-scratch swedish dish towels, no odor, biodegradable","['biodegradable', 'reusable', 'washable']",7,Strong,Likely Product,Sustainable
"Lucomb Swedish Dishcloths for Kitchen Dishes, 8 Pack Reusable Cleaning Cloths Replace Paper Towels Swedish Towels Cleaning Rags Eco Friendly Biodegradable for Home Office Wipes",4.7,4368,500+ bought in past month,https://www.amazon.com/Lucomb-Dishcloths-Reusable-Cleaning-Biodegradable/dp/B0CC99HWBG/ref=sr_1_6?dib=eyJ2IjoiMSJ9.F8hMRDQGLTNnJld1eHE6MdYJSCQqbvu6_mb5vK62tS_GYGF_uDGYBuU7d86CRm-ghR0-eiigtWB6jxCjFGi-Of3VZvSmNrsT4SdkmKOZVk03Tv5gOOthIjpOERm_ssk60RmK1KzYiWBlUTVk5sjk0XAZmQXB2QCqnsDikOuz5Y4ksbqGkT1jYobI2USxAo_PkhwiSQoZTcssaOdM52XDR-uejCjAOKeDXhtjTiqaRsz_t550HvZx-57FbzBqSj1mywJXYFeJA-w_ppYrDl1M7rV29or67f27LUEz3lKO2XjH-RsK36-trcRpAToo3ERaElpXzsPbFbfn7_KeiynXpz1TvqVMYrp5Zk-RlncGtVc2P59Re0cZUijW-TIo7uY-TQuU3dDm92QO1VlOYcVKm3BD5qoWCjXF5bVDPrYuf6TSEs2zwqgEzjE8QyB9pKng.hPglgJ-D6mYAwa64aLfUngEd7Cjio8hsHE5VxgP-pe4&dib_tag=se&keywords=eco+friendly+home+products&qid=1741331887&sr=8-6,13.99,https://m.media-amazon.com/images/I/81F20rnzUZL._AC_UL320_.jpg,"lucomb swedish dishcloths for kitchen dishes, 8 pack reusable cleaning cloths replace paper towels swedish towels cleaning rags eco friendly biodegradable for home office wipes","['biodegradable', 'reusable', 'eco friendly']",8,Strong,Likely Product,Sustainable
"Reusable Beeswax Wrap - 9 Pack Beeswax Wraps For Food, Organic, Sustainable, Biodegradable, Zero Waste, Plastic-Free Food Storage, 1L Strawberry, 3M Orange, 5S Lemon Patterns",4.4,1213,600+ bought in past month,https://www.amazon.com/Reusable-Beeswax-Wrap-Eco-Friendly-Biodegradable/dp/B09WRHLCFG/ref=sr_1_7?dib=eyJ2IjoiMSJ9.F8hMRDQGLTNnJld1eHE6MdYJSCQqbvu6_mb5vK62tS_GYGF_uDGYBuU7d86CRm-ghR0-eiigtWB6jxCjFGi-Of3VZvSmNrsT4SdkmKOZVk03Tv5gOOthIjpOERm_ssk60RmK1KzYiWBlUTVk5sjk0XAZmQXB2QCqnsDikOuz5Y4ksbqGkT1jYobI2USxAo_PkhwiSQoZTcssaOdM52XDR-uejCjAOKeDXhtjTiqaRsz_t550HvZx-57FbzBqSj1mywJXYFeJA-w_ppYrDl1M7rV29or67f27LUEz3lKO2XjH-RsK36-trcRpAToo3ERaElpXzsPbFbfn7_KeiynXpz1TvqVMYrp5Zk-RlncGtVc2P59Re0cZUijW-TIo7uY-TQuU3dDm92QO1VlOYcVKm3BD5qoWCjXF5bVDPrYuf6TSEs2zwqgEzjE8QyB9pKng.hPglgJ-D6mYAwa64aLfUngEd7Cjio8hsHE5VxgP-pe4&dib_tag=se&keywords=eco+friendly+home+products&qid=1741331887&sr=8-7,13.99,https://m.media-amazon.com/images/I/81-cLbynG7L._AC_UL320_.jpg,"reusable beeswax wrap - 9 pack beeswax wraps for food, organic, sustainable, biodegradable, zero waste, plastic-free food storage, 1l strawberry, 3m orange, 5s lemon patterns","['biodegradable', 'zero waste', 'plastic-free', 'reusable', 'sustainable', 'organic']",16,Strong,Likely Product,Sustainable
"100% Compostable Food Storage Bags [Quart 100 Pack] Eco-Friendly Freezer Bags, Resealable Bags, Heavy-Duty, Reusable, Off-White by Earth's Natural Alternative",4.4,1365,700+ bought in past month,https://www.amazon.com/Eco-Friendly-Biodegradable-Earths-Natural-Alternative/dp/B08S47J1YJ/ref=sr_1_8?dib=eyJ2IjoiMSJ9.F8hMRDQGLTNnJld1eHE6MdYJSCQqbvu6_mb5vK62tS_GYGF_uDGYBuU7d86CRm-ghR0-eiigtWB6jxCjFGi-Of3VZvSmNrsT4SdkmKOZVk03Tv5gOOthIjpOERm_ssk60RmK1KzYiWBlUTVk5sjk0XAZmQXB2QCqnsDikOuz5Y4ksbqGkT1jYobI2USxAo_PkhwiSQoZTcssaOdM52XDR-uejCjAOKeDXhtjTiqaRsz_t550HvZx-57FbzBqSj1mywJXYFeJA-w_ppYrDl1M7rV29or67f27LUEz3lKO2XjH-RsK36-trcRpAToo3ERaElpXzsPbFbfn7_KeiynXpz1TvqVMYrp5Zk-RlncGtVc2P59Re0cZUijW-TIo7uY-TQuU3dDm92QO1VlOYcVKm3BD5qoWCjXF5bVDPrYuf6TSEs2zwqgEzjE8QyB9pKng.hPglgJ-D6mYAwa64aLfUngEd7Cjio8hsHE5VxgP-pe4&dib_tag=se&keywords=eco+friendly+home+products&qid=1741331887&sr=8-8,13.99,https://m.media-amazon.com/images/I/61o+Q1jQkTL._AC_UL320_.jpg,"100% compostable food storage bags [quart 100 pack] eco-friendly freezer bags, resealable bags, heavy-duty, reusable, off-white by earth's natural alternative","['compostable', 'reusable', 'eco-friendly', 'natural']",9,Strong,Likely Product,Sustainable
Tieralia 5-Piece Eco-Friendly Bamboo Dish Brush Set with Compostable Wood Pulp Sponges | Bamboo Kitchen Cleaning Set,4.4,232,200+ bought in past month,https://www.amazon.com/Tieralia-Bamboo-Kitchen-Sustainable-Eco-Friendly/dp/B098CYHJ34/ref=sr_1_9?dib=eyJ2IjoiMSJ9.F8hMRDQGLTNnJld1eHE6MdYJSCQqbvu6_mb5vK62tS_GYGF_uDGYBuU7d86CRm-ghR0-eiigtWB6jxCjFGi-Of3VZvSmNrsT4SdkmKOZVk03Tv5gOOthIjpOERm_ssk60RmK1KzYiWBlUTVk5sjk0XAZmQXB2QCqnsDikOuz5Y4ksbqGkT1jYobI2USxAo_PkhwiSQoZTcssaOdM52XDR-uejCjAOKeDXhtjTiqaRsz_t550HvZx-57FbzBqSj1mywJXYFeJA-w_ppYrDl1M7rV29or67f27LUEz3lKO2XjH-RsK36-trcRpAToo3ERaElpXzsPbFbfn7_KeiynXpz1TvqVMYrp5Zk-RlncGtVc2P59Re0cZUijW-TIo7uY-TQuU3dDm92QO1VlOYcVKm3BD5qoWCjXF5bVDPrYuf6TSEs2zwqgEzjE8QyB9pKng.hPglgJ-D6mYAwa64aLfUngEd7Cjio8hsHE5VxgP-pe4&dib_tag=se&keywords=eco+friendly+home+products&qid=1741331887&sr=8-9,23.99,https://m.media-amazon.com/images/I/910pb+R-1UL._AC_UL320_.jpg,tieralia 5-piece eco-friendly bamboo dish brush set with compostable wood pulp sponges | bamboo kitchen cleaning set,"['compostable', 'eco-friendly', 'bamboo']",6,Strong,Likely Product,Sustainable
"Ultrasonic Pest Control Repeller - Repel Rodents, Ants, Cockroaches Get Rid, Bed Bugs, Mosquitos, Flies, Spiders, Squirrel Bats - Eco-Friendly Safe for Humans - 2 Pack",4.4,86,50+ bought in past month,https://www.amazon.com/Ultrasonic-Pest-Control-Repeller-Eco-Friendly/dp/B0DWF3S94Q/ref=sr_1_10?dib=eyJ2IjoiMSJ9.F8hMRDQGLTNnJld1eHE6MdYJSCQqbvu6_mb5vK62tS_GYGF_uDGYBuU7d86CRm-ghR0-eiigtWB6jxCjFGi-Of3VZvSmNrsT4SdkmKOZVk03Tv5gOOthIjpOERm_ssk60RmK1KzYiWBlUTVk5sjk0XAZmQXB2QCqnsDikOuz5Y4ksbqGkT1jYobI2USxAo_PkhwiSQoZTcssaOdM52XDR-uejCjAOKeDXhtjTiqaRsz_t550HvZx-57FbzBqSj1mywJXYFeJA-w_ppYrDl1M7rV29or67f27LUEz3lKO2XjH-RsK36-trcRpAToo3ERaElpXzsPbFbfn7_KeiynXpz1TvqVMYrp5Zk-RlncGtVc2P59Re0cZUijW-TIo7uY-TQuU3dDm92QO1VlOYcVKm3BD5qoWCjXF5bVDPrYuf6TSEs2zwqgEzjE8QyB9pKng.hPglgJ-D6mYAwa64aLfUngEd7Cjio8hsHE5VxgP-pe4&dib_tag=se&keywords=eco+friendly+home+products&qid=1741331887&sr=8-10,27.99,https://m.media-amazon.com/images/I/810gOH1FLcL._AC_UL320_.jpg,"ultrasonic pest control repeller - repel rodents, ants, cockroaches get rid, bed bugs, mosquitos, flies, spiders, squirrel bats - eco-friendly safe for humans - 2 pack",['eco-friendly'],2,Low,Likely Product,Not Sustainable
"21 Pack Reusable Storage Bags BPA Free, Leak-proof Freezer Bags (7 Reusable Gallon Bags + 7 Reusable Sandwich Bags + 7 Reusable Snack Bags) Lunch Bags Washable Eco-Friendly for food",4.6,2316,50+ bought in past month,https://www.amazon.com/KITHELP-Reusable-Leak-proof-Sandwich-Eco-Friendly/dp/B088GP2W83/ref=sr_1_11?dib=eyJ2IjoiMSJ9.F8hMRDQGLTNnJld1eHE6MdYJSCQqbvu6_mb5vK62tS_GYGF_uDGYBuU7d86CRm-ghR0-eiigtWB6jxCjFGi-Of3VZvSmNrsT4SdkmKOZVk03Tv5gOOthIjpOERm_ssk60RmK1KzYiWBlUTVk5sjk0XAZmQXB2QCqnsDikOuz5Y4ksbqGkT1jYobI2USxAo_PkhwiSQoZTcssaOdM52XDR-uejCjAOKeDXhtjTiqaRsz_t550HvZx-57FbzBqSj1mywJXYFeJA-w_ppYrDl1M7rV29or67f27LUEz3lKO2XjH-RsK36-trcRpAToo3ERaElpXzsPbFbfn7_KeiynXpz1TvqVMYrp5Zk-RlncGtVc2P59Re0cZUijW-TIo7uY-TQuU3dDm92QO1VlOYcVKm3BD5qoWCjXF5bVDPrYuf6TSEs2zwqgEzjE8QyB9pKng.hPglgJ-D6mYAwa64aLfUngEd7Cjio8hsHE5VxgP-pe4&dib_tag=se&keywords=eco+friendly+home+products&qid=1741331887&sr=8-11,22.99,https://m.media-amazon.com/images/I/81gyeg85VFL._AC_UL320_.jpg,"21 pack reusable storage bags bpa free, leak-proof freezer bags (7 reusable gallon bags + 7 reusable sandwich bags + 7 reusable snack bags) lunch bags washable eco-friendly for food","['reusable', 'eco-friendly', 'washable']",6,Strong,Likely Product,Sustainable
Swedish Dish Cloths - 10 Pack Reusable Kitchen Dishcloths - Ultra Absorbent Dish Towels for Washing Dishes - Cellulose Sponge Cloth Cleaning Rag - Assorted,4.6,2309,4K+ bought in past month,https://www.amazon.com/MoLKENE-Swedish-Dish-Cloths-Dishcloths/dp/B0B9S9SJQB/ref=sr_1_12?dib=eyJ2IjoiMSJ9.F8hMRDQGLTNnJld1eHE6MdYJSCQqbvu6_mb5vK62tS_GYGF_uDGYBuU7d86CRm-ghR0-eiigtWB6jxCjFGi-Of3VZvSmNrsT4SdkmKOZVk03Tv5gOOthIjpOERm_ssk60RmK1KzYiWBlUTVk5sjk0XAZmQXB2QCqnsDikOuz5Y4ksbqGkT1jYobI2USxAo_PkhwiSQoZTcssaOdM52XDR-uejCjAOKeDXhtjTiqaRsz_t550HvZx-57FbzBqSj1mywJXYFeJA-w_ppYrDl1M7rV29or67f27LUEz3lKO2XjH-RsK36-trcRpAToo3ERaElpXzsPbFbfn7_KeiynXpz1TvqVMYrp5Zk-RlncGtVc2P59Re0cZUijW-TIo7uY-TQuU3dDm92QO1VlOYcVKm3BD5qoWCjXF5bVDPrYuf6TSEs2zwqgEzjE8QyB9pKng.hPglgJ-D6mYAwa64aLfUngEd7Cjio8hsHE5VxgP-pe4&dib_tag=se&keywords=eco+friendly+home+products&qid=1741331887&sr=8-12,12.99,https://m.media-amazon.com/images/I/81ca6uH9vqL._AC_UL320_.jpg,swedish dish cloths - 10 pack reusable kitchen dishcloths - ultra absorbent dish towels for washing dishes - cellulose sponge cloth cleaning rag - assorted,['reusable'],3,Moderate,Likely Product,Potentially Sustainable
"Candle by the Hour 80-Hour Vertical Candle, Eco-friendly Natural Beeswax with Cotton Wick",4.4,4751,900+ bought in past month,https://www.amazon.com/Candle-Hour-80-Hour-Vertical-Eco-friendly/dp/B000LWRZNM/ref=sr_1_13?dib=eyJ2IjoiMSJ9.F8hMRDQGLTNnJld1eHE6MdYJSCQqbvu6_mb5vK62tS_GYGF_uDGYBuU7d86CRm-ghR0-eiigtWB6jxCjFGi-Of3VZvSmNrsT4SdkmKOZVk03Tv5gOOthIjpOERm_ssk60RmK1KzYiWBlUTVk5sjk0XAZmQXB2QCqnsDikOuz5Y4ksbqGkT1jYobI2USxAo_PkhwiSQoZTcssaOdM52XDR-uejCjAOKeDXhtjTiqaRsz_t550HvZx-57FbzBqSj1mywJXYFeJA-w_ppYrDl1M7rV29or67f27LUEz3lKO2XjH-RsK36-trcRpAToo3ERaElpXzsPbFbfn7_KeiynXpz1TvqVMYrp5Zk-RlncGtVc2P59Re0cZUijW-TIo7uY-TQuU3dDm92QO1VlOYcVKm3BD5qoWCjXF5bVDPrYuf6TSEs2zwqgEzjE8QyB9pKng.hPglgJ-D6mYAwa64aLfUngEd7Cjio8hsHE5VxgP-pe4&dib_tag=se&keywords=eco+friendly+home+products&qid=1741331887&sr=8-13,12.99,https://m.media-amazon.com/images/I/61oLZdAzliL._AC_UL320_.jpg,"candle by the hour 80-hour vertical candle, eco-friendly natural beeswax with cotton wick","['eco-friendly', 'natural']",3,Moderate,Likely Product,Potentially Sustainable
"Kitsch Spray Bottle for Hair - Continuous Water Mister with Ultra Fine Mist for Hairstyling, Barbers, Salons, Cleaning, Plants, Versatile Spray Bottles - Made from Recycled Plastic - Terracotta, 5 oz",4.1,3651,20K+ bought in past month,https://www.amazon.com/Kitsch-Spray-Bottle-Hair-Hairstyling/dp/B0CVZWMD34/ref=sr_1_14?dib=eyJ2IjoiMSJ9.F8hMRDQGLTNnJld1eHE6MdYJSCQqbvu6_mb5vK62tS_GYGF_uDGYBuU7d86CRm-ghR0-eiigtWB6jxCjFGi-Of3VZvSmNrsT4SdkmKOZVk03Tv5gOOthIjpOERm_ssk60RmK1KzYiWBlUTVk5sjk0XAZmQXB2QCqnsDikOuz5Y4ksbqGkT1jYobI2USxAo_PkhwiSQoZTcssaOdM52XDR-uejCjAOKeDXhtjTiqaRsz_t550HvZx-57FbzBqSj1mywJXYFeJA-w_ppYrDl1M7rV29or67f27LUEz3lKO2XjH-RsK36-trcRpAToo3ERaElpXzsPbFbfn7_KeiynXpz1TvqVMYrp5Zk-RlncGtVc2P59Re0cZUijW-TIo7uY-TQuU3dDm92QO1VlOYcVKm3BD5qoWCjXF5bVDPrYuf6TSEs2zwqgEzjE8QyB9pKng.hPglgJ-D6mYAwa64aLfUngEd7Cjio8hsHE5VxgP-pe4&dib_tag=se&keywords=eco+friendly+home+products&qid=1741331887&sr=8-14,8.99,https://m.media-amazon.com/images/I/51u3yqZIjWL._AC_UL320_.jpg,"kitsch spray bottle for hair - continuous water mister with ultra fine mist for hairstyling, barbers, salons, cleaning, plants, versatile spray bottles - made from recycled plastic - terracotta, 5 oz",[],0,Low,Likely Product,Not Sustainable
"Bamboo Cutting Board, Durable Wood Cutting Boards for Kitchen with Deep Juice Grooves & Built-in Handles, Ideal Charcuterie & Chopping for Meat, Vegetables - Perfect Kitchen Gift for Home Cooks",4.5,670,10K+ bought in past month,https://www.amazon.com/Cutting-Durable-Charcuterie-Chopping-Vegetables/dp/B0D7M8QB9Y/ref=sr_1_15?dib=eyJ2IjoiMSJ9.F8hMRDQGLTNnJld1eHE6MdYJSCQqbvu6_mb5vK62tS_GYGF_uDGYBuU7d86CRm-ghR0-eiigtWB6jxCjFGi-Of3VZvSmNrsT4SdkmKOZVk03Tv5gOOthIjpOERm_ssk60RmK1KzYiWBlUTVk5sjk0XAZmQXB2QCqnsDikOuz5Y4ksbqGkT1jYobI2USxAo_PkhwiSQoZTcssaOdM52XDR-uejCjAOKeDXhtjTiqaRsz_t550HvZx-57FbzBqSj1mywJXYFeJA-w_ppYrDl1M7rV29or67f27LUEz3lKO2XjH-RsK36-trcRpAToo3ERaElpXzsPbFbfn7_KeiynXpz1TvqVMYrp5Zk-RlncGtVc2P59Re0cZUijW-TIo7uY-TQuU3dDm92QO1VlOYcVKm3BD5qoWCjXF5bVDPrYuf6TSEs2zwqgEzjE8QyB9pKng.hPglgJ-D6mYAwa64aLfUngEd7Cjio8hsHE5VxgP-pe4&dib_tag=se&keywords=eco+friendly+home+products&qid=1741331887&sr=8-15,39.95,https://m.media-amazon.com/images/I/81rF0i715fL._AC_UL320_.jpg,"bamboo cutting board, durable wood cutting boards for kitchen with deep juice grooves & built-in handles, ideal charcuterie & chopping for meat, vegetables - perfect kitchen gift for home cooks",['bamboo'],1,Low,Likely Product,Not Sustainable
"6 Layer Fleece Duster Refills for Swiffer Hand Duster, Zero Waste, Reusable and Washable Replacement Dusters for Cleaning Ceiling Fan Hardwoods (6 Pack-Multicolour-A)",4.5,161,50+ bought in past month,https://www.amazon.com/Reusable-Washable-Replacement-Hardwoods-Pack-Multicolour/dp/B0CMLNRVT3/ref=sr_1_16?dib=eyJ2IjoiMSJ9.F8hMRDQGLTNnJld1eHE6MdYJSCQqbvu6_mb5vK62tS_GYGF_uDGYBuU7d86CRm-ghR0-eiigtWB6jxCjFGi-Of3VZvSmNrsT4SdkmKOZVk03Tv5gOOthIjpOERm_ssk60RmK1KzYiWBlUTVk5sjk0XAZmQXB2QCqnsDikOuz5Y4ksbqGkT1jYobI2USxAo_PkhwiSQoZTcssaOdM52XDR-uejCjAOKeDXhtjTiqaRsz_t550HvZx-57FbzBqSj1mywJXYFeJA-w_ppYrDl1M7rV29or67f27LUEz3lKO2XjH-RsK36-trcRpAToo3ERaElpXzsPbFbfn7_KeiynXpz1TvqVMYrp5Zk-RlncGtVc2P59Re0cZUijW-TIo7uY-TQuU3dDm92QO1VlOYcVKm3BD5qoWCjXF5bVDPrYuf6TSEs2zwqgEzjE8QyB9pKng.hPglgJ-D6mYAwa64aLfUngEd7Cjio8hsHE5VxgP-pe4&dib_tag=se&keywords=eco+friendly+home+products&qid=1741331887&sr=8-16,13.99,https://m.media-amazon.com/images/I/71et3onJIqL._AC_UL320_.jpg,"6 layer fleece duster refills for swiffer hand duster, zero waste, reusable and washable replacement dusters for cleaning ceiling fan hardwoods (6 pack-multicolour-a)","['zero waste', 'reusable', 'washable']",7,Strong,Likely Product,Sustainable
Stardrops – The Pink Stuff – Miracle Microfibre Cloth Collection 3 Pack,4.7,330,2K+ bought in past month,https://www.amazon.com/Stardrops-Stuff-Miracle-Microfibre-Collection/dp/B0D4VYBBBL/ref=sr_1_17?dib=eyJ2IjoiMSJ9.F8hMRDQGLTNnJld1eHE6MdYJSCQqbvu6_mb5vK62tS_GYGF_uDGYBuU7d86CRm-ghR0-eiigtWB6jxCjFGi-Of3VZvSmNrsT4SdkmKOZVk03Tv5gOOthIjpOERm_ssk60RmK1KzYiWBlUTVk5sjk0XAZmQXB2QCqnsDikOuz5Y4ksbqGkT1jYobI2USxAo_PkhwiSQoZTcssaOdM52XDR-uejCjAOKeDXhtjTiqaRsz_t550HvZx-57FbzBqSj1mywJXYFeJA-w_ppYrDl1M7rV29or67f27LUEz3lKO2XjH-RsK36-trcRpAToo3ERaElpXzsPbFbfn7_KeiynXpz1TvqVMYrp5Zk-RlncGtVc2P59Re0cZUijW-TIo7uY-TQuU3dDm92QO1VlOYcVKm3BD5qoWCjXF5bVDPrYuf6TSEs2zwqgEzjE8QyB9pKng.hPglgJ-D6mYAwa64aLfUngEd7Cjio8hsHE5VxgP-pe4&dib_tag=se&keywords=eco+friendly+home+products&qid=1741331887&sr=8-17,13.99,https://m.media-amazon.com/images/I/915qKdwqjKL._AC_UL320_.jpg,stardrops – the pink stuff – miracle microfibre cloth collection 3 pack,[],0,Low,Likely Product,Not Sustainable
"Bamboo Facial Tissues - 12 Boxes of Eco-Friendly, 3-Ply Hypoallergenic Tissues, 90 Sheets per Box, FSC Certified, Plastic-Free Packaging, Soft & Gentle for Home Use",4.2,380,1K+ bought in past month,https://www.amazon.com/Bamboo-Facial-Tissues-Cloud-Paper/dp/B0B8F2N3ZR/ref=sr_1_18?dib=eyJ2IjoiMSJ9.F8hMRDQGLTNnJld1eHE6MdYJSCQqbvu6_mb5vK62tS_GYGF_uDGYBuU7d86CRm-ghR0-eiigtWB6jxCjFGi-Of3VZvSmNrsT4SdkmKOZVk03Tv5gOOthIjpOERm_ssk60RmK1KzYiWBlUTVk5sjk0XAZmQXB2QCqnsDikOuz5Y4ksbqGkT1jYobI2USxAo_PkhwiSQoZTcssaOdM52XDR-uejCjAOKeDXhtjTiqaRsz_t550HvZx-57FbzBqSj1mywJXYFeJA-w_ppYrDl1M7rV29or67f27LUEz3lKO2XjH-RsK36-trcRpAToo3ERaElpXzsPbFbfn7_KeiynXpz1TvqVMYrp5Zk-RlncGtVc2P59Re0cZUijW-TIo7uY-TQuU3dDm92QO1VlOYcVKm3BD5qoWCjXF5bVDPrYuf6TSEs2zwqgEzjE8QyB9pKng.hPglgJ-D6mYAwa64aLfUngEd7Cjio8hsHE5VxgP-pe4&dib_tag=se&keywords=eco+friendly+home+products&qid=1741331887&sr=8-18,39.99,https://m.media-amazon.com/images/I/81IgJVlQomL._AC_UL320_.jpg,"bamboo facial tissues - 12 boxes of eco-friendly, 3-ply hypoallergenic tissues, 90 sheets per box, fsc certified, plastic-free packaging, soft & gentle for home use","['plastic-free', 'eco-friendly', 'fsc certified', 'bamboo']",8,Strong,Likely Product,Sustainable
"Biodegradable Silk Dental Floss with Refillable Glass Container, Compostable 3-Pack, Natural Silk Spool Eco-Friendly Zero Waste Oral Care, Mint Flavored",4.2,37,50+ bought in past month,https://www.amazon.com/Biodegradable-Refillable-Container-Compostable-Eco-Friendly/dp/B0DDZRY34Y/ref=sr_1_19?dib=eyJ2IjoiMSJ9.F8hMRDQGLTNnJld1eHE6MdYJSCQqbvu6_mb5vK62tS_GYGF_uDGYBuU7d86CRm-ghR0-eiigtWB6jxCjFGi-Of3VZvSmNrsT4SdkmKOZVk03Tv5gOOthIjpOERm_ssk60RmK1KzYiWBlUTVk5sjk0XAZmQXB2QCqnsDikOuz5Y4ksbqGkT1jYobI2USxAo_PkhwiSQoZTcssaOdM52XDR-uejCjAOKeDXhtjTiqaRsz_t550HvZx-57FbzBqSj1mywJXYFeJA-w_ppYrDl1M7rV29or67f27LUEz3lKO2XjH-RsK36-trcRpAToo3ERaElpXzsPbFbfn7_KeiynXpz1TvqVMYrp5Zk-RlncGtVc2P59Re0cZUijW-TIo7uY-TQuU3dDm92QO1VlOYcVKm3BD5qoWCjXF5bVDPrYuf6TSEs2zwqgEzjE8QyB9pKng.hPglgJ-D6mYAwa64aLfUngEd7Cjio8hsHE5VxgP-pe4&dib_tag=se&keywords=eco+friendly+home+products&qid=1741331887&sr=8-19,9.99,https://m.media-amazon.com/images/I/818hNAf0RkL._AC_UL320_.jpg,"biodegradable silk dental floss with refillable glass container, compostable 3-pack, natural silk spool eco-friendly zero waste oral care, mint flavored","['biodegradable', 'compostable', 'zero waste', 'eco-friendly', 'natural']",12,Strong,Likely Product,Sustainable
"Bee's Wrap Reusable Vegan Alternative to Beeswax Food Wraps, Made in the USA, Eco Friendly Food Wraps, Sustainable Organic Cotton Wraps, Assorted 3 Pack (S, M, L), Vegan",4.5,11704,300+ bought in past month,https://www.amazon.com/Bees-Wrap-Eco-Friendly-Sustainable-Alternative/dp/B08TJ31PRT/ref=sr_1_20?dib=eyJ2IjoiMSJ9.F8hMRDQGLTNnJld1eHE6MdYJSCQqbvu6_mb5vK62tS_GYGF_uDGYBuU7d86CRm-ghR0-eiigtWB6jxCjFGi-Of3VZvSmNrsT4SdkmKOZVk03Tv5gOOthIjpOERm_ssk60RmK1KzYiWBlUTVk5sjk0XAZmQXB2QCqnsDikOuz5Y4ksbqGkT1jYobI2USxAo_PkhwiSQoZTcssaOdM52XDR-uejCjAOKeDXhtjTiqaRsz_t550HvZx-57FbzBqSj1mywJXYFeJA-w_ppYrDl1M7rV29or67f27LUEz3lKO2XjH-RsK36-trcRpAToo3ERaElpXzsPbFbfn7_KeiynXpz1TvqVMYrp5Zk-RlncGtVc2P59Re0cZUijW-TIo7uY-TQuU3dDm92QO1VlOYcVKm3BD5qoWCjXF5bVDPrYuf6TSEs2zwqgEzjE8QyB9pKng.hPglgJ-D6mYAwa64aLfUngEd7Cjio8hsHE5VxgP-pe4&dib_tag=se&keywords=eco+friendly+home+products&qid=1741331887&sr=8-20,17.99,https://m.media-amazon.com/images/I/81u0TybCX9L._AC_UL320_.jpg,"bee's wrap reusable vegan alternative to beeswax food wraps, made in the usa, eco friendly food wraps, sustainable organic cotton wraps, assorted 3 pack (s, m, l), vegan","['reusable', 'sustainable', 'eco friendly', 'organic', 'vegan']",10,Strong,Likely Product,Sustainable
Activated Charcoal Odor Absorber 10x3.5oz w Hooks. Nature Fresh Bamboo Charcoal Air Purifying Bag Home Closet Air Freshener Deodorizer Odor Eliminator,4.2,15053,6K+ bought in past month,https://www.amazon.com/Charcoal-Purifying-Activated-Deodorizer-Eliminator/dp/B08DSYZGVB/ref=sr_1_25?dib=eyJ2IjoiMSJ9.F8hMRDQGLTNnJld1eHE6MdYJSCQqbvu6_mb5vK62tS_GYGF_uDGYBuU7d86CRm-ghR0-eiigtWB6jxCjFGi-Of3VZvSmNrsT4SdkmKOZVk03Tv5gOOthIjpOERm_ssk60RmK1KzYiWBlUTVk5sjk0XAZmQXB2QCqnsDikOuz5Y4ksbqGkT1jYobI2USxAo_PkhwiSQoZTcssaOdM52XDR-uejCjAOKeDXhtjTiqaRsz_t550HvZx-57FbzBqSj1mywJXYFeJA-w_ppYrDl1M7rV29or67f27LUEz3lKO2XjH-RsK36-trcRpAToo3ERaElpXzsPbFbfn7_KeiynXpz1TvqVMYrp5Zk-RlncGtVc2P59Re0cZUijW-TIo7uY-TQuU3dDm92QO1VlOYcVKm3BD5qoWCjXF5bVDPrYuf6TSEs2zwqgEzjE8QyB9pKng.hPglgJ-D6mYAwa64aLfUngEd7Cjio8hsHE5VxgP-pe4&dib_tag=se&keywords=eco+friendly+home+products&qid=1741331887&sr=8-25,18.99,https://m.media-amazon.com/images/I/91t-mjagViL._AC_UL320_.jpg,activated charcoal odor absorber 10x3.5oz w hooks. nature fresh bamboo charcoal air purifying bag home closet air freshener deodorizer odor eliminator,['bamboo'],1,Low,Likely Product,Not Sustainable
"Bamboo Cutting Board Set - 3 Piece Reversible Wood Cutting Boards for Kitchen, Meal Prep & Serving, Chopping Meat, Vegetables, Fruit, Cheese, Charcuterie - Assorted Sizes",4.4,57,300+ bought in past month,https://www.amazon.com/Wood-Cutting-Boards-Kitchen-Charcuterie/dp/B0D3MDCWF5/ref=sr_1_26?dib=eyJ2IjoiMSJ9.F8hMRDQGLTNnJld1eHE6MdYJSCQqbvu6_mb5vK62tS_GYGF_uDGYBuU7d86CRm-ghR0-eiigtWB6jxCjFGi-Of3VZvSmNrsT4SdkmKOZVk03Tv5gOOthIjpOERm_ssk60RmK1KzYiWBlUTVk5sjk0XAZmQXB2QCqnsDikOuz5Y4ksbqGkT1jYobI2USxAo_PkhwiSQoZTcssaOdM52XDR-uejCjAOKeDXhtjTiqaRsz_t550HvZx-57FbzBqSj1mywJXYFeJA-w_ppYrDl1M7rV29or67f27LUEz3lKO2XjH-RsK36-trcRpAToo3ERaElpXzsPbFbfn7_KeiynXpz1TvqVMYrp5Zk-RlncGtVc2P59Re0cZUijW-TIo7uY-TQuU3dDm92QO1VlOYcVKm3BD5qoWCjXF5bVDPrYuf6TSEs2zwqgEzjE8QyB9pKng.hPglgJ-D6mYAwa64aLfUngEd7Cjio8hsHE5VxgP-pe4&dib_tag=se&keywords=eco+friendly+home+products&qid=1741331887&sr=8-26,14.99,https://m.media-amazon.com/images/I/810tdtZtq5L._AC_UL320_.jpg,"bamboo cutting board set - 3 piece reversible wood cutting boards for kitchen, meal prep & serving, chopping meat, vegetables, fruit, cheese, charcuterie - assorted sizes",['bamboo'],1,Low,Likely Product,Not Sustainable
"FIXSMITH Microfiber Cleaning Cloth, 50 Pack Cleaning Rags, Cleaning Towels for Housekeeping, Kitchen, Car, Lint-Free, Reusable Shop Towels with 5 Colors (Green/Blue/Yellow/Orange/Pink), 12""X12""",4.5,16208,200+ bought in past month,https://www.amazon.com/FIXSMITH-Microfiber-Cleaning-Housekeeping-Lint-Free/dp/B0CXHX237G/ref=sr_1_27?dib=eyJ2IjoiMSJ9.F8hMRDQGLTNnJld1eHE6MdYJSCQqbvu6_mb5vK62tS_GYGF_uDGYBuU7d86CRm-ghR0-eiigtWB6jxCjFGi-Of3VZvSmNrsT4SdkmKOZVk03Tv5gOOthIjpOERm_ssk60RmK1KzYiWBlUTVk5sjk0XAZmQXB2QCqnsDikOuz5Y4ksbqGkT1jYobI2USxAo_PkhwiSQoZTcssaOdM52XDR-uejCjAOKeDXhtjTiqaRsz_t550HvZx-57FbzBqSj1mywJXYFeJA-w_ppYrDl1M7rV29or67f27LUEz3lKO2XjH-RsK36-trcRpAToo3ERaElpXzsPbFbfn7_KeiynXpz1TvqVMYrp5Zk-RlncGtVc2P59Re0cZUijW-TIo7uY-TQuU3dDm92QO1VlOYcVKm3BD5qoWCjXF5bVDPrYuf6TSEs2zwqgEzjE8QyB9pKng.hPglgJ-D6mYAwa64aLfUngEd7Cjio8hsHE5VxgP-pe4&dib_tag=se&keywords=eco+friendly+home+products&qid=1741331887&sr=8-27,18.99,https://m.media-amazon.com/images/I/91cjiqwssIL._AC_UL320_.jpg,"fixsmith microfiber cleaning cloth, 50 pack cleaning rags, cleaning towels for housekeeping, kitchen, car, lint-free, reusable shop towels with 5 colors (green/blue/yellow/orange/pink), 12""x12""",['reusable'],3,Moderate,Likely Product,Potentially Sustainable
"2025 Upgraded Ultrasonic Repeller & Insect Indoor Repeller,Ultrasonic and Repellent for Roach,Rodent,Mouse,Bugs,Mosquito,Mice,Spider,Ant,3 Mode Switching,6 Packs",4.0,6805,10K+ bought in past month,https://www.amazon.com/Upgraded-Ultrasonic-Repellent-Electronic-Switching/dp/B0C52Z94TC/ref=sr_1_28?dib=eyJ2IjoiMSJ9.F8hMRDQGLTNnJld1eHE6MdYJSCQqbvu6_mb5vK62tS_GYGF_uDGYBuU7d86CRm-ghR0-eiigtWB6jxCjFGi-Of3VZvSmNrsT4SdkmKOZVk03Tv5gOOthIjpOERm_ssk60RmK1KzYiWBlUTVk5sjk0XAZmQXB2QCqnsDikOuz5Y4ksbqGkT1jYobI2USxAo_PkhwiSQoZTcssaOdM52XDR-uejCjAOKeDXhtjTiqaRsz_t550HvZx-57FbzBqSj1mywJXYFeJA-w_ppYrDl1M7rV29or67f27LUEz3lKO2XjH-RsK36-trcRpAToo3ERaElpXzsPbFbfn7_KeiynXpz1TvqVMYrp5Zk-RlncGtVc2P59Re0cZUijW-TIo7uY-TQuU3dDm92QO1VlOYcVKm3BD5qoWCjXF5bVDPrYuf6TSEs2zwqgEzjE8QyB9pKng.hPglgJ-D6mYAwa64aLfUngEd7Cjio8hsHE5VxgP-pe4&dib_tag=se&keywords=eco+friendly+home+products&qid=1741331887&sr=8-28,23.99,https://m.media-amazon.com/images/I/71+awX7qTeL._AC_UL320_.jpg,"2025 upgraded ultrasonic repeller & insect indoor repeller,ultrasonic and repellent for roach,rodent,mouse,bugs,mosquito,mice,spider,ant,3 mode switching,6 packs",[],0,Low,Likely Product,Not Sustainable
100% Certified Home Compostable Dog Poop Bags - 10% to Charity - ASTM D6400 & EN 13432 Compliant - 240 x Plant Based Compostable Poop Bags (16 Rolls),4.8,6465,8K+ bought in past month,https://www.amazon.com/Compostable-Biodegradable-Dog-Poop-Bags/dp/B08GKBWFGZ/ref=sr_1_33?dib=eyJ2IjoiMSJ9.F8hMRDQGLTNnJld1eHE6MdYJSCQqbvu6_mb5vK62tS_GYGF_uDGYBuU7d86CRm-ghR0-eiigtWB6jxCjFGi-Of3VZvSmNrsT4SdkmKOZVk03Tv5gOOthIjpOERm_ssk60RmK1KzYiWBlUTVk5sjk0XAZmQXB2QCqnsDikOuz5Y4ksbqGkT1jYobI2USxAo_PkhwiSQoZTcssaOdM52XDR-uejCjAOKeDXhtjTiqaRsz_t550HvZx-57FbzBqSj1mywJXYFeJA-w_ppYrDl1M7rV29or67f27LUEz3lKO2XjH-RsK36-trcRpAToo3ERaElpXzsPbFbfn7_KeiynXpz1TvqVMYrp5Zk-RlncGtVc2P59Re0cZUijW-TIo7uY-TQuU3dDm92QO1VlOYcVKm3BD5qoWCjXF5bVDPrYuf6TSEs2zwqgEzjE8QyB9pKng.hPglgJ-D6mYAwa64aLfUngEd7Cjio8hsHE5VxgP-pe4&dib_tag=se&keywords=eco+friendly+home+products&qid=1741331887&sr=8-33,23.99,https://m.media-amazon.com/images/I/81tojHkX5TL._AC_UL320_.jpg,100% certified home compostable dog poop bags - 10% to charity - astm d6400 & en 13432 compliant - 240 x plant based compostable poop bags (16 rolls),"['compostable', 'plant based']",5,Moderate,Likely Product,Potentially Sustainable
"Bee’s Wrap Reusable, Eco Friendly Beeswax Food Wraps, Organic Cotton Food Storage, Assorted Pack of 3 (S, M, L) - Sustainable, Durable, Washable",4.7,91,50+ bought in past month,https://www.amazon.com/ClinkinOn-Reusable-Friendly-Sustainable-Containers/dp/B0CW6KK69J/ref=sr_1_34?dib=eyJ2IjoiMSJ9.F8hMRDQGLTNnJld1eHE6MdYJSCQqbvu6_mb5vK62tS_GYGF_uDGYBuU7d86CRm-ghR0-eiigtWB6jxCjFGi-Of3VZvSmNrsT4SdkmKOZVk03Tv5gOOthIjpOERm_ssk60RmK1KzYiWBlUTVk5sjk0XAZmQXB2QCqnsDikOuz5Y4ksbqGkT1jYobI2USxAo_PkhwiSQoZTcssaOdM52XDR-uejCjAOKeDXhtjTiqaRsz_t550HvZx-57FbzBqSj1mywJXYFeJA-w_ppYrDl1M7rV29or67f27LUEz3lKO2XjH-RsK36-trcRpAToo3ERaElpXzsPbFbfn7_KeiynXpz1TvqVMYrp5Zk-RlncGtVc2P59Re0cZUijW-TIo7uY-TQuU3dDm92QO1VlOYcVKm3BD5qoWCjXF5bVDPrYuf6TSEs2zwqgEzjE8QyB9pKng.hPglgJ-D6mYAwa64aLfUngEd7Cjio8hsHE5VxgP-pe4&dib_tag=se&keywords=eco+friendly+home+products&qid=1741331887&sr=8-34,14.99,https://m.media-amazon.com/images/I/71oU9mAEMzL._AC_UL320_.jpg,"bee’s wrap reusable, eco friendly beeswax food wraps, organic cotton food storage, assorted pack of 3 (s, m, l) - sustainable, durable, washable","['reusable', 'sustainable', 'eco friendly', 'organic', 'washable']",10,Strong,Likely Product,Sustainable
"2 Pack Beeswax Bread Bags,Bread Bags for Homemade Bread, Reusable Cotton Beeswax Bread Bag to Keep Fresh,Sourdough Bread Bags",4.6,87,50+ bought in past month,https://www.amazon.com/Beeswax-Bread-Bags-Reusable-Sourdough/dp/B0D7C7SHMH/ref=sr_1_35?dib=eyJ2IjoiMSJ9.F8hMRDQGLTNnJld1eHE6MdYJSCQqbvu6_mb5vK62tS_GYGF_uDGYBuU7d86CRm-ghR0-eiigtWB6jxCjFGi-Of3VZvSmNrsT4SdkmKOZVk03Tv5gOOthIjpOERm_ssk60RmK1KzYiWBlUTVk5sjk0XAZmQXB2QCqnsDikOuz5Y4ksbqGkT1jYobI2USxAo_PkhwiSQoZTcssaOdM52XDR-uejCjAOKeDXhtjTiqaRsz_t550HvZx-57FbzBqSj1mywJXYFeJA-w_ppYrDl1M7rV29or67f27LUEz3lKO2XjH-RsK36-trcRpAToo3ERaElpXzsPbFbfn7_KeiynXpz1TvqVMYrp5Zk-RlncGtVc2P59Re0cZUijW-TIo7uY-TQuU3dDm92QO1VlOYcVKm3BD5qoWCjXF5bVDPrYuf6TSEs2zwqgEzjE8QyB9pKng.hPglgJ-D6mYAwa64aLfUngEd7Cjio8hsHE5VxgP-pe4&dib_tag=se&keywords=eco+friendly+home+products&qid=1741331887&sr=8-35,33.99,https://m.media-amazon.com/images/I/91csNJ1tDhL._AC_UL320_.jpg,"2 pack beeswax bread bags,bread bags for homemade bread, reusable cotton beeswax bread bag to keep fresh,sourdough bread bags",['reusable'],3,Moderate,Likely Product,Potentially Sustainable
Conditioner Bar - Solid Natural Soap for Hair - Vegan Zero Waste Packaging - Chamomile Scent - Eco-Friendly Gift for Women,4.4,131,50+ bought in past month,https://www.amazon.com/Bar-Conditioner-Packaging-friendly-Chamomile/dp/B0968CJLMH/ref=sr_1_36?dib=eyJ2IjoiMSJ9.F8hMRDQGLTNnJld1eHE6MdYJSCQqbvu6_mb5vK62tS_GYGF_uDGYBuU7d86CRm-ghR0-eiigtWB6jxCjFGi-Of3VZvSmNrsT4SdkmKOZVk03Tv5gOOthIjpOERm_ssk60RmK1KzYiWBlUTVk5sjk0XAZmQXB2QCqnsDikOuz5Y4ksbqGkT1jYobI2USxAo_PkhwiSQoZTcssaOdM52XDR-uejCjAOKeDXhtjTiqaRsz_t550HvZx-57FbzBqSj1mywJXYFeJA-w_ppYrDl1M7rV29or67f27LUEz3lKO2XjH-RsK36-trcRpAToo3ERaElpXzsPbFbfn7_KeiynXpz1TvqVMYrp5Zk-RlncGtVc2P59Re0cZUijW-TIo7uY-TQuU3dDm92QO1VlOYcVKm3BD5qoWCjXF5bVDPrYuf6TSEs2zwqgEzjE8QyB9pKng.hPglgJ-D6mYAwa64aLfUngEd7Cjio8hsHE5VxgP-pe4&dib_tag=se&keywords=eco+friendly+home+products&qid=1741331887&sr=8-36,12.99,https://m.media-amazon.com/images/I/51QTqgVHqfL._AC_UL320_.jpg,conditioner bar - solid natural soap for hair - vegan zero waste packaging - chamomile scent - eco-friendly gift for women,"['zero waste', 'eco-friendly', 'natural', 'vegan']",7,Strong,Likely Product,Sustainable
"ANDSTAR Bamboo Placemats Set of 6 Non-Slip - 12x18 Inch Waterproof Table Mats for Dining, Eco-Friendly Reusable Dishwasher Safe Kitchen Decor, Thick Heat Resistant Home Accessories (Brown)",4.3,742,50+ bought in past month,https://www.amazon.com/ANDSTAR-Placemats-Anti-Slip-Heat-Resistant-Kitchen%EF%BC%88Brown%EF%BC%89/dp/B09KGZJN2Z/ref=sr_1_41?dib=eyJ2IjoiMSJ9.F8hMRDQGLTNnJld1eHE6MdYJSCQqbvu6_mb5vK62tS_GYGF_uDGYBuU7d86CRm-ghR0-eiigtWB6jxCjFGi-Of3VZvSmNrsT4SdkmKOZVk03Tv5gOOthIjpOERm_ssk60RmK1KzYiWBlUTVk5sjk0XAZmQXB2QCqnsDikOuz5Y4ksbqGkT1jYobI2USxAo_PkhwiSQoZTcssaOdM52XDR-uejCjAOKeDXhtjTiqaRsz_t550HvZx-57FbzBqSj1mywJXYFeJA-w_ppYrDl1M7rV29or67f27LUEz3lKO2XjH-RsK36-trcRpAToo3ERaElpXzsPbFbfn7_KeiynXpz1TvqVMYrp5Zk-RlncGtVc2P59Re0cZUijW-TIo7uY-TQuU3dDm92QO1VlOYcVKm3BD5qoWCjXF5bVDPrYuf6TSEs2zwqgEzjE8QyB9pKng.hPglgJ-D6mYAwa64aLfUngEd7Cjio8hsHE5VxgP-pe4&dib_tag=se&keywords=eco+friendly+home+products&qid=1741331887&sr=8-41,33.99,https://m.media-amazon.com/images/I/81O2t65Y2hL._AC_UL320_.jpg,"andstar bamboo placemats set of 6 non-slip - 12x18 inch waterproof table mats for dining, eco-friendly reusable dishwasher safe kitchen decor, thick heat resistant home accessories (brown)","['reusable', 'eco-friendly', 'bamboo']",6,Strong,Likely Product,Sustainable
"Bambu Pack of 8 - 7 Inch Disposable Bamboo Plates Square, Biodegradable Eco Friendly Products, Bamboo Disposable Plates for Events, Compostable Plates",4.7,172,50+ bought in past month,https://www.amazon.com/Bambu-Pack-Disposable-Biodegradable-Compostable/dp/B004Y4U9X6/ref=sr_1_42?dib=eyJ2IjoiMSJ9.F8hMRDQGLTNnJld1eHE6MdYJSCQqbvu6_mb5vK62tS_GYGF_uDGYBuU7d86CRm-ghR0-eiigtWB6jxCjFGi-Of3VZvSmNrsT4SdkmKOZVk03Tv5gOOthIjpOERm_ssk60RmK1KzYiWBlUTVk5sjk0XAZmQXB2QCqnsDikOuz5Y4ksbqGkT1jYobI2USxAo_PkhwiSQoZTcssaOdM52XDR-uejCjAOKeDXhtjTiqaRsz_t550HvZx-57FbzBqSj1mywJXYFeJA-w_ppYrDl1M7rV29or67f27LUEz3lKO2XjH-RsK36-trcRpAToo3ERaElpXzsPbFbfn7_KeiynXpz1TvqVMYrp5Zk-RlncGtVc2P59Re0cZUijW-TIo7uY-TQuU3dDm92QO1VlOYcVKm3BD5qoWCjXF5bVDPrYuf6TSEs2zwqgEzjE8QyB9pKng.hPglgJ-D6mYAwa64aLfUngEd7Cjio8hsHE5VxgP-pe4&dib_tag=se&keywords=eco+friendly+home+products&qid=1741331887&sr=8-42,12.99,https://m.media-amazon.com/images/I/8181EJYSDWL._AC_UL320_.jpg,"bambu pack of 8 - 7 inch disposable bamboo plates square, biodegradable eco friendly products, bamboo disposable plates for events, compostable plates","['biodegradable', 'compostable', 'eco friendly', 'bamboo']",9,Strong,Likely Product,Sustainable
"Ultrasonic Pest Control Repeller 6 Packs, Electronic Pest Repellent, Insect Repeller for Bugs, Mouse, Mosquito, Roach, Rodent, Spider, Ant",4.5,99,1K+ bought in past month,https://www.amazon.com/Ultrasonic-Repeller-Electronic-Repellent-Mosquito/dp/B0DMSPHDBQ/ref=sr_1_43?dib=eyJ2IjoiMSJ9.F8hMRDQGLTNnJld1eHE6MdYJSCQqbvu6_mb5vK62tS_GYGF_uDGYBuU7d86CRm-ghR0-eiigtWB6jxCjFGi-Of3VZvSmNrsT4SdkmKOZVk03Tv5gOOthIjpOERm_ssk60RmK1KzYiWBlUTVk5sjk0XAZmQXB2QCqnsDikOuz5Y4ksbqGkT1jYobI2USxAo_PkhwiSQoZTcssaOdM52XDR-uejCjAOKeDXhtjTiqaRsz_t550HvZx-57FbzBqSj1mywJXYFeJA-w_ppYrDl1M7rV29or67f27LUEz3lKO2XjH-RsK36-trcRpAToo3ERaElpXzsPbFbfn7_KeiynXpz1TvqVMYrp5Zk-RlncGtVc2P59Re0cZUijW-TIo7uY-TQuU3dDm92QO1VlOYcVKm3BD5qoWCjXF5bVDPrYuf6TSEs2zwqgEzjE8QyB9pKng.hPglgJ-D6mYAwa64aLfUngEd7Cjio8hsHE5VxgP-pe4&dib_tag=se&keywords=eco+friendly+home+products&qid=1741331887&sr=8-43,19.99,https://m.media-amazon.com/images/I/511+Owpkh9L._AC_UL320_.jpg,"ultrasonic pest control repeller 6 packs, electronic pest repellent, insect repeller for bugs, mouse, mosquito, roach, rodent, spider, ant",[],0,Low,Likely Product,Not Sustainable
Zero Waste Starter Kit | Sustainable Gifts | Bamboo Stainless Steel Thermos | Mesh Bag | Eco-Friendly Gift Set | Reusable & Biodegradable Environmental Home Kitchen Products | Low Waste Packaging,5.0,5,50+ bought in past month,https://www.amazon.com/Sustainable-Friendly-Biodegradable-Environmental-Packaging/dp/B0BZ2DGCHT/ref=sr_1_44?dib=eyJ2IjoiMSJ9.F8hMRDQGLTNnJld1eHE6MdYJSCQqbvu6_mb5vK62tS_GYGF_uDGYBuU7d86CRm-ghR0-eiigtWB6jxCjFGi-Of3VZvSmNrsT4SdkmKOZVk03Tv5gOOthIjpOERm_ssk60RmK1KzYiWBlUTVk5sjk0XAZmQXB2QCqnsDikOuz5Y4ksbqGkT1jYobI2USxAo_PkhwiSQoZTcssaOdM52XDR-uejCjAOKeDXhtjTiqaRsz_t550HvZx-57FbzBqSj1mywJXYFeJA-w_ppYrDl1M7rV29or67f27LUEz3lKO2XjH-RsK36-trcRpAToo3ERaElpXzsPbFbfn7_KeiynXpz1TvqVMYrp5Zk-RlncGtVc2P59Re0cZUijW-TIo7uY-TQuU3dDm92QO1VlOYcVKm3BD5qoWCjXF5bVDPrYuf6TSEs2zwqgEzjE8QyB9pKng.hPglgJ-D6mYAwa64aLfUngEd7Cjio8hsHE5VxgP-pe4&dib_tag=se&keywords=eco+friendly+home+products&qid=1741331887&sr=8-44,38.98,https://m.media-amazon.com/images/I/71LyX9yVt0L._AC_UL320_.jpg,zero waste starter kit | sustainable gifts | bamboo stainless steel thermos | mesh bag | eco-friendly gift set | reusable & biodegradable environmental home kitchen products | low waste packaging,"['biodegradable', 'zero waste', 'reusable', 'sustainable', 'eco-friendly', 'bamboo']",14,Strong,Likely Product,Sustainable
"Biodegradable Home Line Trash Bag | Can Liner | 13 GALLONS Tall Kitchen Trash Bag | Eco Friendly | 100% Made from Recycled Product | Super Strong, No Spills | 90 Count.",4.4,4,50+ bought in past month,https://www.amazon.com/Vitabag-Biodegradable-Friendly-Recycled-Resistant/dp/B0CLYVSCR1/ref=sr_1_45?dib=eyJ2IjoiMSJ9.F8hMRDQGLTNnJld1eHE6MdYJSCQqbvu6_mb5vK62tS_GYGF_uDGYBuU7d86CRm-ghR0-eiigtWB6jxCjFGi-Of3VZvSmNrsT4SdkmKOZVk03Tv5gOOthIjpOERm_ssk60RmK1KzYiWBlUTVk5sjk0XAZmQXB2QCqnsDikOuz5Y4ksbqGkT1jYobI2USxAo_PkhwiSQoZTcssaOdM52XDR-uejCjAOKeDXhtjTiqaRsz_t550HvZx-57FbzBqSj1mywJXYFeJA-w_ppYrDl1M7rV29or67f27LUEz3lKO2XjH-RsK36-trcRpAToo3ERaElpXzsPbFbfn7_KeiynXpz1TvqVMYrp5Zk-RlncGtVc2P59Re0cZUijW-TIo7uY-TQuU3dDm92QO1VlOYcVKm3BD5qoWCjXF5bVDPrYuf6TSEs2zwqgEzjE8QyB9pKng.hPglgJ-D6mYAwa64aLfUngEd7Cjio8hsHE5VxgP-pe4&dib_tag=se&keywords=eco+friendly+home+products&qid=1741331887&sr=8-45,24.99,https://m.media-amazon.com/images/I/61FPfGajEjL._AC_UL320_.jpg,"biodegradable home line trash bag | can liner | 13 gallons tall kitchen trash bag | eco friendly | 100% made from recycled product | super strong, no spills | 90 count.","['biodegradable', 'eco friendly']",5,Moderate,Likely Product,Potentially Sustainable
"Bambu Pack of 24 - Disposable Bamboo Straws, Biodegradable Eco Friendly Products, Single Use Bamboo Straws, Wilt Free and Strong Compostable Straws, 24 Bamboo Straws Disposable",4.5,10,50+ bought in past month,https://www.amazon.com/Disposable-Bamboo-Straws-Box-24/dp/B0CLDQWV1K/ref=sr_1_46?dib=eyJ2IjoiMSJ9.F8hMRDQGLTNnJld1eHE6MdYJSCQqbvu6_mb5vK62tS_GYGF_uDGYBuU7d86CRm-ghR0-eiigtWB6jxCjFGi-Of3VZvSmNrsT4SdkmKOZVk03Tv5gOOthIjpOERm_ssk60RmK1KzYiWBlUTVk5sjk0XAZmQXB2QCqnsDikOuz5Y4ksbqGkT1jYobI2USxAo_PkhwiSQoZTcssaOdM52XDR-uejCjAOKeDXhtjTiqaRsz_t550HvZx-57FbzBqSj1mywJXYFeJA-w_ppYrDl1M7rV29or67f27LUEz3lKO2XjH-RsK36-trcRpAToo3ERaElpXzsPbFbfn7_KeiynXpz1TvqVMYrp5Zk-RlncGtVc2P59Re0cZUijW-TIo7uY-TQuU3dDm92QO1VlOYcVKm3BD5qoWCjXF5bVDPrYuf6TSEs2zwqgEzjE8QyB9pKng.hPglgJ-D6mYAwa64aLfUngEd7Cjio8hsHE5VxgP-pe4&dib_tag=se&keywords=eco+friendly+home+products&qid=1741331887&sr=8-46,13.49,https://m.media-amazon.com/images/I/71XiHDKPtfL._AC_UL320_.jpg,"bambu pack of 24 - disposable bamboo straws, biodegradable eco friendly products, single use bamboo straws, wilt free and strong compostable straws, 24 bamboo straws disposable","['biodegradable', 'compostable', 'eco friendly', 'bamboo']",9,Strong,Likely Product,Sustainable
"6 Pack 36” x 36” Extra Heavy Absorbency Washable Underpads, Waterproof Quick Drying Nursing Pads Incontinence Bed Pads, Reusable Washable Pee Pads for Dogs, Diaper Changing & Adults",4.7,1169,1K+ bought in past month,https://www.amazon.com/Absorbency-Washable-Underpads-Waterproof-Incontinence/dp/B0DBM4P3LJ/ref=sr_1_47?dib=eyJ2IjoiMSJ9.F8hMRDQGLTNnJld1eHE6MdYJSCQqbvu6_mb5vK62tS_GYGF_uDGYBuU7d86CRm-ghR0-eiigtWB6jxCjFGi-Of3VZvSmNrsT4SdkmKOZVk03Tv5gOOthIjpOERm_ssk60RmK1KzYiWBlUTVk5sjk0XAZmQXB2QCqnsDikOuz5Y4ksbqGkT1jYobI2USxAo_PkhwiSQoZTcssaOdM52XDR-uejCjAOKeDXhtjTiqaRsz_t550HvZx-57FbzBqSj1mywJXYFeJA-w_ppYrDl1M7rV29or67f27LUEz3lKO2XjH-RsK36-trcRpAToo3ERaElpXzsPbFbfn7_KeiynXpz1TvqVMYrp5Zk-RlncGtVc2P59Re0cZUijW-TIo7uY-TQuU3dDm92QO1VlOYcVKm3BD5qoWCjXF5bVDPrYuf6TSEs2zwqgEzjE8QyB9pKng.hPglgJ-D6mYAwa64aLfUngEd7Cjio8hsHE5VxgP-pe4&dib_tag=se&keywords=eco+friendly+home+products&qid=1741331887&sr=8-47,37.99,https://m.media-amazon.com/images/I/81QxU3QwG6L._AC_UL320_.jpg,"6 pack 36” x 36” extra heavy absorbency washable underpads, waterproof quick drying nursing pads incontinence bed pads, reusable washable pee pads for dogs, diaper changing & adults","['reusable', 'washable']",4,Moderate,Likely Product,Potentially Sustainable
"Reed Diffusers for Home - Greenwhite Ornaments - 100% Natural Materials - Long-Lasting Fragrance - Relaxing Atmosphere, Easy-to-Use & Eco-Friendly, Reusable Glass Bottle Flourish Tea Aroma",4.4,172,50+ bought in past month,https://www.amazon.com/Lavault-Reed-Diffusers-Home-Easy/dp/B0C8Z62T9Q/ref=sr_1_48?dib=eyJ2IjoiMSJ9.F8hMRDQGLTNnJld1eHE6MdYJSCQqbvu6_mb5vK62tS_GYGF_uDGYBuU7d86CRm-ghR0-eiigtWB6jxCjFGi-Of3VZvSmNrsT4SdkmKOZVk03Tv5gOOthIjpOERm_ssk60RmK1KzYiWBlUTVk5sjk0XAZmQXB2QCqnsDikOuz5Y4ksbqGkT1jYobI2USxAo_PkhwiSQoZTcssaOdM52XDR-uejCjAOKeDXhtjTiqaRsz_t550HvZx-57FbzBqSj1mywJXYFeJA-w_ppYrDl1M7rV29or67f27LUEz3lKO2XjH-RsK36-trcRpAToo3ERaElpXzsPbFbfn7_KeiynXpz1TvqVMYrp5Zk-RlncGtVc2P59Re0cZUijW-TIo7uY-TQuU3dDm92QO1VlOYcVKm3BD5qoWCjXF5bVDPrYuf6TSEs2zwqgEzjE8QyB9pKng.hPglgJ-D6mYAwa64aLfUngEd7Cjio8hsHE5VxgP-pe4&dib_tag=se&keywords=eco+friendly+home+products&qid=1741331887&sr=8-48,11.99,https://m.media-amazon.com/images/I/81QXqkgScuL._AC_UL320_.jpg,"reed diffusers for home - greenwhite ornaments - 100% natural materials - long-lasting fragrance - relaxing atmosphere, easy-to-use & eco-friendly, reusable glass bottle flourish tea aroma","['reusable', 'eco-friendly', 'natural']",6,Strong,Likely Product,Sustainable
"UNNI Compostable T-Shirt Bags with Handle-Tie, 3 Gallon, 11.35 Liter, 200 Count, 0.68 Mil, Small Kitchen Food Scrap Waste Bags, ASTM D6400, US BPI, CMA and OK compost HOME Certified, San Francisco",4.6,1645,50+ bought in past month,https://www.amazon.com/UNNI-Compostable-Handles-Certified-Francisco/dp/B0CSV4YMXF/ref=sr_1_49?dib=eyJ2IjoiMSJ9.F8hMRDQGLTNnJld1eHE6MdYJSCQqbvu6_mb5vK62tS_GYGF_uDGYBuU7d86CRm-ghR0-eiigtWB6jxCjFGi-Of3VZvSmNrsT4SdkmKOZVk03Tv5gOOthIjpOERm_ssk60RmK1KzYiWBlUTVk5sjk0XAZmQXB2QCqnsDikOuz5Y4ksbqGkT1jYobI2USxAo_PkhwiSQoZTcssaOdM52XDR-uejCjAOKeDXhtjTiqaRsz_t550HvZx-57FbzBqSj1mywJXYFeJA-w_ppYrDl1M7rV29or67f27LUEz3lKO2XjH-RsK36-trcRpAToo3ERaElpXzsPbFbfn7_KeiynXpz1TvqVMYrp5Zk-RlncGtVc2P59Re0cZUijW-TIo7uY-TQuU3dDm92QO1VlOYcVKm3BD5qoWCjXF5bVDPrYuf6TSEs2zwqgEzjE8QyB9pKng.hPglgJ-D6mYAwa64aLfUngEd7Cjio8hsHE5VxgP-pe4&dib_tag=se&keywords=eco+friendly+home+products&qid=1741331887&sr=8-49,27.95,https://m.media-amazon.com/images/I/61oJowaW6ZL._AC_UL320_.jpg,"unni compostable t-shirt bags with handle-tie, 3 gallon, 11.35 liter, 200 count, 0.68 mil, small kitchen food scrap waste bags, astm d6400, us bpi, cma and ok compost home certified, san francisco",['compostable'],3,Moderate,Likely Product,Potentially Sustainable
"Clean Home Kit,Multi-Surface Cleaner, Starter Set, Reusable Bottles with 24 Foaming Hand Soap Refill Tablets, All-Purpose, Eco-Friendly Cleaning Supplies, 24 x 8 Fl oz",5.0,1,50+ bought in past month,https://www.amazon.com/Multi-Surface-Reusable-All-Purpose-Eco-Friendly-Cleaning/dp/B0DHZS9XW8/ref=sr_1_50?dib=eyJ2IjoiMSJ9.F8hMRDQGLTNnJld1eHE6MdYJSCQqbvu6_mb5vK62tS_GYGF_uDGYBuU7d86CRm-ghR0-eiigtWB6jxCjFGi-Of3VZvSmNrsT4SdkmKOZVk03Tv5gOOthIjpOERm_ssk60RmK1KzYiWBlUTVk5sjk0XAZmQXB2QCqnsDikOuz5Y4ksbqGkT1jYobI2USxAo_PkhwiSQoZTcssaOdM52XDR-uejCjAOKeDXhtjTiqaRsz_t550HvZx-57FbzBqSj1mywJXYFeJA-w_ppYrDl1M7rV29or67f27LUEz3lKO2XjH-RsK36-trcRpAToo3ERaElpXzsPbFbfn7_KeiynXpz1TvqVMYrp5Zk-RlncGtVc2P59Re0cZUijW-TIo7uY-TQuU3dDm92QO1VlOYcVKm3BD5qoWCjXF5bVDPrYuf6TSEs2zwqgEzjE8QyB9pKng.hPglgJ-D6mYAwa64aLfUngEd7Cjio8hsHE5VxgP-pe4&dib_tag=se&keywords=eco+friendly+home+products&qid=1741331887&sr=8-50,18.99,https://m.media-amazon.com/images/I/81A8qopWmyL._AC_UL320_.jpg,"clean home kit,multi-surface cleaner, starter set, reusable bottles with 24 foaming hand soap refill tablets, all-purpose, eco-friendly cleaning supplies, 24 x 8 fl oz","['reusable', 'eco-friendly']",5,Moderate,Likely Product,Potentially Sustainable
"2025 Upgraded Version Ultrasonic Pest & Insect Repeller, Ultrasonic Repellent for Roach, Rodent, Mouse, Bugs, Mosquito, Mice, Spider, Ant,Electronic Plug in Pest Control,2 Mode Switching,6 Packs",4.2,658,5K+ bought in past month,https://www.amazon.com/Upgraded-Ultrasonic-Repellent-Electronic-Switching/dp/B0D1K3NXHH/ref=sr_1_51?dib=eyJ2IjoiMSJ9.F8hMRDQGLTNnJld1eHE6MdYJSCQqbvu6_mb5vK62tS_GYGF_uDGYBuU7d86CRm-ghR0-eiigtWB6jxCjFGi-Of3VZvSmNrsT4SdkmKOZVk03Tv5gOOthIjpOERm_ssk60RmK1KzYiWBlUTVk5sjk0XAZmQXB2QCqnsDikOuz5Y4ksbqGkT1jYobI2USxAo_PkhwiSQoZTcssaOdM52XDR-uejCjAOKeDXhtjTiqaRsz_t550HvZx-57FbzBqSj1mywJXYFeJA-w_ppYrDl1M7rV29or67f27LUEz3lKO2XjH-RsK36-trcRpAToo3ERaElpXzsPbFbfn7_KeiynXpz1TvqVMYrp5Zk-RlncGtVc2P59Re0cZUijW-TIo7uY-TQuU3dDm92QO1VlOYcVKm3BD5qoWCjXF5bVDPrYuf6TSEs2zwqgEzjE8QyB9pKng.hPglgJ-D6mYAwa64aLfUngEd7Cjio8hsHE5VxgP-pe4&dib_tag=se&keywords=eco+friendly+home+products&qid=1741331887&sr=8-51,29.99,https://m.media-amazon.com/images/I/71OpPbesGFL._AC_UL320_.jpg,"2025 upgraded version ultrasonic pest & insect repeller, ultrasonic repellent for roach, rodent, mouse, bugs, mosquito, mice, spider, ant,electronic plug in pest control,2 mode switching,6 packs",[],0,Low,Likely Product,Not Sustainable
"Yoga Mat Non Slip, Pilates Fitness Mats, Eco Friendly, Anti-Tear 1/4"" Thick Yoga Mats for Women, Exercise Mats for Home Workout with Carrying Sling and Storage Bag",4.5,4578,100+ bought in past month,https://www.amazon.com/Pilates-Friendly-Anti-Tear-Exercise-Carrying/dp/B0BQ9NBZ4G/ref=sr_1_52?dib=eyJ2IjoiMSJ9.F8hMRDQGLTNnJld1eHE6MdYJSCQqbvu6_mb5vK62tS_GYGF_uDGYBuU7d86CRm-ghR0-eiigtWB6jxCjFGi-Of3VZvSmNrsT4SdkmKOZVk03Tv5gOOthIjpOERm_ssk60RmK1KzYiWBlUTVk5sjk0XAZmQXB2QCqnsDikOuz5Y4ksbqGkT1jYobI2USxAo_PkhwiSQoZTcssaOdM52XDR-uejCjAOKeDXhtjTiqaRsz_t550HvZx-57FbzBqSj1mywJXYFeJA-w_ppYrDl1M7rV29or67f27LUEz3lKO2XjH-RsK36-trcRpAToo3ERaElpXzsPbFbfn7_KeiynXpz1TvqVMYrp5Zk-RlncGtVc2P59Re0cZUijW-TIo7uY-TQuU3dDm92QO1VlOYcVKm3BD5qoWCjXF5bVDPrYuf6TSEs2zwqgEzjE8QyB9pKng.hPglgJ-D6mYAwa64aLfUngEd7Cjio8hsHE5VxgP-pe4&dib_tag=se&keywords=eco+friendly+home+products&qid=1741331887&sr=8-52,26.99,https://m.media-amazon.com/images/I/51Xa0AFpduL._AC_UL320_.jpg,"yoga mat non slip, pilates fitness mats, eco friendly, anti-tear 1/4"" thick yoga mats for women, exercise mats for home workout with carrying sling and storage bag",['eco friendly'],2,Low,Likely Product,Not Sustainable
"Inspired Living Foldable Stone Bath Mat - Super Absorbent, Fast-Drying, Non-Slip Diatomaceous Earth Mat, Eco-Friendly & Multifunctional Stone Mat for Bathroom, Kitchen Counter, Large, Grey",5.0,6,50+ bought in past month,https://www.amazon.com/Inspired-Living-Foldable-Stone-Bath/dp/B0DT4X9TGC/ref=sr_1_53?dib=eyJ2IjoiMSJ9.F8hMRDQGLTNnJld1eHE6MdYJSCQqbvu6_mb5vK62tS_GYGF_uDGYBuU7d86CRm-ghR0-eiigtWB6jxCjFGi-Of3VZvSmNrsT4SdkmKOZVk03Tv5gOOthIjpOERm_ssk60RmK1KzYiWBlUTVk5sjk0XAZmQXB2QCqnsDikOuz5Y4ksbqGkT1jYobI2USxAo_PkhwiSQoZTcssaOdM52XDR-uejCjAOKeDXhtjTiqaRsz_t550HvZx-57FbzBqSj1mywJXYFeJA-w_ppYrDl1M7rV29or67f27LUEz3lKO2XjH-RsK36-trcRpAToo3ERaElpXzsPbFbfn7_KeiynXpz1TvqVMYrp5Zk-RlncGtVc2P59Re0cZUijW-TIo7uY-TQuU3dDm92QO1VlOYcVKm3BD5qoWCjXF5bVDPrYuf6TSEs2zwqgEzjE8QyB9pKng.hPglgJ-D6mYAwa64aLfUngEd7Cjio8hsHE5VxgP-pe4&dib_tag=se&keywords=eco+friendly+home+products&qid=1741331887&sr=8-53,39.99,https://m.media-amazon.com/images/I/713mUEabHAL._AC_UL320_.jpg,"inspired living foldable stone bath mat - super absorbent, fast-drying, non-slip diatomaceous earth mat, eco-friendly & multifunctional stone mat for bathroom, kitchen counter, large, grey",['eco-friendly'],2,Low,Likely Product,Not Sustainable
"Natural Peppermint Mice Repellent - Effective Mouse Deterrent for Home, Car, Garage, and Garden - Safe, Eco-Friendly, Long-Lasting Protection,40 Pack",3.4,46,50+ bought in past month,https://www.amazon.com/Natural-Peppermint-Mice-Repellent-Eco-Friendly/dp/B0DMN3Z363/ref=sr_1_54?dib=eyJ2IjoiMSJ9.F8hMRDQGLTNnJld1eHE6MdYJSCQqbvu6_mb5vK62tS_GYGF_uDGYBuU7d86CRm-ghR0-eiigtWB6jxCjFGi-Of3VZvSmNrsT4SdkmKOZVk03Tv5gOOthIjpOERm_ssk60RmK1KzYiWBlUTVk5sjk0XAZmQXB2QCqnsDikOuz5Y4ksbqGkT1jYobI2USxAo_PkhwiSQoZTcssaOdM52XDR-uejCjAOKeDXhtjTiqaRsz_t550HvZx-57FbzBqSj1mywJXYFeJA-w_ppYrDl1M7rV29or67f27LUEz3lKO2XjH-RsK36-trcRpAToo3ERaElpXzsPbFbfn7_KeiynXpz1TvqVMYrp5Zk-RlncGtVc2P59Re0cZUijW-TIo7uY-TQuU3dDm92QO1VlOYcVKm3BD5qoWCjXF5bVDPrYuf6TSEs2zwqgEzjE8QyB9pKng.hPglgJ-D6mYAwa64aLfUngEd7Cjio8hsHE5VxgP-pe4&dib_tag=se&keywords=eco+friendly+home+products&qid=1741331887&sr=8-54,42.99,https://m.media-amazon.com/images/I/81QdPsvHXkL._AC_UL320_.jpg,"natural peppermint mice repellent - effective mouse deterrent for home, car, garage, and garden - safe, eco-friendly, long-lasting protection,40 pack","['eco-friendly', 'natural']",3,Moderate,Likely Product,Potentially Sustainable
"Wax Strips for Hair Removal, 60 Counts - 40 Body Strips, 20 Facial Strips for Face, Arms, Legs, Underarms",4.5,157,4K+ bought in past month,https://www.amazon.com/GleeBee-Strips-Hair-Removal-Counts/dp/B0DPHPFXPC/ref=sr_1_55?dib=eyJ2IjoiMSJ9.F8hMRDQGLTNnJld1eHE6MdYJSCQqbvu6_mb5vK62tS_GYGF_uDGYBuU7d86CRm-ghR0-eiigtWB6jxCjFGi-Of3VZvSmNrsT4SdkmKOZVk03Tv5gOOthIjpOERm_ssk60RmK1KzYiWBlUTVk5sjk0XAZmQXB2QCqnsDikOuz5Y4ksbqGkT1jYobI2USxAo_PkhwiSQoZTcssaOdM52XDR-uejCjAOKeDXhtjTiqaRsz_t550HvZx-57FbzBqSj1mywJXYFeJA-w_ppYrDl1M7rV29or67f27LUEz3lKO2XjH-RsK36-trcRpAToo3ERaElpXzsPbFbfn7_KeiynXpz1TvqVMYrp5Zk-RlncGtVc2P59Re0cZUijW-TIo7uY-TQuU3dDm92QO1VlOYcVKm3BD5qoWCjXF5bVDPrYuf6TSEs2zwqgEzjE8QyB9pKng.hPglgJ-D6mYAwa64aLfUngEd7Cjio8hsHE5VxgP-pe4&dib_tag=se&keywords=eco+friendly+home+products&qid=1741331887&sr=8-55,17.99,https://m.media-amazon.com/images/I/71LuYljbHRL._AC_UL320_.jpg,"wax strips for hair removal, 60 counts - 40 body strips, 20 facial strips for face, arms, legs, underarms",[],0,Low,Likely Product,Not Sustainable
"Mouse Trap，Mouse Traps Indoor for Home- High Sensitivity & Reusable, Quick and Effective Pest Control for Mice, Squirrels, Chipmunks - Easy to Clean, Eco-Friendly",4.8,8,50+ bought in past month,https://www.amazon.com/Trap%EF%BC%8CMouse-Sensitivity-Effective-Squirrels-Chipmunks/dp/B0DN8NJYQW/ref=sr_1_56?dib=eyJ2IjoiMSJ9.F8hMRDQGLTNnJld1eHE6MdYJSCQqbvu6_mb5vK62tS_GYGF_uDGYBuU7d86CRm-ghR0-eiigtWB6jxCjFGi-Of3VZvSmNrsT4SdkmKOZVk03Tv5gOOthIjpOERm_ssk60RmK1KzYiWBlUTVk5sjk0XAZmQXB2QCqnsDikOuz5Y4ksbqGkT1jYobI2USxAo_PkhwiSQoZTcssaOdM52XDR-uejCjAOKeDXhtjTiqaRsz_t550HvZx-57FbzBqSj1mywJXYFeJA-w_ppYrDl1M7rV29or67f27LUEz3lKO2XjH-RsK36-trcRpAToo3ERaElpXzsPbFbfn7_KeiynXpz1TvqVMYrp5Zk-RlncGtVc2P59Re0cZUijW-TIo7uY-TQuU3dDm92QO1VlOYcVKm3BD5qoWCjXF5bVDPrYuf6TSEs2zwqgEzjE8QyB9pKng.hPglgJ-D6mYAwa64aLfUngEd7Cjio8hsHE5VxgP-pe4&dib_tag=se&keywords=eco+friendly+home+products&qid=1741331887&sr=8-56,9.99,https://m.media-amazon.com/images/I/71QKueaOL2L._AC_UL320_.jpg,"mouse trap，mouse traps indoor for home- high sensitivity & reusable, quick and effective pest control for mice, squirrels, chipmunks - easy to clean, eco-friendly","['reusable', 'eco-friendly']",5,Moderate,Likely Product,Potentially Sustainable
"Essential Oil Diffusers Aromatherapy Diffuser: Vyaime Salt Lamp Diffuser for Home Bedroom Office, Pink Crystal Himalayan Cute Lotus Auto Shut-Off 7 Colors LED Night Light - VY0110",5.0,9,50+ bought in past month,https://www.amazon.com/Essential-Oil-Diffusers-Aromatherapy-Diffuser/dp/B0DSPQP1DJ/ref=sr_1_57?dib=eyJ2IjoiMSJ9.F8hMRDQGLTNnJld1eHE6MdYJSCQqbvu6_mb5vK62tS_GYGF_uDGYBuU7d86CRm-ghR0-eiigtWB6jxCjFGi-Of3VZvSmNrsT4SdkmKOZVk03Tv5gOOthIjpOERm_ssk60RmK1KzYiWBlUTVk5sjk0XAZmQXB2QCqnsDikOuz5Y4ksbqGkT1jYobI2USxAo_PkhwiSQoZTcssaOdM52XDR-uejCjAOKeDXhtjTiqaRsz_t550HvZx-57FbzBqSj1mywJXYFeJA-w_ppYrDl1M7rV29or67f27LUEz3lKO2XjH-RsK36-trcRpAToo3ERaElpXzsPbFbfn7_KeiynXpz1TvqVMYrp5Zk-RlncGtVc2P59Re0cZUijW-TIo7uY-TQuU3dDm92QO1VlOYcVKm3BD5qoWCjXF5bVDPrYuf6TSEs2zwqgEzjE8QyB9pKng.hPglgJ-D6mYAwa64aLfUngEd7Cjio8hsHE5VxgP-pe4&dib_tag=se&keywords=eco+friendly+home+products&qid=1741331887&sr=8-57,22.99,https://m.media-amazon.com/images/I/81vbvNMh+QL._AC_UL320_.jpg,"essential oil diffusers aromatherapy diffuser: vyaime salt lamp diffuser for home bedroom office, pink crystal himalayan cute lotus auto shut-off 7 colors led night light - vy0110",[],0,Low,Likely Product,Not Sustainable
"Nanoskin MAGIC HAND SOAP Advanced Natural Walnut Shell Hand Cleaner 400ml, Pack of 2 | Eco-Friendly, Non-Toxic, Moisturizing Formula for Tough Dirt & Grease Removal | Ideal for Home & Industrial Use",4.7,61,200+ bought in past month,https://www.amazon.com/Nanoskin-Eco-Friendly-Non-Toxic-Moisturizing-Industrial/dp/B0CR1ZRRQK/ref=sr_1_58?dib=eyJ2IjoiMSJ9.F8hMRDQGLTNnJld1eHE6MdYJSCQqbvu6_mb5vK62tS_GYGF_uDGYBuU7d86CRm-ghR0-eiigtWB6jxCjFGi-Of3VZvSmNrsT4SdkmKOZVk03Tv5gOOthIjpOERm_ssk60RmK1KzYiWBlUTVk5sjk0XAZmQXB2QCqnsDikOuz5Y4ksbqGkT1jYobI2USxAo_PkhwiSQoZTcssaOdM52XDR-uejCjAOKeDXhtjTiqaRsz_t550HvZx-57FbzBqSj1mywJXYFeJA-w_ppYrDl1M7rV29or67f27LUEz3lKO2XjH-RsK36-trcRpAToo3ERaElpXzsPbFbfn7_KeiynXpz1TvqVMYrp5Zk-RlncGtVc2P59Re0cZUijW-TIo7uY-TQuU3dDm92QO1VlOYcVKm3BD5qoWCjXF5bVDPrYuf6TSEs2zwqgEzjE8QyB9pKng.hPglgJ-D6mYAwa64aLfUngEd7Cjio8hsHE5VxgP-pe4&dib_tag=se&keywords=eco+friendly+home+products&qid=1741331887&sr=8-58,22.99,https://m.media-amazon.com/images/I/61j6g2f35mL._AC_UL320_.jpg,"nanoskin magic hand soap advanced natural walnut shell hand cleaner 400ml, pack of 2 | eco-friendly, non-toxic, moisturizing formula for tough dirt & grease removal | ideal for home & industrial use","['eco-friendly', 'natural']",3,Moderate,Likely Product,Potentially Sustainable
African Net Loofah Sponge - 2 Pieces Black Owned Authentic Body Sponges - Exfoliating Wash Cloths for Showering Yellow & Forest - Back Scrubber Exfoliator Shower Sponge for Body Bath Accessories,4.5,306,200+ bought in past month,https://www.amazon.com/African-Net-Loofah-Sponge-Exfoliating/dp/B0DP6JG7YD/ref=sr_1_59?dib=eyJ2IjoiMSJ9.F8hMRDQGLTNnJld1eHE6MdYJSCQqbvu6_mb5vK62tS_GYGF_uDGYBuU7d86CRm-ghR0-eiigtWB6jxCjFGi-Of3VZvSmNrsT4SdkmKOZVk03Tv5gOOthIjpOERm_ssk60RmK1KzYiWBlUTVk5sjk0XAZmQXB2QCqnsDikOuz5Y4ksbqGkT1jYobI2USxAo_PkhwiSQoZTcssaOdM52XDR-uejCjAOKeDXhtjTiqaRsz_t550HvZx-57FbzBqSj1mywJXYFeJA-w_ppYrDl1M7rV29or67f27LUEz3lKO2XjH-RsK36-trcRpAToo3ERaElpXzsPbFbfn7_KeiynXpz1TvqVMYrp5Zk-RlncGtVc2P59Re0cZUijW-TIo7uY-TQuU3dDm92QO1VlOYcVKm3BD5qoWCjXF5bVDPrYuf6TSEs2zwqgEzjE8QyB9pKng.hPglgJ-D6mYAwa64aLfUngEd7Cjio8hsHE5VxgP-pe4&dib_tag=se&keywords=eco+friendly+home+products&qid=1741331887&sr=8-59,12.99,https://m.media-amazon.com/images/I/814+E0mJ6hL._AC_UL320_.jpg,african net loofah sponge - 2 pieces black owned authentic body sponges - exfoliating wash cloths for showering yellow & forest - back scrubber exfoliator shower sponge for body bath accessories,[],0,Low,Likely Product,Not Sustainable
"Compressed Air Duster: 100000RPM Electric Air Duster with LED Light Mini Air Blower Rechargeable Cordless Keyboard Cleaning Jet Dry Blower - Car, PC and Home Cleaning Kit Replaces Compressed Air Can",5.0,152,1K+ bought in past month,https://www.amazon.com/Compressed-Air-Duster-100000RPM-Rechargeable/dp/B0DSPJZ3KT/ref=sr_1_60?dib=eyJ2IjoiMSJ9.F8hMRDQGLTNnJld1eHE6MdYJSCQqbvu6_mb5vK62tS_GYGF_uDGYBuU7d86CRm-ghR0-eiigtWB6jxCjFGi-Of3VZvSmNrsT4SdkmKOZVk03Tv5gOOthIjpOERm_ssk60RmK1KzYiWBlUTVk5sjk0XAZmQXB2QCqnsDikOuz5Y4ksbqGkT1jYobI2USxAo_PkhwiSQoZTcssaOdM52XDR-uejCjAOKeDXhtjTiqaRsz_t550HvZx-57FbzBqSj1mywJXYFeJA-w_ppYrDl1M7rV29or67f27LUEz3lKO2XjH-RsK36-trcRpAToo3ERaElpXzsPbFbfn7_KeiynXpz1TvqVMYrp5Zk-RlncGtVc2P59Re0cZUijW-TIo7uY-TQuU3dDm92QO1VlOYcVKm3BD5qoWCjXF5bVDPrYuf6TSEs2zwqgEzjE8QyB9pKng.hPglgJ-D6mYAwa64aLfUngEd7Cjio8hsHE5VxgP-pe4&dib_tag=se&keywords=eco+friendly+home+products&qid=1741331887&sr=8-60,30.99,https://m.media-amazon.com/images/I/713NncgUTRL._AC_UL320_.jpg,"compressed air duster: 100000rpm electric air duster with led light mini air blower rechargeable cordless keyboard cleaning jet dry blower - car, pc and home cleaning kit replaces compressed air can",[],0,Low,Likely Product,Not Sustainable
Reusable Paper Towels Washable Roll - Thick 12-pc Two Layered Ultra Absorbent Paperless Certified Organic Cotton Towels - Large Cloth Kitchen Paper Towel with Hanging Loop,4.6,205,100+ bought in past month,https://www.amazon.com/EcoPledge-Reusable-Paper-Towels-Washable/dp/B0CLHYGVPX/ref=sr_1_1?dib=eyJ2IjoiMSJ9.YXL5KpBrVCzCHJVGcOOsv6K3jfXAW0HTpHmKGvPjmisq_bj2LwcOSaXmawGl67F5WEXlTovKJLGlxqNbjlSgiYA01aZicQuGDo4s11F1lhkky_cjJzhErrX4PEQnL6yX-KSJ2gUFEqIMEzBNKlLpJALUsoKzLBO1XBNiV6SDhnFskHFEHsJ_q8dxP9i_7SjQ3mxUShaFGWOgPmh5LyCOvfOrPxUhtA4svAMO5O8CASHdrIcVS0BkgfJZy5W2VWhRvJLUOrCRtJFDcr6l53Ku_dBkChWvfIEbO2Y70btT5gbscAcVUyAcLj3-1z1GA97lK1iW7aDzC03aydxopH8cpqj0YZm8q1kdJ7Mu5kO0pUAZlqh72gFH-SotOUOvUayti2INicwt63Z7S2CgHxQwRyYb8CP4MtuAAoI4HFqEtMIkQax6f6JKFM9eUW9c0CdQ.y65k9eFzXI5jhEhv7E2cpwjSGoLEkplVLQWkd-COL5Y&dib_tag=se&keywords=sustainable+kitchen+products&qid=1741332041&sr=8-1,24.99,https://m.media-amazon.com/images/I/91-W1NYNeYL._AC_UL320_.jpg,reusable paper towels washable roll - thick 12-pc two layered ultra absorbent paperless certified organic cotton towels - large cloth kitchen paper towel with hanging loop,"['reusable', 'organic', 'washable']",6,Strong,Likely Product,Sustainable
Natural Kitchen Sponge - Biodegradable Compostable Cellulose and Coconut Scrubber Sponge - Pack of 12 Eco Friendly Sponges for Dishes,4.6,4984,10K+ bought in past month,https://www.amazon.com/AIRNEX-Biodegradable-Natural-Kitchen-Sponge/dp/B0917GV13P/ref=sr_1_2?dib=eyJ2IjoiMSJ9.YXL5KpBrVCzCHJVGcOOsv6K3jfXAW0HTpHmKGvPjmisq_bj2LwcOSaXmawGl67F5WEXlTovKJLGlxqNbjlSgiYA01aZicQuGDo4s11F1lhkky_cjJzhErrX4PEQnL6yX-KSJ2gUFEqIMEzBNKlLpJALUsoKzLBO1XBNiV6SDhnFskHFEHsJ_q8dxP9i_7SjQ3mxUShaFGWOgPmh5LyCOvfOrPxUhtA4svAMO5O8CASHdrIcVS0BkgfJZy5W2VWhRvJLUOrCRtJFDcr6l53Ku_dBkChWvfIEbO2Y70btT5gbscAcVUyAcLj3-1z1GA97lK1iW7aDzC03aydxopH8cpqj0YZm8q1kdJ7Mu5kO0pUAZlqh72gFH-SotOUOvUayti2INicwt63Z7S2CgHxQwRyYb8CP4MtuAAoI4HFqEtMIkQax6f6JKFM9eUW9c0CdQ.y65k9eFzXI5jhEhv7E2cpwjSGoLEkplVLQWkd-COL5Y&dib_tag=se&keywords=sustainable+kitchen+products&qid=1741332041&sr=8-2,14.95,https://m.media-amazon.com/images/I/91zidZ1V1VL._AC_UL320_.jpg,natural kitchen sponge - biodegradable compostable cellulose and coconut scrubber sponge - pack of 12 eco friendly sponges for dishes,"['biodegradable', 'compostable', 'eco friendly', 'natural']",9,Strong,Likely Product,Sustainable
"Reusable Beeswax Wrap - 9 Pack Beeswax Wraps For Food, Organic, Sustainable, Biodegradable, Zero Waste, Plastic-Free Food Storage, 1L Strawberry, 3M Orange, 5S Lemon Patterns",4.4,1213,600+ bought in past month,https://www.amazon.com/Reusable-Beeswax-Wrap-Eco-Friendly-Biodegradable/dp/B09WRHLCFG/ref=sr_1_3?dib=eyJ2IjoiMSJ9.YXL5KpBrVCzCHJVGcOOsv6K3jfXAW0HTpHmKGvPjmisq_bj2LwcOSaXmawGl67F5WEXlTovKJLGlxqNbjlSgiYA01aZicQuGDo4s11F1lhkky_cjJzhErrX4PEQnL6yX-KSJ2gUFEqIMEzBNKlLpJALUsoKzLBO1XBNiV6SDhnFskHFEHsJ_q8dxP9i_7SjQ3mxUShaFGWOgPmh5LyCOvfOrPxUhtA4svAMO5O8CASHdrIcVS0BkgfJZy5W2VWhRvJLUOrCRtJFDcr6l53Ku_dBkChWvfIEbO2Y70btT5gbscAcVUyAcLj3-1z1GA97lK1iW7aDzC03aydxopH8cpqj0YZm8q1kdJ7Mu5kO0pUAZlqh72gFH-SotOUOvUayti2INicwt63Z7S2CgHxQwRyYb8CP4MtuAAoI4HFqEtMIkQax6f6JKFM9eUW9c0CdQ.y65k9eFzXI5jhEhv7E2cpwjSGoLEkplVLQWkd-COL5Y&dib_tag=se&keywords=sustainable+kitchen+products&qid=1741332041&sr=8-3,13.99,https://m.media-amazon.com/images/I/81-cLbynG7L._AC_UL320_.jpg,"reusable beeswax wrap - 9 pack beeswax wraps for food, organic, sustainable, biodegradable, zero waste, plastic-free food storage, 1l strawberry, 3m orange, 5s lemon patterns","['biodegradable', 'zero waste', 'plastic-free', 'reusable', 'sustainable', 'organic']",16,Strong,Likely Product,Sustainable
"Bamboo Dish Scrub Brushes by Subekyu, Kitchen Wooden Cleaning Scrubbers Set for Washing Cast Iron Pan/Pot, Natural Sisal Bristles, Set of 3",4.6,7734,2K+ bought in past month,https://www.amazon.com/Brushes-Subekyu-Cleaning-Scrubbers-Bristles/dp/B082XRB79L/ref=sr_1_4?dib=eyJ2IjoiMSJ9.YXL5KpBrVCzCHJVGcOOsv6K3jfXAW0HTpHmKGvPjmisq_bj2LwcOSaXmawGl67F5WEXlTovKJLGlxqNbjlSgiYA01aZicQuGDo4s11F1lhkky_cjJzhErrX4PEQnL6yX-KSJ2gUFEqIMEzBNKlLpJALUsoKzLBO1XBNiV6SDhnFskHFEHsJ_q8dxP9i_7SjQ3mxUShaFGWOgPmh5LyCOvfOrPxUhtA4svAMO5O8CASHdrIcVS0BkgfJZy5W2VWhRvJLUOrCRtJFDcr6l53Ku_dBkChWvfIEbO2Y70btT5gbscAcVUyAcLj3-1z1GA97lK1iW7aDzC03aydxopH8cpqj0YZm8q1kdJ7Mu5kO0pUAZlqh72gFH-SotOUOvUayti2INicwt63Z7S2CgHxQwRyYb8CP4MtuAAoI4HFqEtMIkQax6f6JKFM9eUW9c0CdQ.y65k9eFzXI5jhEhv7E2cpwjSGoLEkplVLQWkd-COL5Y&dib_tag=se&keywords=sustainable+kitchen+products&qid=1741332041&sr=8-4,9.99,https://m.media-amazon.com/images/I/71ciCQS4hbL._AC_UL320_.jpg,"bamboo dish scrub brushes by subekyu, kitchen wooden cleaning scrubbers set for washing cast iron pan/pot, natural sisal bristles, set of 3","['bamboo', 'natural']",2,Low,Likely Product,Not Sustainable
"21 Pack Reusable Storage Bags BPA Free, Leak-proof Freezer Bags (7 Reusable Gallon Bags + 7 Reusable Sandwich Bags + 7 Reusable Snack Bags) Lunch Bags Washable Eco-Friendly for food",4.6,2316,50+ bought in past month,https://www.amazon.com/KITHELP-Reusable-Leak-proof-Sandwich-Eco-Friendly/dp/B088GP2W83/ref=sr_1_5?dib=eyJ2IjoiMSJ9.YXL5KpBrVCzCHJVGcOOsv6K3jfXAW0HTpHmKGvPjmisq_bj2LwcOSaXmawGl67F5WEXlTovKJLGlxqNbjlSgiYA01aZicQuGDo4s11F1lhkky_cjJzhErrX4PEQnL6yX-KSJ2gUFEqIMEzBNKlLpJALUsoKzLBO1XBNiV6SDhnFskHFEHsJ_q8dxP9i_7SjQ3mxUShaFGWOgPmh5LyCOvfOrPxUhtA4svAMO5O8CASHdrIcVS0BkgfJZy5W2VWhRvJLUOrCRtJFDcr6l53Ku_dBkChWvfIEbO2Y70btT5gbscAcVUyAcLj3-1z1GA97lK1iW7aDzC03aydxopH8cpqj0YZm8q1kdJ7Mu5kO0pUAZlqh72gFH-SotOUOvUayti2INicwt63Z7S2CgHxQwRyYb8CP4MtuAAoI4HFqEtMIkQax6f6JKFM9eUW9c0CdQ.y65k9eFzXI5jhEhv7E2cpwjSGoLEkplVLQWkd-COL5Y&dib_tag=se&keywords=sustainable+kitchen+products&qid=1741332041&sr=8-5,22.99,https://m.media-amazon.com/images/I/81gyeg85VFL._AC_UL320_.jpg,"21 pack reusable storage bags bpa free, leak-proof freezer bags (7 reusable gallon bags + 7 reusable sandwich bags + 7 reusable snack bags) lunch bags washable eco-friendly for food","['reusable', 'eco-friendly', 'washable']",6,Strong,Likely Product,Sustainable
"Amazon Basics Rectangular Silicone, Non-Stick Reusable, Food Safe Baking Mat, Pack of 2, 16.5""L x 11.6""W, New Beige/Gray",4.7,94406,9K+ bought in past month,https://www.amazon.com/Amazon-Basics-Silicone-Non-Stick-Rectangular/dp/B0725GYNG6/ref=sr_1_6?dib=eyJ2IjoiMSJ9.YXL5KpBrVCzCHJVGcOOsv6K3jfXAW0HTpHmKGvPjmisq_bj2LwcOSaXmawGl67F5WEXlTovKJLGlxqNbjlSgiYA01aZicQuGDo4s11F1lhkky_cjJzhErrX4PEQnL6yX-KSJ2gUFEqIMEzBNKlLpJALUsoKzLBO1XBNiV6SDhnFskHFEHsJ_q8dxP9i_7SjQ3mxUShaFGWOgPmh5LyCOvfOrPxUhtA4svAMO5O8CASHdrIcVS0BkgfJZy5W2VWhRvJLUOrCRtJFDcr6l53Ku_dBkChWvfIEbO2Y70btT5gbscAcVUyAcLj3-1z1GA97lK1iW7aDzC03aydxopH8cpqj0YZm8q1kdJ7Mu5kO0pUAZlqh72gFH-SotOUOvUayti2INicwt63Z7S2CgHxQwRyYb8CP4MtuAAoI4HFqEtMIkQax6f6JKFM9eUW9c0CdQ.y65k9eFzXI5jhEhv7E2cpwjSGoLEkplVLQWkd-COL5Y&dib_tag=se&keywords=sustainable+kitchen+products&qid=1741332041&sr=8-6,22.99,https://m.media-amazon.com/images/I/81IC5+bWDgL._AC_UL320_.jpg,"amazon basics rectangular silicone, non-stick reusable, food safe baking mat, pack of 2, 16.5""l x 11.6""w, new beige/gray",['reusable'],3,Moderate,Likely Product,Potentially Sustainable
"GRIN BY GRIN- 2 Packs Bread Bags, Zipper Reusable Bread Bags for Homemade Bread Loaf, Freezer Bread Storage Bag, Bread Container, Fresh Keeping Extra Large Bread Bags, Reusable Food Storage Bag",4.5,1524,3K+ bought in past month,https://www.amazon.com/GRIN-Reusable-Homemade-Freezer-Container/dp/B09N3M4BDJ/ref=sr_1_7?dib=eyJ2IjoiMSJ9.YXL5KpBrVCzCHJVGcOOsv6K3jfXAW0HTpHmKGvPjmisq_bj2LwcOSaXmawGl67F5WEXlTovKJLGlxqNbjlSgiYA01aZicQuGDo4s11F1lhkky_cjJzhErrX4PEQnL6yX-KSJ2gUFEqIMEzBNKlLpJALUsoKzLBO1XBNiV6SDhnFskHFEHsJ_q8dxP9i_7SjQ3mxUShaFGWOgPmh5LyCOvfOrPxUhtA4svAMO5O8CASHdrIcVS0BkgfJZy5W2VWhRvJLUOrCRtJFDcr6l53Ku_dBkChWvfIEbO2Y70btT5gbscAcVUyAcLj3-1z1GA97lK1iW7aDzC03aydxopH8cpqj0YZm8q1kdJ7Mu5kO0pUAZlqh72gFH-SotOUOvUayti2INicwt63Z7S2CgHxQwRyYb8CP4MtuAAoI4HFqEtMIkQax6f6JKFM9eUW9c0CdQ.y65k9eFzXI5jhEhv7E2cpwjSGoLEkplVLQWkd-COL5Y&dib_tag=se&keywords=sustainable+kitchen+products&qid=1741332041&sr=8-7,23.99,https://m.media-amazon.com/images/I/81M-4oiT5BL._AC_UL320_.jpg,"grin by grin- 2 packs bread bags, zipper reusable bread bags for homemade bread loaf, freezer bread storage bag, bread container, fresh keeping extra large bread bags, reusable food storage bag",['reusable'],3,Moderate,Likely Product,Potentially Sustainable
"Plant-Based Kitchen Sponges - FSC Certified and PETA Approved, Natural, Eco-Friendly, Biodegradable Sisal Hemp Sponges for Dishes, Cleaning Sponge for Kitchen, Bathroom, Household - 12 Count",4.6,248,3K+ bought in past month,https://www.amazon.com/Isshah-Plant-Based-Kitchen-Sponges-Biodegradable/dp/B0CSBG92MF/ref=sr_1_8?dib=eyJ2IjoiMSJ9.YXL5KpBrVCzCHJVGcOOsv6K3jfXAW0HTpHmKGvPjmisq_bj2LwcOSaXmawGl67F5WEXlTovKJLGlxqNbjlSgiYA01aZicQuGDo4s11F1lhkky_cjJzhErrX4PEQnL6yX-KSJ2gUFEqIMEzBNKlLpJALUsoKzLBO1XBNiV6SDhnFskHFEHsJ_q8dxP9i_7SjQ3mxUShaFGWOgPmh5LyCOvfOrPxUhtA4svAMO5O8CASHdrIcVS0BkgfJZy5W2VWhRvJLUOrCRtJFDcr6l53Ku_dBkChWvfIEbO2Y70btT5gbscAcVUyAcLj3-1z1GA97lK1iW7aDzC03aydxopH8cpqj0YZm8q1kdJ7Mu5kO0pUAZlqh72gFH-SotOUOvUayti2INicwt63Z7S2CgHxQwRyYb8CP4MtuAAoI4HFqEtMIkQax6f6JKFM9eUW9c0CdQ.y65k9eFzXI5jhEhv7E2cpwjSGoLEkplVLQWkd-COL5Y&dib_tag=se&keywords=sustainable+kitchen+products&qid=1741332041&sr=8-8,9.99,https://m.media-amazon.com/images/I/81GEZUgvk2L._AC_UL320_.jpg,"plant-based kitchen sponges - fsc certified and peta approved, natural, eco-friendly, biodegradable sisal hemp sponges for dishes, cleaning sponge for kitchen, bathroom, household - 12 count","['biodegradable', 'eco-friendly', 'plant-based', 'fsc certified', 'natural']",10,Strong,Likely Product,Sustainable
"FEBU Swedish Dishcloths for Kitchen | 5 Pack Watercolor Reusable Paper Towels Washable | Swedish Dish Towels | Non-Scratch Cellulose Sponge Cloths | No Odor, Biodegradable Cleaning Cloths",4.6,5751,1K+ bought in past month,https://www.amazon.com/FEBU-Dishcloths-Watercolor-Cellulose-Biodegradable/dp/B09JPC3688/ref=sr_1_9?dib=eyJ2IjoiMSJ9.YXL5KpBrVCzCHJVGcOOsv6K3jfXAW0HTpHmKGvPjmisq_bj2LwcOSaXmawGl67F5WEXlTovKJLGlxqNbjlSgiYA01aZicQuGDo4s11F1lhkky_cjJzhErrX4PEQnL6yX-KSJ2gUFEqIMEzBNKlLpJALUsoKzLBO1XBNiV6SDhnFskHFEHsJ_q8dxP9i_7SjQ3mxUShaFGWOgPmh5LyCOvfOrPxUhtA4svAMO5O8CASHdrIcVS0BkgfJZy5W2VWhRvJLUOrCRtJFDcr6l53Ku_dBkChWvfIEbO2Y70btT5gbscAcVUyAcLj3-1z1GA97lK1iW7aDzC03aydxopH8cpqj0YZm8q1kdJ7Mu5kO0pUAZlqh72gFH-SotOUOvUayti2INicwt63Z7S2CgHxQwRyYb8CP4MtuAAoI4HFqEtMIkQax6f6JKFM9eUW9c0CdQ.y65k9eFzXI5jhEhv7E2cpwjSGoLEkplVLQWkd-COL5Y&dib_tag=se&keywords=sustainable+kitchen+products&qid=1741332041&sr=8-9,11.2,https://m.media-amazon.com/images/I/81FBh8uXs-L._AC_UL320_.jpg,"febu swedish dishcloths for kitchen | 5 pack watercolor reusable paper towels washable | swedish dish towels | non-scratch cellulose sponge cloths | no odor, biodegradable cleaning cloths","['biodegradable', 'reusable', 'washable']",7,Strong,Likely Product,Sustainable
9 Pack Biodegradable Natural Kitchen Sponge - Compostable Cellulose and Coconut Walnut Scrubber Sponge - Eco Friendly Sustainable Sponges for Dishes,4.6,225,1K+ bought in past month,https://www.amazon.com/KICKLEEN-Biodegradable-Natural-Kitchen-Sponge/dp/B0BZS36SNX/ref=sr_1_10?dib=eyJ2IjoiMSJ9.YXL5KpBrVCzCHJVGcOOsv6K3jfXAW0HTpHmKGvPjmisq_bj2LwcOSaXmawGl67F5WEXlTovKJLGlxqNbjlSgiYA01aZicQuGDo4s11F1lhkky_cjJzhErrX4PEQnL6yX-KSJ2gUFEqIMEzBNKlLpJALUsoKzLBO1XBNiV6SDhnFskHFEHsJ_q8dxP9i_7SjQ3mxUShaFGWOgPmh5LyCOvfOrPxUhtA4svAMO5O8CASHdrIcVS0BkgfJZy5W2VWhRvJLUOrCRtJFDcr6l53Ku_dBkChWvfIEbO2Y70btT5gbscAcVUyAcLj3-1z1GA97lK1iW7aDzC03aydxopH8cpqj0YZm8q1kdJ7Mu5kO0pUAZlqh72gFH-SotOUOvUayti2INicwt63Z7S2CgHxQwRyYb8CP4MtuAAoI4HFqEtMIkQax6f6JKFM9eUW9c0CdQ.y65k9eFzXI5jhEhv7E2cpwjSGoLEkplVLQWkd-COL5Y&dib_tag=se&keywords=sustainable+kitchen+products&qid=1741332041&sr=8-10,9.99,https://m.media-amazon.com/images/I/81baSZWXDXL._AC_UL320_.jpg,9 pack biodegradable natural kitchen sponge - compostable cellulose and coconut walnut scrubber sponge - eco friendly sustainable sponges for dishes,"['biodegradable', 'compostable', 'sustainable', 'eco friendly', 'natural']",11,Strong,Likely Product,Sustainable
Zulay Kitchen 6-Piece Wooden Spoons for Cooking - Smooth Finish Teak Wooden Utensils for Cooking - Soft Comfort-Grip Wood Spoons for Cooking - Non-Stick Wooden Cooking Utensils - Wooden Spoon Sets,4.6,5006,5K+ bought in past month,https://www.amazon.com/Zulay-Kitchen-Wooden-Utensils-Cooking/dp/B085W92DL4/ref=sr_1_11?dib=eyJ2IjoiMSJ9.YXL5KpBrVCzCHJVGcOOsv6K3jfXAW0HTpHmKGvPjmisq_bj2LwcOSaXmawGl67F5WEXlTovKJLGlxqNbjlSgiYA01aZicQuGDo4s11F1lhkky_cjJzhErrX4PEQnL6yX-KSJ2gUFEqIMEzBNKlLpJALUsoKzLBO1XBNiV6SDhnFskHFEHsJ_q8dxP9i_7SjQ3mxUShaFGWOgPmh5LyCOvfOrPxUhtA4svAMO5O8CASHdrIcVS0BkgfJZy5W2VWhRvJLUOrCRtJFDcr6l53Ku_dBkChWvfIEbO2Y70btT5gbscAcVUyAcLj3-1z1GA97lK1iW7aDzC03aydxopH8cpqj0YZm8q1kdJ7Mu5kO0pUAZlqh72gFH-SotOUOvUayti2INicwt63Z7S2CgHxQwRyYb8CP4MtuAAoI4HFqEtMIkQax6f6JKFM9eUW9c0CdQ.y65k9eFzXI5jhEhv7E2cpwjSGoLEkplVLQWkd-COL5Y&dib_tag=se&keywords=sustainable+kitchen+products&qid=1741332041&sr=8-11,30.02,https://m.media-amazon.com/images/I/81k0ZioDj+L._AC_UL320_.jpg,zulay kitchen 6-piece wooden spoons for cooking - smooth finish teak wooden utensils for cooking - soft comfort-grip wood spoons for cooking - non-stick wooden cooking utensils - wooden spoon sets,[],0,Low,Likely Product,Not Sustainable
"Bamboo Dish Scrubber with Handle, 4 Replacement Heads, Eco-Friendly Soft Sisal Scrubber, Vegetable Cleaner, Wok Cleaner for Kitchen Utensils",4.3,176,400+ bought in past month,https://www.amazon.com/Replacement-Friendly-Products-Scrubbing-Utensils%EF%BC%88Sisal%EF%BC%89/dp/B0BYK9XMCS/ref=sr_1_12?dib=eyJ2IjoiMSJ9.YXL5KpBrVCzCHJVGcOOsv6K3jfXAW0HTpHmKGvPjmisq_bj2LwcOSaXmawGl67F5WEXlTovKJLGlxqNbjlSgiYA01aZicQuGDo4s11F1lhkky_cjJzhErrX4PEQnL6yX-KSJ2gUFEqIMEzBNKlLpJALUsoKzLBO1XBNiV6SDhnFskHFEHsJ_q8dxP9i_7SjQ3mxUShaFGWOgPmh5LyCOvfOrPxUhtA4svAMO5O8CASHdrIcVS0BkgfJZy5W2VWhRvJLUOrCRtJFDcr6l53Ku_dBkChWvfIEbO2Y70btT5gbscAcVUyAcLj3-1z1GA97lK1iW7aDzC03aydxopH8cpqj0YZm8q1kdJ7Mu5kO0pUAZlqh72gFH-SotOUOvUayti2INicwt63Z7S2CgHxQwRyYb8CP4MtuAAoI4HFqEtMIkQax6f6JKFM9eUW9c0CdQ.y65k9eFzXI5jhEhv7E2cpwjSGoLEkplVLQWkd-COL5Y&dib_tag=se&keywords=sustainable+kitchen+products&qid=1741332041&sr=8-12,11.99,https://m.media-amazon.com/images/I/71r0clv63CL._AC_UL320_.jpg,"bamboo dish scrubber with handle, 4 replacement heads, eco-friendly soft sisal scrubber, vegetable cleaner, wok cleaner for kitchen utensils","['eco-friendly', 'bamboo']",3,Moderate,Likely Product,Potentially Sustainable
"Zero Waste Natural Dish Soap Bar (Pack of 3 Bars) - Solid Vegan Dishwashing Block - Cold Processed, Eco Friendly Plastic Free Packaging with Sustainable Organic Ingredients for Kitchen",4.3,653,600+ bought in past month,https://www.amazon.com/Zero-Waste-Natural-Dish-Soap/dp/B0919XDJ71/ref=sr_1_13?dib=eyJ2IjoiMSJ9.YXL5KpBrVCzCHJVGcOOsv6K3jfXAW0HTpHmKGvPjmisq_bj2LwcOSaXmawGl67F5WEXlTovKJLGlxqNbjlSgiYA01aZicQuGDo4s11F1lhkky_cjJzhErrX4PEQnL6yX-KSJ2gUFEqIMEzBNKlLpJALUsoKzLBO1XBNiV6SDhnFskHFEHsJ_q8dxP9i_7SjQ3mxUShaFGWOgPmh5LyCOvfOrPxUhtA4svAMO5O8CASHdrIcVS0BkgfJZy5W2VWhRvJLUOrCRtJFDcr6l53Ku_dBkChWvfIEbO2Y70btT5gbscAcVUyAcLj3-1z1GA97lK1iW7aDzC03aydxopH8cpqj0YZm8q1kdJ7Mu5kO0pUAZlqh72gFH-SotOUOvUayti2INicwt63Z7S2CgHxQwRyYb8CP4MtuAAoI4HFqEtMIkQax6f6JKFM9eUW9c0CdQ.y65k9eFzXI5jhEhv7E2cpwjSGoLEkplVLQWkd-COL5Y&dib_tag=se&keywords=sustainable+kitchen+products&qid=1741332041&sr=8-13,23.98,https://m.media-amazon.com/images/I/713GeQ-ieZL._AC_UL320_.jpg,"zero waste natural dish soap bar (pack of 3 bars) - solid vegan dishwashing block - cold processed, eco friendly plastic free packaging with sustainable organic ingredients for kitchen","['zero waste', 'plastic free', 'sustainable', 'eco friendly', 'organic', 'natural', 'vegan']",14,Strong,Likely Product,Sustainable
"eplanita Natural Dish Brush, 3 Replacement Heads, Kitchen Eco Bamboo Scrubber Brushes, Extra Plant Sponge, Plastic Free Washing Up, Zero Waste Cleaning",4.4,1184,500+ bought in past month,https://www.amazon.com/eplanita-Natural-Replacement-Scrubber-Cleaning/dp/B08688KYF6/ref=sr_1_14?dib=eyJ2IjoiMSJ9.YXL5KpBrVCzCHJVGcOOsv6K3jfXAW0HTpHmKGvPjmisq_bj2LwcOSaXmawGl67F5WEXlTovKJLGlxqNbjlSgiYA01aZicQuGDo4s11F1lhkky_cjJzhErrX4PEQnL6yX-KSJ2gUFEqIMEzBNKlLpJALUsoKzLBO1XBNiV6SDhnFskHFEHsJ_q8dxP9i_7SjQ3mxUShaFGWOgPmh5LyCOvfOrPxUhtA4svAMO5O8CASHdrIcVS0BkgfJZy5W2VWhRvJLUOrCRtJFDcr6l53Ku_dBkChWvfIEbO2Y70btT5gbscAcVUyAcLj3-1z1GA97lK1iW7aDzC03aydxopH8cpqj0YZm8q1kdJ7Mu5kO0pUAZlqh72gFH-SotOUOvUayti2INicwt63Z7S2CgHxQwRyYb8CP4MtuAAoI4HFqEtMIkQax6f6JKFM9eUW9c0CdQ.y65k9eFzXI5jhEhv7E2cpwjSGoLEkplVLQWkd-COL5Y&dib_tag=se&keywords=sustainable+kitchen+products&qid=1741332041&sr=8-14,12.99,https://m.media-amazon.com/images/I/91874WFeyaL._AC_UL320_.jpg,"eplanita natural dish brush, 3 replacement heads, kitchen eco bamboo scrubber brushes, extra plant sponge, plastic free washing up, zero waste cleaning","['zero waste', 'plastic free', 'bamboo', 'natural']",8,Strong,Likely Product,Sustainable
"The Silicone Kitchen Reusable Silicone Baking Cup Silicone Muffin Liners for Cupcakes, BPA Free, Regular, 24 Pack, White Blue Green",4.6,6162,500+ bought in past month,https://www.amazon.com/Silicone-Kitchen-Reusable-Baking-Cups/dp/B08BY17WYH/ref=sr_1_15?dib=eyJ2IjoiMSJ9.YXL5KpBrVCzCHJVGcOOsv6K3jfXAW0HTpHmKGvPjmisq_bj2LwcOSaXmawGl67F5WEXlTovKJLGlxqNbjlSgiYA01aZicQuGDo4s11F1lhkky_cjJzhErrX4PEQnL6yX-KSJ2gUFEqIMEzBNKlLpJALUsoKzLBO1XBNiV6SDhnFskHFEHsJ_q8dxP9i_7SjQ3mxUShaFGWOgPmh5LyCOvfOrPxUhtA4svAMO5O8CASHdrIcVS0BkgfJZy5W2VWhRvJLUOrCRtJFDcr6l53Ku_dBkChWvfIEbO2Y70btT5gbscAcVUyAcLj3-1z1GA97lK1iW7aDzC03aydxopH8cpqj0YZm8q1kdJ7Mu5kO0pUAZlqh72gFH-SotOUOvUayti2INicwt63Z7S2CgHxQwRyYb8CP4MtuAAoI4HFqEtMIkQax6f6JKFM9eUW9c0CdQ.y65k9eFzXI5jhEhv7E2cpwjSGoLEkplVLQWkd-COL5Y&dib_tag=se&keywords=sustainable+kitchen+products&qid=1741332041&sr=8-15,12.98,https://m.media-amazon.com/images/I/61986b+lgfL._AC_UL320_.jpg,"the silicone kitchen reusable silicone baking cup silicone muffin liners for cupcakes, bpa free, regular, 24 pack, white blue green",['reusable'],3,Moderate,Likely Product,Potentially Sustainable
MightyNest Lemon Scented Dish Washing Bar Soap | Dish Soap Bar for the Kitchen | 100% Plastic-Free | Concentrated and Eco-Friendly | One Lemon Bar,4.2,381,400+ bought in past month,https://www.amazon.com/MightyNest-Scented-Plastic-Free-Concentrated-Eco-Friendly/dp/B0BKR2FPRY/ref=sr_1_16?dib=eyJ2IjoiMSJ9.YXL5KpBrVCzCHJVGcOOsv6K3jfXAW0HTpHmKGvPjmisq_bj2LwcOSaXmawGl67F5WEXlTovKJLGlxqNbjlSgiYA01aZicQuGDo4s11F1lhkky_cjJzhErrX4PEQnL6yX-KSJ2gUFEqIMEzBNKlLpJALUsoKzLBO1XBNiV6SDhnFskHFEHsJ_q8dxP9i_7SjQ3mxUShaFGWOgPmh5LyCOvfOrPxUhtA4svAMO5O8CASHdrIcVS0BkgfJZy5W2VWhRvJLUOrCRtJFDcr6l53Ku_dBkChWvfIEbO2Y70btT5gbscAcVUyAcLj3-1z1GA97lK1iW7aDzC03aydxopH8cpqj0YZm8q1kdJ7Mu5kO0pUAZlqh72gFH-SotOUOvUayti2INicwt63Z7S2CgHxQwRyYb8CP4MtuAAoI4HFqEtMIkQax6f6JKFM9eUW9c0CdQ.y65k9eFzXI5jhEhv7E2cpwjSGoLEkplVLQWkd-COL5Y&dib_tag=se&keywords=sustainable+kitchen+products&qid=1741332041&sr=8-16,11.99,https://m.media-amazon.com/images/I/61VN-0bkMBL._AC_UL320_.jpg,mightynest lemon scented dish washing bar soap | dish soap bar for the kitchen | 100% plastic-free | concentrated and eco-friendly | one lemon bar,"['plastic-free', 'eco-friendly']",5,Moderate,Likely Product,Potentially Sustainable
"Waterproof Under Sink Mat 34"" x 22"" Cabinet Liner for Kitchen and Bathroom, Shelf and Counter Protector, Organizers and Storage, Silicone Drip Tray, Gadgets and Accessories",4.7,2374,10K+ bought in past month,https://www.amazon.com/Winisok-Waterproof-Bathroom-Protector-Organizers/dp/B0CSPKSCP2/ref=sr_1_17?dib=eyJ2IjoiMSJ9.YXL5KpBrVCzCHJVGcOOsv6K3jfXAW0HTpHmKGvPjmisq_bj2LwcOSaXmawGl67F5WEXlTovKJLGlxqNbjlSgiYA01aZicQuGDo4s11F1lhkky_cjJzhErrX4PEQnL6yX-KSJ2gUFEqIMEzBNKlLpJALUsoKzLBO1XBNiV6SDhnFskHFEHsJ_q8dxP9i_7SjQ3mxUShaFGWOgPmh5LyCOvfOrPxUhtA4svAMO5O8CASHdrIcVS0BkgfJZy5W2VWhRvJLUOrCRtJFDcr6l53Ku_dBkChWvfIEbO2Y70btT5gbscAcVUyAcLj3-1z1GA97lK1iW7aDzC03aydxopH8cpqj0YZm8q1kdJ7Mu5kO0pUAZlqh72gFH-SotOUOvUayti2INicwt63Z7S2CgHxQwRyYb8CP4MtuAAoI4HFqEtMIkQax6f6JKFM9eUW9c0CdQ.y65k9eFzXI5jhEhv7E2cpwjSGoLEkplVLQWkd-COL5Y&dib_tag=se&keywords=sustainable+kitchen+products&qid=1741332041&sr=8-17,17.18,https://m.media-amazon.com/images/I/71NUnqiBWbL._AC_UL320_.jpg,"waterproof under sink mat 34"" x 22"" cabinet liner for kitchen and bathroom, shelf and counter protector, organizers and storage, silicone drip tray, gadgets and accessories",[],0,Low,Likely Product,Not Sustainable
Natural Loofah Dish Sponge Pack 3 Vegetable Scrubber for Kitchen -100% Biodegradable Compostable Dishwashing Scouring Pad Zero Waste Plastic Free Eco Friendly Sustainable,4.5,1891,700+ bought in past month,https://www.amazon.com/Vegetable-Cellulose-Biodegradable-Compostable-Dishwashing/dp/B07M8RQST8/ref=sr_1_18?dib=eyJ2IjoiMSJ9.YXL5KpBrVCzCHJVGcOOsv6K3jfXAW0HTpHmKGvPjmisq_bj2LwcOSaXmawGl67F5WEXlTovKJLGlxqNbjlSgiYA01aZicQuGDo4s11F1lhkky_cjJzhErrX4PEQnL6yX-KSJ2gUFEqIMEzBNKlLpJALUsoKzLBO1XBNiV6SDhnFskHFEHsJ_q8dxP9i_7SjQ3mxUShaFGWOgPmh5LyCOvfOrPxUhtA4svAMO5O8CASHdrIcVS0BkgfJZy5W2VWhRvJLUOrCRtJFDcr6l53Ku_dBkChWvfIEbO2Y70btT5gbscAcVUyAcLj3-1z1GA97lK1iW7aDzC03aydxopH8cpqj0YZm8q1kdJ7Mu5kO0pUAZlqh72gFH-SotOUOvUayti2INicwt63Z7S2CgHxQwRyYb8CP4MtuAAoI4HFqEtMIkQax6f6JKFM9eUW9c0CdQ.y65k9eFzXI5jhEhv7E2cpwjSGoLEkplVLQWkd-COL5Y&dib_tag=se&keywords=sustainable+kitchen+products&qid=1741332041&sr=8-18,6.99,https://m.media-amazon.com/images/I/91AAuJzjrFL._AC_UL320_.jpg,natural loofah dish sponge pack 3 vegetable scrubber for kitchen -100% biodegradable compostable dishwashing scouring pad zero waste plastic free eco friendly sustainable,"['biodegradable', 'compostable', 'zero waste', 'plastic free', 'sustainable', 'eco friendly', 'natural']",17,Strong,Likely Product,Sustainable
"Bamboo Cutting Board, Durable Wood Cutting Boards for Kitchen with Deep Juice Grooves & Built-in Handles, Ideal Charcuterie & Chopping for Meat, Vegetables - Perfect Kitchen Gift for Home Cooks",4.5,670,10K+ bought in past month,https://www.amazon.com/Cutting-Durable-Charcuterie-Chopping-Vegetables/dp/B0D7M8QB9Y/ref=sr_1_19?dib=eyJ2IjoiMSJ9.YXL5KpBrVCzCHJVGcOOsv6K3jfXAW0HTpHmKGvPjmisq_bj2LwcOSaXmawGl67F5WEXlTovKJLGlxqNbjlSgiYA01aZicQuGDo4s11F1lhkky_cjJzhErrX4PEQnL6yX-KSJ2gUFEqIMEzBNKlLpJALUsoKzLBO1XBNiV6SDhnFskHFEHsJ_q8dxP9i_7SjQ3mxUShaFGWOgPmh5LyCOvfOrPxUhtA4svAMO5O8CASHdrIcVS0BkgfJZy5W2VWhRvJLUOrCRtJFDcr6l53Ku_dBkChWvfIEbO2Y70btT5gbscAcVUyAcLj3-1z1GA97lK1iW7aDzC03aydxopH8cpqj0YZm8q1kdJ7Mu5kO0pUAZlqh72gFH-SotOUOvUayti2INicwt63Z7S2CgHxQwRyYb8CP4MtuAAoI4HFqEtMIkQax6f6JKFM9eUW9c0CdQ.y65k9eFzXI5jhEhv7E2cpwjSGoLEkplVLQWkd-COL5Y&dib_tag=se&keywords=sustainable+kitchen+products&qid=1741332041&sr=8-19,39.95,https://m.media-amazon.com/images/I/81rF0i715fL._AC_UL320_.jpg,"bamboo cutting board, durable wood cutting boards for kitchen with deep juice grooves & built-in handles, ideal charcuterie & chopping for meat, vegetables - perfect kitchen gift for home cooks",['bamboo'],1,Low,Likely Product,Not Sustainable
"Caboo Tree Free Paper Towels, 6 Rolls, Eco Friendly, Earth Friendly, Sustainable Kitchen Paper Towels with Strong 2 Ply Sheets",4.1,5353,2K+ bought in past month,https://www.amazon.com/Caboo-Bamboo-Friendly-Sustainable-Kitchen/dp/B01M1HL4C4/ref=sr_1_20?dib=eyJ2IjoiMSJ9.YXL5KpBrVCzCHJVGcOOsv6K3jfXAW0HTpHmKGvPjmisq_bj2LwcOSaXmawGl67F5WEXlTovKJLGlxqNbjlSgiYA01aZicQuGDo4s11F1lhkky_cjJzhErrX4PEQnL6yX-KSJ2gUFEqIMEzBNKlLpJALUsoKzLBO1XBNiV6SDhnFskHFEHsJ_q8dxP9i_7SjQ3mxUShaFGWOgPmh5LyCOvfOrPxUhtA4svAMO5O8CASHdrIcVS0BkgfJZy5W2VWhRvJLUOrCRtJFDcr6l53Ku_dBkChWvfIEbO2Y70btT5gbscAcVUyAcLj3-1z1GA97lK1iW7aDzC03aydxopH8cpqj0YZm8q1kdJ7Mu5kO0pUAZlqh72gFH-SotOUOvUayti2INicwt63Z7S2CgHxQwRyYb8CP4MtuAAoI4HFqEtMIkQax6f6JKFM9eUW9c0CdQ.y65k9eFzXI5jhEhv7E2cpwjSGoLEkplVLQWkd-COL5Y&dib_tag=se&keywords=sustainable+kitchen+products&qid=1741332041&sr=8-20,25.99,https://m.media-amazon.com/images/I/71Rc5wQwz2L._AC_UL320_.jpg,"caboo tree free paper towels, 6 rolls, eco friendly, earth friendly, sustainable kitchen paper towels with strong 2 ply sheets","['sustainable', 'eco friendly']",4,Moderate,Likely Product,Potentially Sustainable
Tieralia 5-Piece Eco-Friendly Bamboo Dish Brush Set with Compostable Wood Pulp Sponges | Bamboo Kitchen Cleaning Set,4.4,232,200+ bought in past month,https://www.amazon.com/Tieralia-Bamboo-Kitchen-Sustainable-Eco-Friendly/dp/B098CYHJ34/ref=sr_1_25?dib=eyJ2IjoiMSJ9.YXL5KpBrVCzCHJVGcOOsv6K3jfXAW0HTpHmKGvPjmisq_bj2LwcOSaXmawGl67F5WEXlTovKJLGlxqNbjlSgiYA01aZicQuGDo4s11F1lhkky_cjJzhErrX4PEQnL6yX-KSJ2gUFEqIMEzBNKlLpJALUsoKzLBO1XBNiV6SDhnFskHFEHsJ_q8dxP9i_7SjQ3mxUShaFGWOgPmh5LyCOvfOrPxUhtA4svAMO5O8CASHdrIcVS0BkgfJZy5W2VWhRvJLUOrCRtJFDcr6l53Ku_dBkChWvfIEbO2Y70btT5gbscAcVUyAcLj3-1z1GA97lK1iW7aDzC03aydxopH8cpqj0YZm8q1kdJ7Mu5kO0pUAZlqh72gFH-SotOUOvUayti2INicwt63Z7S2CgHxQwRyYb8CP4MtuAAoI4HFqEtMIkQax6f6JKFM9eUW9c0CdQ.y65k9eFzXI5jhEhv7E2cpwjSGoLEkplVLQWkd-COL5Y&dib_tag=se&keywords=sustainable+kitchen+products&qid=1741332041&sr=8-25,23.99,https://m.media-amazon.com/images/I/910pb+R-1UL._AC_UL320_.jpg,tieralia 5-piece eco-friendly bamboo dish brush set with compostable wood pulp sponges | bamboo kitchen cleaning set,"['compostable', 'eco-friendly', 'bamboo']",6,Strong,Likely Product,Sustainable
"Biodegradable Natural Kitchen Sponge，Eco Friendly Sponges for Dishes,Compostable Cellulose Sponge with Natural Plant Based Coconut Walnut Sustainable Scrubber Sponge Pack of 12",4.6,209,400+ bought in past month,https://www.amazon.com/s?k=sustainable+kitchen+products#,23.99,https://m.media-amazon.com/images/I/81GmBqaQeuL._AC_UL320_.jpg,"biodegradable natural kitchen sponge，eco friendly sponges for dishes,compostable cellulose sponge with natural plant based coconut walnut sustainable scrubber sponge pack of 12","['biodegradable', 'compostable', 'sustainable', 'eco friendly', 'plant based', 'natural']",13,Strong,Likely Product,Sustainable
"Swedish Dishcloths for Kitchen, 8 Pack Reusable Paper Towels with Clips, Non-Scratch Swedish Kitchen Towels, Super Absorbent Cellulose Sponge Cloths, Dishwasher Safe, No Odor",4.6,1722,1K+ bought in past month,https://www.amazon.com/Eulnars-Non-Scratch-Reusable-Paper-Biodegradable/dp/B0CCVXNQBF/ref=sr_1_27?dib=eyJ2IjoiMSJ9.YXL5KpBrVCzCHJVGcOOsv6K3jfXAW0HTpHmKGvPjmisq_bj2LwcOSaXmawGl67F5WEXlTovKJLGlxqNbjlSgiYA01aZicQuGDo4s11F1lhkky_cjJzhErrX4PEQnL6yX-KSJ2gUFEqIMEzBNKlLpJALUsoKzLBO1XBNiV6SDhnFskHFEHsJ_q8dxP9i_7SjQ3mxUShaFGWOgPmh5LyCOvfOrPxUhtA4svAMO5O8CASHdrIcVS0BkgfJZy5W2VWhRvJLUOrCRtJFDcr6l53Ku_dBkChWvfIEbO2Y70btT5gbscAcVUyAcLj3-1z1GA97lK1iW7aDzC03aydxopH8cpqj0YZm8q1kdJ7Mu5kO0pUAZlqh72gFH-SotOUOvUayti2INicwt63Z7S2CgHxQwRyYb8CP4MtuAAoI4HFqEtMIkQax6f6JKFM9eUW9c0CdQ.y65k9eFzXI5jhEhv7E2cpwjSGoLEkplVLQWkd-COL5Y&dib_tag=se&keywords=sustainable+kitchen+products&qid=1741332041&sr=8-27,16.99,https://m.media-amazon.com/images/I/81oKdRLAvWL._AC_UL320_.jpg,"swedish dishcloths for kitchen, 8 pack reusable paper towels with clips, non-scratch swedish kitchen towels, super absorbent cellulose sponge cloths, dishwasher safe, no odor",['reusable'],3,Moderate,Likely Product,Potentially Sustainable
"Akeeko Reusable Beeswax Food Wraps - Assorted 9 Packs, Eco-Friendly Reusable Wrap, Biodegradable, Zero Waste, Organic Cloth, Sustainable, Plastic-Free Food Storage, 1Large, 3Medium, 5Small Sizes",4.4,2426,50+ bought in past month,https://www.amazon.com/Reusable-Wraps-Beeswax-Assorted-Packs/dp/B092CBDKWG/ref=sr_1_28?dib=eyJ2IjoiMSJ9.YXL5KpBrVCzCHJVGcOOsv6K3jfXAW0HTpHmKGvPjmisq_bj2LwcOSaXmawGl67F5WEXlTovKJLGlxqNbjlSgiYA01aZicQuGDo4s11F1lhkky_cjJzhErrX4PEQnL6yX-KSJ2gUFEqIMEzBNKlLpJALUsoKzLBO1XBNiV6SDhnFskHFEHsJ_q8dxP9i_7SjQ3mxUShaFGWOgPmh5LyCOvfOrPxUhtA4svAMO5O8CASHdrIcVS0BkgfJZy5W2VWhRvJLUOrCRtJFDcr6l53Ku_dBkChWvfIEbO2Y70btT5gbscAcVUyAcLj3-1z1GA97lK1iW7aDzC03aydxopH8cpqj0YZm8q1kdJ7Mu5kO0pUAZlqh72gFH-SotOUOvUayti2INicwt63Z7S2CgHxQwRyYb8CP4MtuAAoI4HFqEtMIkQax6f6JKFM9eUW9c0CdQ.y65k9eFzXI5jhEhv7E2cpwjSGoLEkplVLQWkd-COL5Y&dib_tag=se&keywords=sustainable+kitchen+products&qid=1741332041&sr=8-28,13.99,https://m.media-amazon.com/images/I/91UpDUvsk-L._AC_UL320_.jpg,"akeeko reusable beeswax food wraps - assorted 9 packs, eco-friendly reusable wrap, biodegradable, zero waste, organic cloth, sustainable, plastic-free food storage, 1large, 3medium, 5small sizes","['biodegradable', 'zero waste', 'plastic-free', 'reusable', 'sustainable', 'eco-friendly', 'organic']",18,Strong,Likely Product,Sustainable
"Betterway Bamboo Paper Towels - 6 Rolls, 2 Ply - Plastic Free, Disposable Kitchen Paper Towels - Select Size, Tree Free, Compostable, Strong & Absorbent, No Dyes",4.2,543,1K+ bought in past month,https://www.amazon.com/Betterway-Bamboo-Paper-Towels-Compostable/dp/B08L5JSX8R/ref=sr_1_33?dib=eyJ2IjoiMSJ9.YXL5KpBrVCzCHJVGcOOsv6K3jfXAW0HTpHmKGvPjmisq_bj2LwcOSaXmawGl67F5WEXlTovKJLGlxqNbjlSgiYA01aZicQuGDo4s11F1lhkky_cjJzhErrX4PEQnL6yX-KSJ2gUFEqIMEzBNKlLpJALUsoKzLBO1XBNiV6SDhnFskHFEHsJ_q8dxP9i_7SjQ3mxUShaFGWOgPmh5LyCOvfOrPxUhtA4svAMO5O8CASHdrIcVS0BkgfJZy5W2VWhRvJLUOrCRtJFDcr6l53Ku_dBkChWvfIEbO2Y70btT5gbscAcVUyAcLj3-1z1GA97lK1iW7aDzC03aydxopH8cpqj0YZm8q1kdJ7Mu5kO0pUAZlqh72gFH-SotOUOvUayti2INicwt63Z7S2CgHxQwRyYb8CP4MtuAAoI4HFqEtMIkQax6f6JKFM9eUW9c0CdQ.y65k9eFzXI5jhEhv7E2cpwjSGoLEkplVLQWkd-COL5Y&dib_tag=se&keywords=sustainable+kitchen+products&qid=1741332041&sr=8-33,24.99,https://m.media-amazon.com/images/I/71lurRsOm1L._AC_UL320_.jpg,"betterway bamboo paper towels - 6 rolls, 2 ply - plastic free, disposable kitchen paper towels - select size, tree free, compostable, strong & absorbent, no dyes","['compostable', 'plastic free', 'bamboo']",7,Strong,Likely Product,Sustainable
"6 Layer Fleece Duster Refills for Swiffer Hand Duster, Zero Waste, Reusable and Washable Replacement Dusters for Cleaning Ceiling Fan Hardwoods (6 Pack-Multicolour-A)",4.5,161,50+ bought in past month,https://www.amazon.com/Reusable-Washable-Replacement-Hardwoods-Pack-Multicolour/dp/B0CMLNRVT3/ref=sr_1_34?dib=eyJ2IjoiMSJ9.YXL5KpBrVCzCHJVGcOOsv6K3jfXAW0HTpHmKGvPjmisq_bj2LwcOSaXmawGl67F5WEXlTovKJLGlxqNbjlSgiYA01aZicQuGDo4s11F1lhkky_cjJzhErrX4PEQnL6yX-KSJ2gUFEqIMEzBNKlLpJALUsoKzLBO1XBNiV6SDhnFskHFEHsJ_q8dxP9i_7SjQ3mxUShaFGWOgPmh5LyCOvfOrPxUhtA4svAMO5O8CASHdrIcVS0BkgfJZy5W2VWhRvJLUOrCRtJFDcr6l53Ku_dBkChWvfIEbO2Y70btT5gbscAcVUyAcLj3-1z1GA97lK1iW7aDzC03aydxopH8cpqj0YZm8q1kdJ7Mu5kO0pUAZlqh72gFH-SotOUOvUayti2INicwt63Z7S2CgHxQwRyYb8CP4MtuAAoI4HFqEtMIkQax6f6JKFM9eUW9c0CdQ.y65k9eFzXI5jhEhv7E2cpwjSGoLEkplVLQWkd-COL5Y&dib_tag=se&keywords=sustainable+kitchen+products&qid=1741332041&sr=8-34,13.99,https://m.media-amazon.com/images/I/71et3onJIqL._AC_UL320_.jpg,"6 layer fleece duster refills for swiffer hand duster, zero waste, reusable and washable replacement dusters for cleaning ceiling fan hardwoods (6 pack-multicolour-a)","['zero waste', 'reusable', 'washable']",7,Strong,Likely Product,Sustainable
"SUPERSCANDI 10 Pack Swedish Dishcloths for Kitchen - 100% Biodegradable & Compostable Reusable Paper Towels Washable, Food-Safe & Without Plastic - Dish Rags Suitable for Any Surface, Grey",4.7,17991,4K+ bought in past month,https://www.amazon.com/SUPERSCANDI-Dishcloths-Biodegradable-Replacement-Washcloths/dp/B081NPK5Y2/ref=sr_1_35?dib=eyJ2IjoiMSJ9.YXL5KpBrVCzCHJVGcOOsv6K3jfXAW0HTpHmKGvPjmisq_bj2LwcOSaXmawGl67F5WEXlTovKJLGlxqNbjlSgiYA01aZicQuGDo4s11F1lhkky_cjJzhErrX4PEQnL6yX-KSJ2gUFEqIMEzBNKlLpJALUsoKzLBO1XBNiV6SDhnFskHFEHsJ_q8dxP9i_7SjQ3mxUShaFGWOgPmh5LyCOvfOrPxUhtA4svAMO5O8CASHdrIcVS0BkgfJZy5W2VWhRvJLUOrCRtJFDcr6l53Ku_dBkChWvfIEbO2Y70btT5gbscAcVUyAcLj3-1z1GA97lK1iW7aDzC03aydxopH8cpqj0YZm8q1kdJ7Mu5kO0pUAZlqh72gFH-SotOUOvUayti2INicwt63Z7S2CgHxQwRyYb8CP4MtuAAoI4HFqEtMIkQax6f6JKFM9eUW9c0CdQ.y65k9eFzXI5jhEhv7E2cpwjSGoLEkplVLQWkd-COL5Y&dib_tag=se&keywords=sustainable+kitchen+products&qid=1741332041&sr=8-35,12.74,https://m.media-amazon.com/images/I/A1yzKaFeCNL._AC_UL320_.jpg,"superscandi 10 pack swedish dishcloths for kitchen - 100% biodegradable & compostable reusable paper towels washable, food-safe & without plastic - dish rags suitable for any surface, grey","['biodegradable', 'compostable', 'reusable', 'washable']",10,Strong,Likely Product,Sustainable
"Plant Based Kitchen Scouring Pads - Pack of 24 Coconut Husk Non Abrasive Scrubbing Pads - Multipurpose Scrubbies for Dishes - Heavy Duty Dishes, Pan and Pot Scrubbers for Kitchen Non Scratch",4.2,603,500+ bought in past month,https://www.amazon.com/s?k=sustainable+kitchen+products#,12.74,https://m.media-amazon.com/images/I/81ANFTp3l1L._AC_UL320_.jpg,"plant based kitchen scouring pads - pack of 24 coconut husk non abrasive scrubbing pads - multipurpose scrubbies for dishes - heavy duty dishes, pan and pot scrubbers for kitchen non scratch",['plant based'],2,Low,Likely Product,Not Sustainable
"Lerine 10 Pack Dishwasher Safe Reusable Bags Silicone, Leakproof Reusable Freezer Bags, BPA Free Reusable Storage Bags for Lunch Marinate Food Travel - 3 Gallon 4 Sandwich 3 Snack Bags",4.5,6144,4K+ bought in past month,https://www.amazon.com/Dishwasher-Reusable-Silicone-Leakproof-Marinate/dp/B0B2C1K45V/ref=sr_1_41?dib=eyJ2IjoiMSJ9.YXL5KpBrVCzCHJVGcOOsv6K3jfXAW0HTpHmKGvPjmisq_bj2LwcOSaXmawGl67F5WEXlTovKJLGlxqNbjlSgiYA01aZicQuGDo4s11F1lhkky_cjJzhErrX4PEQnL6yX-KSJ2gUFEqIMEzBNKlLpJALUsoKzLBO1XBNiV6SDhnFskHFEHsJ_q8dxP9i_7SjQ3mxUShaFGWOgPmh5LyCOvfOrPxUhtA4svAMO5O8CASHdrIcVS0BkgfJZy5W2VWhRvJLUOrCRtJFDcr6l53Ku_dBkChWvfIEbO2Y70btT5gbscAcVUyAcLj3-1z1GA97lK1iW7aDzC03aydxopH8cpqj0YZm8q1kdJ7Mu5kO0pUAZlqh72gFH-SotOUOvUayti2INicwt63Z7S2CgHxQwRyYb8CP4MtuAAoI4HFqEtMIkQax6f6JKFM9eUW9c0CdQ.y65k9eFzXI5jhEhv7E2cpwjSGoLEkplVLQWkd-COL5Y&dib_tag=se&keywords=sustainable+kitchen+products&qid=1741332041&sr=8-41,13.98,https://m.media-amazon.com/images/I/71ovlHWeCzL._AC_UL320_.jpg,"lerine 10 pack dishwasher safe reusable bags silicone, leakproof reusable freezer bags, bpa free reusable storage bags for lunch marinate food travel - 3 gallon 4 sandwich 3 snack bags",['reusable'],3,Moderate,Likely Product,Potentially Sustainable
"Biodegradable Natural Kitchen Sponge，Eco Friendly Sponges for Dishes,Compostable Cellulose Sponge with Natural Plant Based Coconut Walnut Sustainable Scrubber Sponge Pack of 12",4.6,209,400+ bought in past month,https://www.amazon.com/PANYEE-Biodegradable-Sponge%EF%BC%8CEco-Compostable-Sustainable/dp/B0BMFVXM5Q/ref=sr_1_42?dib=eyJ2IjoiMSJ9.YXL5KpBrVCzCHJVGcOOsv6K3jfXAW0HTpHmKGvPjmisq_bj2LwcOSaXmawGl67F5WEXlTovKJLGlxqNbjlSgiYA01aZicQuGDo4s11F1lhkky_cjJzhErrX4PEQnL6yX-KSJ2gUFEqIMEzBNKlLpJALUsoKzLBO1XBNiV6SDhnFskHFEHsJ_q8dxP9i_7SjQ3mxUShaFGWOgPmh5LyCOvfOrPxUhtA4svAMO5O8CASHdrIcVS0BkgfJZy5W2VWhRvJLUOrCRtJFDcr6l53Ku_dBkChWvfIEbO2Y70btT5gbscAcVUyAcLj3-1z1GA97lK1iW7aDzC03aydxopH8cpqj0YZm8q1kdJ7Mu5kO0pUAZlqh72gFH-SotOUOvUayti2INicwt63Z7S2CgHxQwRyYb8CP4MtuAAoI4HFqEtMIkQax6f6JKFM9eUW9c0CdQ.y65k9eFzXI5jhEhv7E2cpwjSGoLEkplVLQWkd-COL5Y&dib_tag=se&keywords=sustainable+kitchen+products&qid=1741332041&sr=8-42,14.99,https://m.media-amazon.com/images/I/81GmBqaQeuL._AC_UL320_.jpg,"biodegradable natural kitchen sponge，eco friendly sponges for dishes,compostable cellulose sponge with natural plant based coconut walnut sustainable scrubber sponge pack of 12","['biodegradable', 'compostable', 'sustainable', 'eco friendly', 'plant based', 'natural']",13,Strong,Likely Product,Sustainable
"GREENER CHEF Organic Bamboo Cutting Board Set of 3 with Lifetime Replacements - Wood Cutting Board Set with Juice Groove - Wooden Chopping Board Set for Kitchen, Meat, Vegetables and Cheese",4.5,3326,2K+ bought in past month,https://www.amazon.com/LIFETIME-REPLACEMENTS-Organic-Lifetime-Replacements/dp/B085CMXR3V/ref=sr_1_43?dib=eyJ2IjoiMSJ9.YXL5KpBrVCzCHJVGcOOsv6K3jfXAW0HTpHmKGvPjmisq_bj2LwcOSaXmawGl67F5WEXlTovKJLGlxqNbjlSgiYA01aZicQuGDo4s11F1lhkky_cjJzhErrX4PEQnL6yX-KSJ2gUFEqIMEzBNKlLpJALUsoKzLBO1XBNiV6SDhnFskHFEHsJ_q8dxP9i_7SjQ3mxUShaFGWOgPmh5LyCOvfOrPxUhtA4svAMO5O8CASHdrIcVS0BkgfJZy5W2VWhRvJLUOrCRtJFDcr6l53Ku_dBkChWvfIEbO2Y70btT5gbscAcVUyAcLj3-1z1GA97lK1iW7aDzC03aydxopH8cpqj0YZm8q1kdJ7Mu5kO0pUAZlqh72gFH-SotOUOvUayti2INicwt63Z7S2CgHxQwRyYb8CP4MtuAAoI4HFqEtMIkQax6f6JKFM9eUW9c0CdQ.y65k9eFzXI5jhEhv7E2cpwjSGoLEkplVLQWkd-COL5Y&dib_tag=se&keywords=sustainable+kitchen+products&qid=1741332041&sr=8-43,41.89,https://m.media-amazon.com/images/I/71v1XMG-m3L._AC_UL320_.jpg,"greener chef organic bamboo cutting board set of 3 with lifetime replacements - wood cutting board set with juice groove - wooden chopping board set for kitchen, meat, vegetables and cheese","['organic', 'bamboo']",3,Moderate,Likely Product,Potentially Sustainable
Jungle Culture® 6 Piece Natural Dish Brushes for Washing Up • Eco Dish Brush Kitchen Cleaning Set • Plant Based Coconut Scrubbers • Bottle/Pot Brush & Eco Friendly Scourer Sponge for Pans & Dishes,4.4,632,300+ bought in past month,https://www.amazon.com/Jungle-Culture-Eco-Friendly-Plastic-Free-Scrubbers/dp/B08YXYVZ7C/ref=sr_1_44?dib=eyJ2IjoiMSJ9.YXL5KpBrVCzCHJVGcOOsv6K3jfXAW0HTpHmKGvPjmisq_bj2LwcOSaXmawGl67F5WEXlTovKJLGlxqNbjlSgiYA01aZicQuGDo4s11F1lhkky_cjJzhErrX4PEQnL6yX-KSJ2gUFEqIMEzBNKlLpJALUsoKzLBO1XBNiV6SDhnFskHFEHsJ_q8dxP9i_7SjQ3mxUShaFGWOgPmh5LyCOvfOrPxUhtA4svAMO5O8CASHdrIcVS0BkgfJZy5W2VWhRvJLUOrCRtJFDcr6l53Ku_dBkChWvfIEbO2Y70btT5gbscAcVUyAcLj3-1z1GA97lK1iW7aDzC03aydxopH8cpqj0YZm8q1kdJ7Mu5kO0pUAZlqh72gFH-SotOUOvUayti2INicwt63Z7S2CgHxQwRyYb8CP4MtuAAoI4HFqEtMIkQax6f6JKFM9eUW9c0CdQ.y65k9eFzXI5jhEhv7E2cpwjSGoLEkplVLQWkd-COL5Y&dib_tag=se&keywords=sustainable+kitchen+products&qid=1741332041&sr=8-44,25.99,https://m.media-amazon.com/images/I/913AlyfjIcL._AC_UL320_.jpg,jungle culture® 6 piece natural dish brushes for washing up • eco dish brush kitchen cleaning set • plant based coconut scrubbers • bottle/pot brush & eco friendly scourer sponge for pans & dishes,"['eco friendly', 'plant based', 'natural']",5,Moderate,Likely Product,Potentially Sustainable
"Bee's Wrap Reusable Vegan Alternative to Beeswax Food Wraps, Made in the USA, Eco Friendly Food Wraps, Sustainable Organic Cotton Wraps, Assorted 3 Pack (S, M, L), Vegan",4.5,11704,300+ bought in past month,https://www.amazon.com/Bees-Wrap-Eco-Friendly-Sustainable-Alternative/dp/B08TJ31PRT/ref=sr_1_45?dib=eyJ2IjoiMSJ9.YXL5KpBrVCzCHJVGcOOsv6K3jfXAW0HTpHmKGvPjmisq_bj2LwcOSaXmawGl67F5WEXlTovKJLGlxqNbjlSgiYA01aZicQuGDo4s11F1lhkky_cjJzhErrX4PEQnL6yX-KSJ2gUFEqIMEzBNKlLpJALUsoKzLBO1XBNiV6SDhnFskHFEHsJ_q8dxP9i_7SjQ3mxUShaFGWOgPmh5LyCOvfOrPxUhtA4svAMO5O8CASHdrIcVS0BkgfJZy5W2VWhRvJLUOrCRtJFDcr6l53Ku_dBkChWvfIEbO2Y70btT5gbscAcVUyAcLj3-1z1GA97lK1iW7aDzC03aydxopH8cpqj0YZm8q1kdJ7Mu5kO0pUAZlqh72gFH-SotOUOvUayti2INicwt63Z7S2CgHxQwRyYb8CP4MtuAAoI4HFqEtMIkQax6f6JKFM9eUW9c0CdQ.y65k9eFzXI5jhEhv7E2cpwjSGoLEkplVLQWkd-COL5Y&dib_tag=se&keywords=sustainable+kitchen+products&qid=1741332041&sr=8-45,17.99,https://m.media-amazon.com/images/I/81u0TybCX9L._AC_UL320_.jpg,"bee's wrap reusable vegan alternative to beeswax food wraps, made in the usa, eco friendly food wraps, sustainable organic cotton wraps, assorted 3 pack (s, m, l), vegan","['reusable', 'sustainable', 'eco friendly', 'organic', 'vegan']",10,Strong,Likely Product,Sustainable
"Brita Metro Water Filter Pitcher with SmartLight Change Indicator, BPA-Free, Replaces 1,800 Plastic Water Bottles a Year, Lasts Two Months, Includes 1 Filter, Small - 6-Cup Capacity, White",4.5,11614,30K+ bought in past month,https://www.amazon.com/Brita-BPA-Free-Replaces-Accessories-Capacity/dp/B09W4PLVQP/ref=sr_1_46?dib=eyJ2IjoiMSJ9.YXL5KpBrVCzCHJVGcOOsv6K3jfXAW0HTpHmKGvPjmisq_bj2LwcOSaXmawGl67F5WEXlTovKJLGlxqNbjlSgiYA01aZicQuGDo4s11F1lhkky_cjJzhErrX4PEQnL6yX-KSJ2gUFEqIMEzBNKlLpJALUsoKzLBO1XBNiV6SDhnFskHFEHsJ_q8dxP9i_7SjQ3mxUShaFGWOgPmh5LyCOvfOrPxUhtA4svAMO5O8CASHdrIcVS0BkgfJZy5W2VWhRvJLUOrCRtJFDcr6l53Ku_dBkChWvfIEbO2Y70btT5gbscAcVUyAcLj3-1z1GA97lK1iW7aDzC03aydxopH8cpqj0YZm8q1kdJ7Mu5kO0pUAZlqh72gFH-SotOUOvUayti2INicwt63Z7S2CgHxQwRyYb8CP4MtuAAoI4HFqEtMIkQax6f6JKFM9eUW9c0CdQ.y65k9eFzXI5jhEhv7E2cpwjSGoLEkplVLQWkd-COL5Y&dib_tag=se&keywords=sustainable+kitchen+products&qid=1741332041&sr=8-46,17.99,https://m.media-amazon.com/images/I/71TjedQlkoL._AC_UL320_.jpg,"brita metro water filter pitcher with smartlight change indicator, bpa-free, replaces 1,800 plastic water bottles a year, lasts two months, includes 1 filter, small - 6-cup capacity, white",[],0,Low,Likely Product,Not Sustainable
Hippo Sak - Plant Based Tall Kitchen Garbage Bags with Ergonomic Handles - 13 Gallon Trash Bags - Recyclable & Eco Friendly - Super Strong and Leak Proof Tall Kitchen Trash Bags (45 Count),4.8,8837,2K+ bought in past month,https://www.amazon.com/Hippo-Sak-Ergonomic-Recyclable-Friendly/dp/B071JMFKM5/ref=sr_1_47?dib=eyJ2IjoiMSJ9.YXL5KpBrVCzCHJVGcOOsv6K3jfXAW0HTpHmKGvPjmisq_bj2LwcOSaXmawGl67F5WEXlTovKJLGlxqNbjlSgiYA01aZicQuGDo4s11F1lhkky_cjJzhErrX4PEQnL6yX-KSJ2gUFEqIMEzBNKlLpJALUsoKzLBO1XBNiV6SDhnFskHFEHsJ_q8dxP9i_7SjQ3mxUShaFGWOgPmh5LyCOvfOrPxUhtA4svAMO5O8CASHdrIcVS0BkgfJZy5W2VWhRvJLUOrCRtJFDcr6l53Ku_dBkChWvfIEbO2Y70btT5gbscAcVUyAcLj3-1z1GA97lK1iW7aDzC03aydxopH8cpqj0YZm8q1kdJ7Mu5kO0pUAZlqh72gFH-SotOUOvUayti2INicwt63Z7S2CgHxQwRyYb8CP4MtuAAoI4HFqEtMIkQax6f6JKFM9eUW9c0CdQ.y65k9eFzXI5jhEhv7E2cpwjSGoLEkplVLQWkd-COL5Y&dib_tag=se&keywords=sustainable+kitchen+products&qid=1741332041&sr=8-47,22.45,https://m.media-amazon.com/images/I/71AC1L+FAwL._AC_UL320_.jpg,hippo sak - plant based tall kitchen garbage bags with ergonomic handles - 13 gallon trash bags - recyclable & eco friendly - super strong and leak proof tall kitchen trash bags (45 count),"['eco friendly', 'plant based', 'recyclable']",5,Moderate,Likely Product,Potentially Sustainable
"Bee's Wrap Reusable Vegan Alternative to Beeswax Food Wraps, Made in the USA, Eco Friendly, Sustainable Organic Cotton Wraps, Bread Wrap for Homemade Bread, Vegan",4.5,2189,1K+ bought in past month,https://www.amazon.com/Bees-Wrap-Reusable-Friendly-Sustainable/dp/B08JG18M9Y/ref=sr_1_48?dib=eyJ2IjoiMSJ9.YXL5KpBrVCzCHJVGcOOsv6K3jfXAW0HTpHmKGvPjmisq_bj2LwcOSaXmawGl67F5WEXlTovKJLGlxqNbjlSgiYA01aZicQuGDo4s11F1lhkky_cjJzhErrX4PEQnL6yX-KSJ2gUFEqIMEzBNKlLpJALUsoKzLBO1XBNiV6SDhnFskHFEHsJ_q8dxP9i_7SjQ3mxUShaFGWOgPmh5LyCOvfOrPxUhtA4svAMO5O8CASHdrIcVS0BkgfJZy5W2VWhRvJLUOrCRtJFDcr6l53Ku_dBkChWvfIEbO2Y70btT5gbscAcVUyAcLj3-1z1GA97lK1iW7aDzC03aydxopH8cpqj0YZm8q1kdJ7Mu5kO0pUAZlqh72gFH-SotOUOvUayti2INicwt63Z7S2CgHxQwRyYb8CP4MtuAAoI4HFqEtMIkQax6f6JKFM9eUW9c0CdQ.y65k9eFzXI5jhEhv7E2cpwjSGoLEkplVLQWkd-COL5Y&dib_tag=se&keywords=sustainable+kitchen+products&qid=1741332041&sr=8-48,14.99,https://m.media-amazon.com/images/I/818v5fsEUKL._AC_UL320_.jpg,"bee's wrap reusable vegan alternative to beeswax food wraps, made in the usa, eco friendly, sustainable organic cotton wraps, bread wrap for homemade bread, vegan","['reusable', 'sustainable', 'eco friendly', 'organic', 'vegan']",10,Strong,Likely Product,Sustainable
Swedish Dish Cloths - 10 Pack Reusable Kitchen Dishcloths - Ultra Absorbent Dish Towels for Washing Dishes - Cellulose Sponge Cloth Cleaning Rag - Assorted,4.6,2309,4K+ bought in past month,https://www.amazon.com/MoLKENE-Swedish-Dish-Cloths-Dishcloths/dp/B0B9S9SJQB/ref=sr_1_49?dib=eyJ2IjoiMSJ9.YXL5KpBrVCzCHJVGcOOsv6K3jfXAW0HTpHmKGvPjmisq_bj2LwcOSaXmawGl67F5WEXlTovKJLGlxqNbjlSgiYA01aZicQuGDo4s11F1lhkky_cjJzhErrX4PEQnL6yX-KSJ2gUFEqIMEzBNKlLpJALUsoKzLBO1XBNiV6SDhnFskHFEHsJ_q8dxP9i_7SjQ3mxUShaFGWOgPmh5LyCOvfOrPxUhtA4svAMO5O8CASHdrIcVS0BkgfJZy5W2VWhRvJLUOrCRtJFDcr6l53Ku_dBkChWvfIEbO2Y70btT5gbscAcVUyAcLj3-1z1GA97lK1iW7aDzC03aydxopH8cpqj0YZm8q1kdJ7Mu5kO0pUAZlqh72gFH-SotOUOvUayti2INicwt63Z7S2CgHxQwRyYb8CP4MtuAAoI4HFqEtMIkQax6f6JKFM9eUW9c0CdQ.y65k9eFzXI5jhEhv7E2cpwjSGoLEkplVLQWkd-COL5Y&dib_tag=se&keywords=sustainable+kitchen+products&qid=1741332041&sr=8-49,12.99,https://m.media-amazon.com/images/I/81ca6uH9vqL._AC_UL320_.jpg,swedish dish cloths - 10 pack reusable kitchen dishcloths - ultra absorbent dish towels for washing dishes - cellulose sponge cloth cleaning rag - assorted,['reusable'],3,Moderate,Likely Product,Potentially Sustainable
Reusable Paper Towels Zero Waste Paperless Washable 100% Birds Eye Cotton Durable Absorbent Reusable Napkins Alternative Sustainable Kitchen Products 12 in X 11 in 12 Pack,4.0,2,50+ bought in past month,https://www.amazon.com/Naturally-Sensible-Paperless-Alternative-Sustainable/dp/B0BLXYSBSJ/ref=sr_1_50?dib=eyJ2IjoiMSJ9.YXL5KpBrVCzCHJVGcOOsv6K3jfXAW0HTpHmKGvPjmisq_bj2LwcOSaXmawGl67F5WEXlTovKJLGlxqNbjlSgiYA01aZicQuGDo4s11F1lhkky_cjJzhErrX4PEQnL6yX-KSJ2gUFEqIMEzBNKlLpJALUsoKzLBO1XBNiV6SDhnFskHFEHsJ_q8dxP9i_7SjQ3mxUShaFGWOgPmh5LyCOvfOrPxUhtA4svAMO5O8CASHdrIcVS0BkgfJZy5W2VWhRvJLUOrCRtJFDcr6l53Ku_dBkChWvfIEbO2Y70btT5gbscAcVUyAcLj3-1z1GA97lK1iW7aDzC03aydxopH8cpqj0YZm8q1kdJ7Mu5kO0pUAZlqh72gFH-SotOUOvUayti2INicwt63Z7S2CgHxQwRyYb8CP4MtuAAoI4HFqEtMIkQax6f6JKFM9eUW9c0CdQ.y65k9eFzXI5jhEhv7E2cpwjSGoLEkplVLQWkd-COL5Y&dib_tag=se&keywords=sustainable+kitchen+products&qid=1741332041&sr=8-50,14.97,https://m.media-amazon.com/images/I/91ct0t9VlIL._AC_UL320_.jpg,reusable paper towels zero waste paperless washable 100% birds eye cotton durable absorbent reusable napkins alternative sustainable kitchen products 12 in x 11 in 12 pack,"['zero waste', 'reusable', 'sustainable', 'washable']",9,Strong,Likely Product,Sustainable
"24 Pack Kitchen Dishcloths - Does Not Shed Fluff - Reusable Dish Towels, Dish cloths, Super Absorbent Coral Fleece Cleaning Cloths, Nonstick Oil Washable Fast Drying, 7 x 9 Inch (Multicolor)",4.3,23413,2K+ bought in past month,https://www.amazon.com/Pack-Kitchen-Dishcloths-Absorbent-Multicolor/dp/B08C2H9CSQ/ref=sr_1_51?dib=eyJ2IjoiMSJ9.YXL5KpBrVCzCHJVGcOOsv6K3jfXAW0HTpHmKGvPjmisq_bj2LwcOSaXmawGl67F5WEXlTovKJLGlxqNbjlSgiYA01aZicQuGDo4s11F1lhkky_cjJzhErrX4PEQnL6yX-KSJ2gUFEqIMEzBNKlLpJALUsoKzLBO1XBNiV6SDhnFskHFEHsJ_q8dxP9i_7SjQ3mxUShaFGWOgPmh5LyCOvfOrPxUhtA4svAMO5O8CASHdrIcVS0BkgfJZy5W2VWhRvJLUOrCRtJFDcr6l53Ku_dBkChWvfIEbO2Y70btT5gbscAcVUyAcLj3-1z1GA97lK1iW7aDzC03aydxopH8cpqj0YZm8q1kdJ7Mu5kO0pUAZlqh72gFH-SotOUOvUayti2INicwt63Z7S2CgHxQwRyYb8CP4MtuAAoI4HFqEtMIkQax6f6JKFM9eUW9c0CdQ.y65k9eFzXI5jhEhv7E2cpwjSGoLEkplVLQWkd-COL5Y&dib_tag=se&keywords=sustainable+kitchen+products&qid=1741332041&sr=8-51,9.99,https://m.media-amazon.com/images/I/710D0TAltXL._AC_UL320_.jpg,"24 pack kitchen dishcloths - does not shed fluff - reusable dish towels, dish cloths, super absorbent coral fleece cleaning cloths, nonstick oil washable fast drying, 7 x 9 inch (multicolor)","['reusable', 'washable']",4,Moderate,Likely Product,Potentially Sustainable
"UNNI Compostable Liner Bags, 2.6 Gallon, 9.84 Liter, Extra Thick 0.71 Mil, 100 Count, Small Kitchen Food Scrap Waste Bags, ASTM D6400, US BPI, CMA and Europe OK compost HOME Certified, San Francisco",4.6,26593,10K+ bought in past month,https://www.amazon.com/UNNI-Compostable-Kitchen-Certified-Francisco/dp/B013XGQXVW/ref=sr_1_52?dib=eyJ2IjoiMSJ9.YXL5KpBrVCzCHJVGcOOsv6K3jfXAW0HTpHmKGvPjmisq_bj2LwcOSaXmawGl67F5WEXlTovKJLGlxqNbjlSgiYA01aZicQuGDo4s11F1lhkky_cjJzhErrX4PEQnL6yX-KSJ2gUFEqIMEzBNKlLpJALUsoKzLBO1XBNiV6SDhnFskHFEHsJ_q8dxP9i_7SjQ3mxUShaFGWOgPmh5LyCOvfOrPxUhtA4svAMO5O8CASHdrIcVS0BkgfJZy5W2VWhRvJLUOrCRtJFDcr6l53Ku_dBkChWvfIEbO2Y70btT5gbscAcVUyAcLj3-1z1GA97lK1iW7aDzC03aydxopH8cpqj0YZm8q1kdJ7Mu5kO0pUAZlqh72gFH-SotOUOvUayti2INicwt63Z7S2CgHxQwRyYb8CP4MtuAAoI4HFqEtMIkQax6f6JKFM9eUW9c0CdQ.y65k9eFzXI5jhEhv7E2cpwjSGoLEkplVLQWkd-COL5Y&dib_tag=se&keywords=sustainable+kitchen+products&qid=1741332041&sr=8-52,12.69,https://m.media-amazon.com/images/I/71ybUvPV3nL._AC_UL320_.jpg,"unni compostable liner bags, 2.6 gallon, 9.84 liter, extra thick 0.71 mil, 100 count, small kitchen food scrap waste bags, astm d6400, us bpi, cma and europe ok compost home certified, san francisco",['compostable'],3,Moderate,Likely Product,Potentially Sustainable
"Papaya Reusable Paper Towels 2-Pack - 2 Sheets + 1 Hooks, Quick Drying, No Odor, 1 Sheet Replaces 17 Rolls, Washable Kitchen Cloth, Sustainable Dish Sponge, Eco Friendly Gift",4.3,298,900+ bought in past month,https://www.amazon.com/Papaya-Reusable-Paper-Towels-2-Pack/dp/B0D8L3GSTF/ref=sr_1_53?dib=eyJ2IjoiMSJ9.YXL5KpBrVCzCHJVGcOOsv6K3jfXAW0HTpHmKGvPjmisq_bj2LwcOSaXmawGl67F5WEXlTovKJLGlxqNbjlSgiYA01aZicQuGDo4s11F1lhkky_cjJzhErrX4PEQnL6yX-KSJ2gUFEqIMEzBNKlLpJALUsoKzLBO1XBNiV6SDhnFskHFEHsJ_q8dxP9i_7SjQ3mxUShaFGWOgPmh5LyCOvfOrPxUhtA4svAMO5O8CASHdrIcVS0BkgfJZy5W2VWhRvJLUOrCRtJFDcr6l53Ku_dBkChWvfIEbO2Y70btT5gbscAcVUyAcLj3-1z1GA97lK1iW7aDzC03aydxopH8cpqj0YZm8q1kdJ7Mu5kO0pUAZlqh72gFH-SotOUOvUayti2INicwt63Z7S2CgHxQwRyYb8CP4MtuAAoI4HFqEtMIkQax6f6JKFM9eUW9c0CdQ.y65k9eFzXI5jhEhv7E2cpwjSGoLEkplVLQWkd-COL5Y&dib_tag=se&keywords=sustainable+kitchen+products&qid=1741332041&sr=8-53,16.99,https://m.media-amazon.com/images/I/61LrtNvIr2L._AC_UL320_.jpg,"papaya reusable paper towels 2-pack - 2 sheets + 1 hooks, quick drying, no odor, 1 sheet replaces 17 rolls, washable kitchen cloth, sustainable dish sponge, eco friendly gift","['reusable', 'sustainable', 'eco friendly', 'washable']",8,Strong,Likely Product,Sustainable
100% Compostable Forks - 500 Large Disposable Utensils (7 in.) Bulk Size Eco Friendly Durable and Heat Resistant Alternative to Plastic Forks with Convenient Tray,4.7,126,500+ bought in past month,https://www.amazon.com/s?k=sustainable+kitchen+products#,16.99,https://m.media-amazon.com/images/I/61vtZ1CjVgL._AC_UL320_.jpg,100% compostable forks - 500 large disposable utensils (7 in.) bulk size eco friendly durable and heat resistant alternative to plastic forks with convenient tray,"['compostable', 'eco friendly']",5,Moderate,Likely Product,Potentially Sustainable
Chic Leaf Compostable & Biodegradable Palm Leaf Disposable Bamboo Plates - Disposable Party Plates for Appetizers - Party Supplies (10 & 7 Inch Square),4.5,2886,1K+ bought in past month,https://www.amazon.com/s?k=sustainable+kitchen+products#,16.99,https://m.media-amazon.com/images/I/816VTKGCGwL._AC_UL320_.jpg,chic leaf compostable & biodegradable palm leaf disposable bamboo plates - disposable party plates for appetizers - party supplies (10 & 7 inch square),"['biodegradable', 'compostable', 'bamboo']",7,Strong,Likely Product,Sustainable
Vplus 150 Pack Compostable Disposable Paper Plates 10 inch Super Strong 100% Bagasse Natural Biodegradable Eco-Friendly Sugarcane Plates(nature),4.7,2070,2K+ bought in past month,https://www.amazon.com/s?k=sustainable+kitchen+products#,16.99,https://m.media-amazon.com/images/I/81E8-fN3j7L._AC_UL320_.jpg,vplus 150 pack compostable disposable paper plates 10 inch super strong 100% bagasse natural biodegradable eco-friendly sugarcane plates(nature),"['biodegradable', 'compostable', 'eco-friendly', 'natural']",9,Strong,Likely Product,Sustainable
24 Pack Natural Kitchen Sponge - Biodegradable Compostable Cellulose and Coconut Scrubber Sponge - Eco Friendly Sponges for Dishes,4.6,4984,1K+ bought in past month,https://www.amazon.com/s?k=sustainable+kitchen+products#,16.99,https://m.media-amazon.com/images/I/813UD7WnKYL._AC_UL320_.jpg,24 pack natural kitchen sponge - biodegradable compostable cellulose and coconut scrubber sponge - eco friendly sponges for dishes,"['biodegradable', 'compostable', 'eco friendly', 'natural']",9,Strong,Likely Product,Sustainable
"Natural Kitchen Sponge - Biodegradable, Compostable Cellulose & Coconut Scrubber Sponge - Pack of 12 Eco-Friendly Sponges for Dishes",4.4,32,100+ bought in past month,https://www.amazon.com/s?k=sustainable+kitchen+products#,16.99,https://m.media-amazon.com/images/I/81KYp3azmtL._AC_UL320_.jpg,"natural kitchen sponge - biodegradable, compostable cellulose & coconut scrubber sponge - pack of 12 eco-friendly sponges for dishes","['biodegradable', 'compostable', 'eco-friendly', 'natural']",9,Strong,Likely Product,Sustainable
Natural Sponge by Scrubit - 24-Pack - Biodegradable Cellulose Natural Sponges for Dishes with a Tough Eco-Friendly Scouring Pad for Kitchen and Bathroom – Non-Stick Plant-Based Compostable Sponges,4.3,955,400+ bought in past month,https://www.amazon.com/s?k=sustainable+kitchen+products#,16.99,https://m.media-amazon.com/images/I/71KUoOsW1qL._AC_UL320_.jpg,natural sponge by scrubit - 24-pack - biodegradable cellulose natural sponges for dishes with a tough eco-friendly scouring pad for kitchen and bathroom – non-stick plant-based compostable sponges,"['biodegradable', 'compostable', 'eco-friendly', 'plant-based', 'natural']",11,Strong,Likely Product,Sustainable
"150 Count 12 OZ Heavy-duty Paper Coffee Cups, White Disposable Cup for Hot and Cold Beverage",4.6,505,200+ bought in past month,https://www.amazon.com/s?k=sustainable+kitchen+products#,16.99,https://m.media-amazon.com/images/I/51I+tZWQ+1L._AC_UL320_.jpg,"150 count 12 oz heavy-duty paper coffee cups, white disposable cup for hot and cold beverage",[],0,Low,Likely Product,Not Sustainable
Natural Kitchen Sponge - Biodegradable Compostable Cellulose and Coconut Scrubber Sponge - Pack of 12 Eco Friendly Sponges for Dishes,4.6,4984,10K+ bought in past month,https://www.amazon.com/AIRNEX-Biodegradable-Natural-Kitchen-Sponge/dp/B0917GV13P/ref=sr_1_1?dib=eyJ2IjoiMSJ9.GBJnUoCqP2Z1ChOttOdnYOQnCCdadmnsoCd7J0RKRxq4p0H9xhC_dquWoem99ilLK_B84TTzgz5XEpMsa4J-YAt0H_zoVOSlQySCDabLMfuS0oE5ukW6kOlcj_v2dMoqlp9ngM-6Ui1d7Xj7xC_3ab0fORNuFRNBvHuZEzO2b6HxukgwZVcDSwDBi0VjCtcb0iLPZ0RV-yTrACt2zq-T5hlLFMlzf7BBruQWuAwirRHkBOb_Vw7FbMn7Avx6C8GiJmDE3Sp4FbOG9ai3RNUiN7s2vt5phyYmFsuBsMuVYdey0UleoWgeVLP963g6S4OVwMZucnH-e-rzFDHiPu-ueT16Gi2YfZqDlFKII-fTvytCU58gWuyvJnm7eXUSurqW4oBMrdcW6lpRq-P8BxoyGmNHwpq6K6ZsjHv4a2lywjfGkLpqlJbskcF9bLrnGUKt.DZEO-sabHeLURjJDIxHFAPh2C6bIqGyzre-YjVwWf_E&dib_tag=se&keywords=biodegradable+kitchen+products&qid=1741332191&sr=8-1,14.95,https://m.media-amazon.com/images/I/91zidZ1V1VL._AC_UL320_.jpg,natural kitchen sponge - biodegradable compostable cellulose and coconut scrubber sponge - pack of 12 eco friendly sponges for dishes,"['biodegradable', 'compostable', 'eco friendly', 'natural']",9,Strong,Likely Product,Sustainable
"Plant-Based Kitchen Sponges - FSC Certified and PETA Approved, Natural, Eco-Friendly, Biodegradable Sisal Hemp Sponges for Dishes, Cleaning Sponge for Kitchen, Bathroom, Household - 12 Count",4.6,248,3K+ bought in past month,https://www.amazon.com/Isshah-Plant-Based-Kitchen-Sponges-Biodegradable/dp/B0CSBG92MF/ref=sr_1_2?dib=eyJ2IjoiMSJ9.GBJnUoCqP2Z1ChOttOdnYOQnCCdadmnsoCd7J0RKRxq4p0H9xhC_dquWoem99ilLK_B84TTzgz5XEpMsa4J-YAt0H_zoVOSlQySCDabLMfuS0oE5ukW6kOlcj_v2dMoqlp9ngM-6Ui1d7Xj7xC_3ab0fORNuFRNBvHuZEzO2b6HxukgwZVcDSwDBi0VjCtcb0iLPZ0RV-yTrACt2zq-T5hlLFMlzf7BBruQWuAwirRHkBOb_Vw7FbMn7Avx6C8GiJmDE3Sp4FbOG9ai3RNUiN7s2vt5phyYmFsuBsMuVYdey0UleoWgeVLP963g6S4OVwMZucnH-e-rzFDHiPu-ueT16Gi2YfZqDlFKII-fTvytCU58gWuyvJnm7eXUSurqW4oBMrdcW6lpRq-P8BxoyGmNHwpq6K6ZsjHv4a2lywjfGkLpqlJbskcF9bLrnGUKt.DZEO-sabHeLURjJDIxHFAPh2C6bIqGyzre-YjVwWf_E&dib_tag=se&keywords=biodegradable+kitchen+products&qid=1741332191&sr=8-2,9.99,https://m.media-amazon.com/images/I/81GEZUgvk2L._AC_UL320_.jpg,"plant-based kitchen sponges - fsc certified and peta approved, natural, eco-friendly, biodegradable sisal hemp sponges for dishes, cleaning sponge for kitchen, bathroom, household - 12 count","['biodegradable', 'eco-friendly', 'plant-based', 'fsc certified', 'natural']",10,Strong,Likely Product,Sustainable
"SUPERBIO 13 Gallon Compostable Kitchen Waste Bags with Handles, Food Scrap Bags Certified by BPI, OK compost INDUSTRIAL, 30 Count, 49.2L",4.6,1746,5K+ bought in past month,https://www.amazon.com/SUPERBIO-Certified-commercially-compostable-INDUSTRIAL/dp/B09323839M/ref=sr_1_3?dib=eyJ2IjoiMSJ9.GBJnUoCqP2Z1ChOttOdnYOQnCCdadmnsoCd7J0RKRxq4p0H9xhC_dquWoem99ilLK_B84TTzgz5XEpMsa4J-YAt0H_zoVOSlQySCDabLMfuS0oE5ukW6kOlcj_v2dMoqlp9ngM-6Ui1d7Xj7xC_3ab0fORNuFRNBvHuZEzO2b6HxukgwZVcDSwDBi0VjCtcb0iLPZ0RV-yTrACt2zq-T5hlLFMlzf7BBruQWuAwirRHkBOb_Vw7FbMn7Avx6C8GiJmDE3Sp4FbOG9ai3RNUiN7s2vt5phyYmFsuBsMuVYdey0UleoWgeVLP963g6S4OVwMZucnH-e-rzFDHiPu-ueT16Gi2YfZqDlFKII-fTvytCU58gWuyvJnm7eXUSurqW4oBMrdcW6lpRq-P8BxoyGmNHwpq6K6ZsjHv4a2lywjfGkLpqlJbskcF9bLrnGUKt.DZEO-sabHeLURjJDIxHFAPh2C6bIqGyzre-YjVwWf_E&dib_tag=se&keywords=biodegradable+kitchen+products&qid=1741332191&sr=8-3,21.07,https://m.media-amazon.com/images/I/71ufNiSWI7L._AC_UL320_.jpg,"superbio 13 gallon compostable kitchen waste bags with handles, food scrap bags certified by bpi, ok compost industrial, 30 count, 49.2l",['compostable'],3,Moderate,Likely Product,Potentially Sustainable
Tall Kitchen Biodegradable Trash Bags 13 Gallon (120 Bags) Eco-friendly Medium Green Garbage Bag 55 Liter Landfill-Friendly Can Liners Portable Camping Toilet Bags Made With epi (120 count),4.4,215,700+ bought in past month,https://www.amazon.com/Eco-friendly-Portable-TDPA-Totally-Degradable-Additives/dp/B0B7LBFHC1/ref=sr_1_4?dib=eyJ2IjoiMSJ9.GBJnUoCqP2Z1ChOttOdnYOQnCCdadmnsoCd7J0RKRxq4p0H9xhC_dquWoem99ilLK_B84TTzgz5XEpMsa4J-YAt0H_zoVOSlQySCDabLMfuS0oE5ukW6kOlcj_v2dMoqlp9ngM-6Ui1d7Xj7xC_3ab0fORNuFRNBvHuZEzO2b6HxukgwZVcDSwDBi0VjCtcb0iLPZ0RV-yTrACt2zq-T5hlLFMlzf7BBruQWuAwirRHkBOb_Vw7FbMn7Avx6C8GiJmDE3Sp4FbOG9ai3RNUiN7s2vt5phyYmFsuBsMuVYdey0UleoWgeVLP963g6S4OVwMZucnH-e-rzFDHiPu-ueT16Gi2YfZqDlFKII-fTvytCU58gWuyvJnm7eXUSurqW4oBMrdcW6lpRq-P8BxoyGmNHwpq6K6ZsjHv4a2lywjfGkLpqlJbskcF9bLrnGUKt.DZEO-sabHeLURjJDIxHFAPh2C6bIqGyzre-YjVwWf_E&dib_tag=se&keywords=biodegradable+kitchen+products&qid=1741332191&sr=8-4,20.58,https://m.media-amazon.com/images/I/61N4SSlvRUL._AC_UL320_.jpg,tall kitchen biodegradable trash bags 13 gallon (120 bags) eco-friendly medium green garbage bag 55 liter landfill-friendly can liners portable camping toilet bags made with epi (120 count),"['biodegradable', 'eco-friendly']",5,Moderate,Likely Product,Potentially Sustainable
Reli. Biodegradable 13 Gallon Trash Bags | 100 Count | ASTM D6954 | Green | Eco-Friendly | Oxobiodegradable Under Certain Conditions (See Product Description),4.2,2018,1K+ bought in past month,https://www.amazon.com/Reli-Biodegradable-Gallon-Eco-Friendly-Garbage/dp/B08DQJ3DW8/ref=sr_1_5?dib=eyJ2IjoiMSJ9.GBJnUoCqP2Z1ChOttOdnYOQnCCdadmnsoCd7J0RKRxq4p0H9xhC_dquWoem99ilLK_B84TTzgz5XEpMsa4J-YAt0H_zoVOSlQySCDabLMfuS0oE5ukW6kOlcj_v2dMoqlp9ngM-6Ui1d7Xj7xC_3ab0fORNuFRNBvHuZEzO2b6HxukgwZVcDSwDBi0VjCtcb0iLPZ0RV-yTrACt2zq-T5hlLFMlzf7BBruQWuAwirRHkBOb_Vw7FbMn7Avx6C8GiJmDE3Sp4FbOG9ai3RNUiN7s2vt5phyYmFsuBsMuVYdey0UleoWgeVLP963g6S4OVwMZucnH-e-rzFDHiPu-ueT16Gi2YfZqDlFKII-fTvytCU58gWuyvJnm7eXUSurqW4oBMrdcW6lpRq-P8BxoyGmNHwpq6K6ZsjHv4a2lywjfGkLpqlJbskcF9bLrnGUKt.DZEO-sabHeLURjJDIxHFAPh2C6bIqGyzre-YjVwWf_E&dib_tag=se&keywords=biodegradable+kitchen+products&qid=1741332191&sr=8-5,19.99,https://m.media-amazon.com/images/I/71GBsAlO1+L._AC_UL320_.jpg,reli. biodegradable 13 gallon trash bags | 100 count | astm d6954 | green | eco-friendly | oxobiodegradable under certain conditions (see product description),"['biodegradable', 'eco-friendly']",5,Moderate,Likely Product,Potentially Sustainable
"UNNI Compostable Liner Bags, 2.6 Gallon, 9.84 Liter, Extra Thick 0.71 Mil, 100 Count, Small Kitchen Food Scrap Waste Bags, ASTM D6400, US BPI, CMA and Europe OK compost HOME Certified, San Francisco",4.6,26593,10K+ bought in past month,https://www.amazon.com/UNNI-Compostable-Kitchen-Certified-Francisco/dp/B013XGQXVW/ref=sr_1_6?dib=eyJ2IjoiMSJ9.GBJnUoCqP2Z1ChOttOdnYOQnCCdadmnsoCd7J0RKRxq4p0H9xhC_dquWoem99ilLK_B84TTzgz5XEpMsa4J-YAt0H_zoVOSlQySCDabLMfuS0oE5ukW6kOlcj_v2dMoqlp9ngM-6Ui1d7Xj7xC_3ab0fORNuFRNBvHuZEzO2b6HxukgwZVcDSwDBi0VjCtcb0iLPZ0RV-yTrACt2zq-T5hlLFMlzf7BBruQWuAwirRHkBOb_Vw7FbMn7Avx6C8GiJmDE3Sp4FbOG9ai3RNUiN7s2vt5phyYmFsuBsMuVYdey0UleoWgeVLP963g6S4OVwMZucnH-e-rzFDHiPu-ueT16Gi2YfZqDlFKII-fTvytCU58gWuyvJnm7eXUSurqW4oBMrdcW6lpRq-P8BxoyGmNHwpq6K6ZsjHv4a2lywjfGkLpqlJbskcF9bLrnGUKt.DZEO-sabHeLURjJDIxHFAPh2C6bIqGyzre-YjVwWf_E&dib_tag=se&keywords=biodegradable+kitchen+products&qid=1741332191&sr=8-6,12.69,https://m.media-amazon.com/images/I/71ybUvPV3nL._AC_UL320_.jpg,"unni compostable liner bags, 2.6 gallon, 9.84 liter, extra thick 0.71 mil, 100 count, small kitchen food scrap waste bags, astm d6400, us bpi, cma and europe ok compost home certified, san francisco",['compostable'],3,Moderate,Likely Product,Potentially Sustainable
"Matter Assorted Kitchen Bags 230 Count, Certified Compostable Biodegradable Eco-Friendly, Resealable Food Storage Bags, Variety Pack, 80 Snack Bags, 80 Sandwich Bags, 50 Quart Bags, 20 Gallon Bags",4.6,232,1K+ bought in past month,https://www.amazon.com/Matter-Compostable-Biodegradable-Eco-Friendly-Resealable/dp/B0CQN6VN44/ref=sr_1_7?dib=eyJ2IjoiMSJ9.GBJnUoCqP2Z1ChOttOdnYOQnCCdadmnsoCd7J0RKRxq4p0H9xhC_dquWoem99ilLK_B84TTzgz5XEpMsa4J-YAt0H_zoVOSlQySCDabLMfuS0oE5ukW6kOlcj_v2dMoqlp9ngM-6Ui1d7Xj7xC_3ab0fORNuFRNBvHuZEzO2b6HxukgwZVcDSwDBi0VjCtcb0iLPZ0RV-yTrACt2zq-T5hlLFMlzf7BBruQWuAwirRHkBOb_Vw7FbMn7Avx6C8GiJmDE3Sp4FbOG9ai3RNUiN7s2vt5phyYmFsuBsMuVYdey0UleoWgeVLP963g6S4OVwMZucnH-e-rzFDHiPu-ueT16Gi2YfZqDlFKII-fTvytCU58gWuyvJnm7eXUSurqW4oBMrdcW6lpRq-P8BxoyGmNHwpq6K6ZsjHv4a2lywjfGkLpqlJbskcF9bLrnGUKt.DZEO-sabHeLURjJDIxHFAPh2C6bIqGyzre-YjVwWf_E&dib_tag=se&keywords=biodegradable+kitchen+products&qid=1741332191&sr=8-7,28.99,https://m.media-amazon.com/images/I/71KEhj4311L._AC_UL320_.jpg,"matter assorted kitchen bags 230 count, certified compostable biodegradable eco-friendly, resealable food storage bags, variety pack, 80 snack bags, 80 sandwich bags, 50 quart bags, 20 gallon bags","['biodegradable', 'compostable', 'eco-friendly', 'certified compostable']",10,Strong,Likely Product,Sustainable
Hippo Sak - Plant Based Tall Kitchen Garbage Bags with Ergonomic Handles - 13 Gallon Trash Bags - Recyclable & Eco Friendly - Super Strong and Leak Proof Tall Kitchen Trash Bags (45 Count),4.8,8837,2K+ bought in past month,https://www.amazon.com/Hippo-Sak-Ergonomic-Recyclable-Friendly/dp/B071JMFKM5/ref=sr_1_8?dib=eyJ2IjoiMSJ9.GBJnUoCqP2Z1ChOttOdnYOQnCCdadmnsoCd7J0RKRxq4p0H9xhC_dquWoem99ilLK_B84TTzgz5XEpMsa4J-YAt0H_zoVOSlQySCDabLMfuS0oE5ukW6kOlcj_v2dMoqlp9ngM-6Ui1d7Xj7xC_3ab0fORNuFRNBvHuZEzO2b6HxukgwZVcDSwDBi0VjCtcb0iLPZ0RV-yTrACt2zq-T5hlLFMlzf7BBruQWuAwirRHkBOb_Vw7FbMn7Avx6C8GiJmDE3Sp4FbOG9ai3RNUiN7s2vt5phyYmFsuBsMuVYdey0UleoWgeVLP963g6S4OVwMZucnH-e-rzFDHiPu-ueT16Gi2YfZqDlFKII-fTvytCU58gWuyvJnm7eXUSurqW4oBMrdcW6lpRq-P8BxoyGmNHwpq6K6ZsjHv4a2lywjfGkLpqlJbskcF9bLrnGUKt.DZEO-sabHeLURjJDIxHFAPh2C6bIqGyzre-YjVwWf_E&dib_tag=se&keywords=biodegradable+kitchen+products&qid=1741332191&sr=8-8,22.45,https://m.media-amazon.com/images/I/71AC1L+FAwL._AC_UL320_.jpg,hippo sak - plant based tall kitchen garbage bags with ergonomic handles - 13 gallon trash bags - recyclable & eco friendly - super strong and leak proof tall kitchen trash bags (45 count),"['eco friendly', 'plant based', 'recyclable']",5,Moderate,Likely Product,Potentially Sustainable
9 Pack Biodegradable Natural Kitchen Sponge - Compostable Cellulose and Coconut Walnut Scrubber Sponge - Eco Friendly Sustainable Sponges for Dishes,4.6,225,1K+ bought in past month,https://www.amazon.com/KICKLEEN-Biodegradable-Natural-Kitchen-Sponge/dp/B0BZS36SNX/ref=sr_1_9?dib=eyJ2IjoiMSJ9.GBJnUoCqP2Z1ChOttOdnYOQnCCdadmnsoCd7J0RKRxq4p0H9xhC_dquWoem99ilLK_B84TTzgz5XEpMsa4J-YAt0H_zoVOSlQySCDabLMfuS0oE5ukW6kOlcj_v2dMoqlp9ngM-6Ui1d7Xj7xC_3ab0fORNuFRNBvHuZEzO2b6HxukgwZVcDSwDBi0VjCtcb0iLPZ0RV-yTrACt2zq-T5hlLFMlzf7BBruQWuAwirRHkBOb_Vw7FbMn7Avx6C8GiJmDE3Sp4FbOG9ai3RNUiN7s2vt5phyYmFsuBsMuVYdey0UleoWgeVLP963g6S4OVwMZucnH-e-rzFDHiPu-ueT16Gi2YfZqDlFKII-fTvytCU58gWuyvJnm7eXUSurqW4oBMrdcW6lpRq-P8BxoyGmNHwpq6K6ZsjHv4a2lywjfGkLpqlJbskcF9bLrnGUKt.DZEO-sabHeLURjJDIxHFAPh2C6bIqGyzre-YjVwWf_E&dib_tag=se&keywords=biodegradable+kitchen+products&qid=1741332191&sr=8-9,9.99,https://m.media-amazon.com/images/I/81baSZWXDXL._AC_UL320_.jpg,9 pack biodegradable natural kitchen sponge - compostable cellulose and coconut walnut scrubber sponge - eco friendly sustainable sponges for dishes,"['biodegradable', 'compostable', 'sustainable', 'eco friendly', 'natural']",11,Strong,Likely Product,Sustainable
"6 Pack Natural Kitchen Sponges, Compostable White Cellulose & Organic Coconut Scrubber Sponge for Washing Dishes, Kind Eco Friendly Non-Scratch & Biodegradable Dish Sponges",4.6,169,1K+ bought in past month,https://www.amazon.com/Pack-Compostable-Cellulose-Non-Scratch-Biodegradable/dp/B0D2LSL2Z9/ref=sr_1_10?dib=eyJ2IjoiMSJ9.GBJnUoCqP2Z1ChOttOdnYOQnCCdadmnsoCd7J0RKRxq4p0H9xhC_dquWoem99ilLK_B84TTzgz5XEpMsa4J-YAt0H_zoVOSlQySCDabLMfuS0oE5ukW6kOlcj_v2dMoqlp9ngM-6Ui1d7Xj7xC_3ab0fORNuFRNBvHuZEzO2b6HxukgwZVcDSwDBi0VjCtcb0iLPZ0RV-yTrACt2zq-T5hlLFMlzf7BBruQWuAwirRHkBOb_Vw7FbMn7Avx6C8GiJmDE3Sp4FbOG9ai3RNUiN7s2vt5phyYmFsuBsMuVYdey0UleoWgeVLP963g6S4OVwMZucnH-e-rzFDHiPu-ueT16Gi2YfZqDlFKII-fTvytCU58gWuyvJnm7eXUSurqW4oBMrdcW6lpRq-P8BxoyGmNHwpq6K6ZsjHv4a2lywjfGkLpqlJbskcF9bLrnGUKt.DZEO-sabHeLURjJDIxHFAPh2C6bIqGyzre-YjVwWf_E&dib_tag=se&keywords=biodegradable+kitchen+products&qid=1741332191&sr=8-10,7.99,https://m.media-amazon.com/images/I/910poEibyxL._AC_UL320_.jpg,"6 pack natural kitchen sponges, compostable white cellulose & organic coconut scrubber sponge for washing dishes, kind eco friendly non-scratch & biodegradable dish sponges","['biodegradable', 'compostable', 'eco friendly', 'organic', 'natural']",11,Strong,Likely Product,Sustainable
"Orighty Non-Scratch Scrub Sponge, 24-Pack, Biodegradable Cellulose Kitchen Scrubber Sponges, Ideal for Kitchen Cleaning, Non-Stick Cookware, Washing Dishes, Bathroom, and Household",4.2,1319,600+ bought in past month,https://www.amazon.com/Orighty-Non-Scratch-Biodegradable-Cellulose-Non-Stick/dp/B0CT2X26B6/ref=sr_1_11?dib=eyJ2IjoiMSJ9.GBJnUoCqP2Z1ChOttOdnYOQnCCdadmnsoCd7J0RKRxq4p0H9xhC_dquWoem99ilLK_B84TTzgz5XEpMsa4J-YAt0H_zoVOSlQySCDabLMfuS0oE5ukW6kOlcj_v2dMoqlp9ngM-6Ui1d7Xj7xC_3ab0fORNuFRNBvHuZEzO2b6HxukgwZVcDSwDBi0VjCtcb0iLPZ0RV-yTrACt2zq-T5hlLFMlzf7BBruQWuAwirRHkBOb_Vw7FbMn7Avx6C8GiJmDE3Sp4FbOG9ai3RNUiN7s2vt5phyYmFsuBsMuVYdey0UleoWgeVLP963g6S4OVwMZucnH-e-rzFDHiPu-ueT16Gi2YfZqDlFKII-fTvytCU58gWuyvJnm7eXUSurqW4oBMrdcW6lpRq-P8BxoyGmNHwpq6K6ZsjHv4a2lywjfGkLpqlJbskcF9bLrnGUKt.DZEO-sabHeLURjJDIxHFAPh2C6bIqGyzre-YjVwWf_E&dib_tag=se&keywords=biodegradable+kitchen+products&qid=1741332191&sr=8-11,8.99,https://m.media-amazon.com/images/I/81mvY4kW3GL._AC_UL320_.jpg,"orighty non-scratch scrub sponge, 24-pack, biodegradable cellulose kitchen scrubber sponges, ideal for kitchen cleaning, non-stick cookware, washing dishes, bathroom, and household",['biodegradable'],3,Moderate,Likely Product,Potentially Sustainable
Natural Hemp Sponges for Dishes - Biodegradable Scrubber for dishwashing -Organic Reusable Unsponges Hand Knitted- Eco Friendly 100%-Compostable Set of 3,4.2,597,100+ bought in past month,https://www.amazon.com/Natural-Hemp-Sponges-Dishes-100-Compostable/dp/B07T168RBR/ref=sr_1_12?dib=eyJ2IjoiMSJ9.GBJnUoCqP2Z1ChOttOdnYOQnCCdadmnsoCd7J0RKRxq4p0H9xhC_dquWoem99ilLK_B84TTzgz5XEpMsa4J-YAt0H_zoVOSlQySCDabLMfuS0oE5ukW6kOlcj_v2dMoqlp9ngM-6Ui1d7Xj7xC_3ab0fORNuFRNBvHuZEzO2b6HxukgwZVcDSwDBi0VjCtcb0iLPZ0RV-yTrACt2zq-T5hlLFMlzf7BBruQWuAwirRHkBOb_Vw7FbMn7Avx6C8GiJmDE3Sp4FbOG9ai3RNUiN7s2vt5phyYmFsuBsMuVYdey0UleoWgeVLP963g6S4OVwMZucnH-e-rzFDHiPu-ueT16Gi2YfZqDlFKII-fTvytCU58gWuyvJnm7eXUSurqW4oBMrdcW6lpRq-P8BxoyGmNHwpq6K6ZsjHv4a2lywjfGkLpqlJbskcF9bLrnGUKt.DZEO-sabHeLURjJDIxHFAPh2C6bIqGyzre-YjVwWf_E&dib_tag=se&keywords=biodegradable+kitchen+products&qid=1741332191&sr=8-12,17.0,https://m.media-amazon.com/images/I/912Ukzx09SL._AC_UL320_.jpg,natural hemp sponges for dishes - biodegradable scrubber for dishwashing -organic reusable unsponges hand knitted- eco friendly 100%-compostable set of 3,"['biodegradable', 'compostable', 'reusable', 'eco friendly', 'organic', 'natural']",14,Strong,Likely Product,Sustainable
"ECOLipak 13 Gallon Compostable Trash Bags, 50 Count (1 Roll) Biodegradable Heavy Duty Bathroom Kitchen Trash Garbage Bags for Home/Office, US BPI ASTM D6400 and OK Compost Home Certified",4.2,16,50+ bought in past month,https://www.amazon.com/ECOLipak-Compostable-Biodegradable-Bathroom-Certified/dp/B0DDPM7J4B/ref=sr_1_13?dib=eyJ2IjoiMSJ9.GBJnUoCqP2Z1ChOttOdnYOQnCCdadmnsoCd7J0RKRxq4p0H9xhC_dquWoem99ilLK_B84TTzgz5XEpMsa4J-YAt0H_zoVOSlQySCDabLMfuS0oE5ukW6kOlcj_v2dMoqlp9ngM-6Ui1d7Xj7xC_3ab0fORNuFRNBvHuZEzO2b6HxukgwZVcDSwDBi0VjCtcb0iLPZ0RV-yTrACt2zq-T5hlLFMlzf7BBruQWuAwirRHkBOb_Vw7FbMn7Avx6C8GiJmDE3Sp4FbOG9ai3RNUiN7s2vt5phyYmFsuBsMuVYdey0UleoWgeVLP963g6S4OVwMZucnH-e-rzFDHiPu-ueT16Gi2YfZqDlFKII-fTvytCU58gWuyvJnm7eXUSurqW4oBMrdcW6lpRq-P8BxoyGmNHwpq6K6ZsjHv4a2lywjfGkLpqlJbskcF9bLrnGUKt.DZEO-sabHeLURjJDIxHFAPh2C6bIqGyzre-YjVwWf_E&dib_tag=se&keywords=biodegradable+kitchen+products&qid=1741332191&sr=8-13,16.99,https://m.media-amazon.com/images/I/71-vKZBRrpL._AC_UL320_.jpg,"ecolipak 13 gallon compostable trash bags, 50 count (1 roll) biodegradable heavy duty bathroom kitchen trash garbage bags for home/office, us bpi astm d6400 and ok compost home certified","['biodegradable', 'compostable']",6,Strong,Likely Product,Sustainable
"13 Gallon Compostable Trash Bags Liners Drawstring, Heavy Duty Extra Thick 1 Mil, 49.21 Liter, 30 Bags, Tall Kitchen Food Scrap Waste Bag, ASTM D6400, US BPI and OK Compost Home Certified",4.2,802,2K+ bought in past month,https://www.amazon.com/Simply-Bio-Compostable-Drawstring-Certified/dp/B0C9NGQGXP/ref=sr_1_14?dib=eyJ2IjoiMSJ9.GBJnUoCqP2Z1ChOttOdnYOQnCCdadmnsoCd7J0RKRxq4p0H9xhC_dquWoem99ilLK_B84TTzgz5XEpMsa4J-YAt0H_zoVOSlQySCDabLMfuS0oE5ukW6kOlcj_v2dMoqlp9ngM-6Ui1d7Xj7xC_3ab0fORNuFRNBvHuZEzO2b6HxukgwZVcDSwDBi0VjCtcb0iLPZ0RV-yTrACt2zq-T5hlLFMlzf7BBruQWuAwirRHkBOb_Vw7FbMn7Avx6C8GiJmDE3Sp4FbOG9ai3RNUiN7s2vt5phyYmFsuBsMuVYdey0UleoWgeVLP963g6S4OVwMZucnH-e-rzFDHiPu-ueT16Gi2YfZqDlFKII-fTvytCU58gWuyvJnm7eXUSurqW4oBMrdcW6lpRq-P8BxoyGmNHwpq6K6ZsjHv4a2lywjfGkLpqlJbskcF9bLrnGUKt.DZEO-sabHeLURjJDIxHFAPh2C6bIqGyzre-YjVwWf_E&dib_tag=se&keywords=biodegradable+kitchen+products&qid=1741332191&sr=8-14,18.18,https://m.media-amazon.com/images/I/71ZZHB2BkgL._AC_UL320_.jpg,"13 gallon compostable trash bags liners drawstring, heavy duty extra thick 1 mil, 49.21 liter, 30 bags, tall kitchen food scrap waste bag, astm d6400, us bpi and ok compost home certified",['compostable'],3,Moderate,Likely Product,Potentially Sustainable
"SUPERBIO 13 Gallon Compostable Drawstring Kitchen Waste Bag, 49.2 Liter, 30 Count,1 Mils, Heavy Duty Food Scrap Bags, BPI, Seedling and OK compost INDUSTRIAL",4.4,68,600+ bought in past month,https://www.amazon.com/SUPERBIO-Compostable-Drawstring-Seedling-INDUSTRIAL/dp/B0D4TXRWQZ/ref=sr_1_15?dib=eyJ2IjoiMSJ9.GBJnUoCqP2Z1ChOttOdnYOQnCCdadmnsoCd7J0RKRxq4p0H9xhC_dquWoem99ilLK_B84TTzgz5XEpMsa4J-YAt0H_zoVOSlQySCDabLMfuS0oE5ukW6kOlcj_v2dMoqlp9ngM-6Ui1d7Xj7xC_3ab0fORNuFRNBvHuZEzO2b6HxukgwZVcDSwDBi0VjCtcb0iLPZ0RV-yTrACt2zq-T5hlLFMlzf7BBruQWuAwirRHkBOb_Vw7FbMn7Avx6C8GiJmDE3Sp4FbOG9ai3RNUiN7s2vt5phyYmFsuBsMuVYdey0UleoWgeVLP963g6S4OVwMZucnH-e-rzFDHiPu-ueT16Gi2YfZqDlFKII-fTvytCU58gWuyvJnm7eXUSurqW4oBMrdcW6lpRq-P8BxoyGmNHwpq6K6ZsjHv4a2lywjfGkLpqlJbskcF9bLrnGUKt.DZEO-sabHeLURjJDIxHFAPh2C6bIqGyzre-YjVwWf_E&dib_tag=se&keywords=biodegradable+kitchen+products&qid=1741332191&sr=8-15,22.95,https://m.media-amazon.com/images/I/61hdYy4LSZL._AC_UL320_.jpg,"superbio 13 gallon compostable drawstring kitchen waste bag, 49.2 liter, 30 count,1 mils, heavy duty food scrap bags, bpi, seedling and ok compost industrial",['compostable'],3,Moderate,Likely Product,Potentially Sustainable
"Great Lakes 2.6 Gallon Compostable and Biodegradable Trash Bag, 100 Count, Small Compostable Bag For Kitchen Food Scrap, Bathroom, Office, Certified by BPI and OK Compost Home",4.8,34,200+ bought in past month,https://www.amazon.com/Great-Lakes-Compostable-Biodegradable-Certified/dp/B0DBPD7SWW/ref=sr_1_16?dib=eyJ2IjoiMSJ9.GBJnUoCqP2Z1ChOttOdnYOQnCCdadmnsoCd7J0RKRxq4p0H9xhC_dquWoem99ilLK_B84TTzgz5XEpMsa4J-YAt0H_zoVOSlQySCDabLMfuS0oE5ukW6kOlcj_v2dMoqlp9ngM-6Ui1d7Xj7xC_3ab0fORNuFRNBvHuZEzO2b6HxukgwZVcDSwDBi0VjCtcb0iLPZ0RV-yTrACt2zq-T5hlLFMlzf7BBruQWuAwirRHkBOb_Vw7FbMn7Avx6C8GiJmDE3Sp4FbOG9ai3RNUiN7s2vt5phyYmFsuBsMuVYdey0UleoWgeVLP963g6S4OVwMZucnH-e-rzFDHiPu-ueT16Gi2YfZqDlFKII-fTvytCU58gWuyvJnm7eXUSurqW4oBMrdcW6lpRq-P8BxoyGmNHwpq6K6ZsjHv4a2lywjfGkLpqlJbskcF9bLrnGUKt.DZEO-sabHeLURjJDIxHFAPh2C6bIqGyzre-YjVwWf_E&dib_tag=se&keywords=biodegradable+kitchen+products&qid=1741332191&sr=8-16,12.55,https://m.media-amazon.com/images/I/61LF5TVF8kL._AC_UL320_.jpg,"great lakes 2.6 gallon compostable and biodegradable trash bag, 100 count, small compostable bag for kitchen food scrap, bathroom, office, certified by bpi and ok compost home","['biodegradable', 'compostable']",6,Strong,Likely Product,Sustainable
"Gaia Guy Natural Dish Sponge (10 Pack), Compostable Kitchen Scrubber Scouring Pad, 100% Plastic-Free Loofah Plant-Based Dishwashing Scrubber, Biodegradable and Zero Waste",3.8,145,50+ bought in past month,https://www.amazon.com/Gaia-Guy-Plastic-Free-Plant-Based-Biodegradable/dp/B08B1KR1F6/ref=sr_1_17?dib=eyJ2IjoiMSJ9.GBJnUoCqP2Z1ChOttOdnYOQnCCdadmnsoCd7J0RKRxq4p0H9xhC_dquWoem99ilLK_B84TTzgz5XEpMsa4J-YAt0H_zoVOSlQySCDabLMfuS0oE5ukW6kOlcj_v2dMoqlp9ngM-6Ui1d7Xj7xC_3ab0fORNuFRNBvHuZEzO2b6HxukgwZVcDSwDBi0VjCtcb0iLPZ0RV-yTrACt2zq-T5hlLFMlzf7BBruQWuAwirRHkBOb_Vw7FbMn7Avx6C8GiJmDE3Sp4FbOG9ai3RNUiN7s2vt5phyYmFsuBsMuVYdey0UleoWgeVLP963g6S4OVwMZucnH-e-rzFDHiPu-ueT16Gi2YfZqDlFKII-fTvytCU58gWuyvJnm7eXUSurqW4oBMrdcW6lpRq-P8BxoyGmNHwpq6K6ZsjHv4a2lywjfGkLpqlJbskcF9bLrnGUKt.DZEO-sabHeLURjJDIxHFAPh2C6bIqGyzre-YjVwWf_E&dib_tag=se&keywords=biodegradable+kitchen+products&qid=1741332191&sr=8-17,12.99,https://m.media-amazon.com/images/I/81bpgkUi5qL._AC_UL320_.jpg,"gaia guy natural dish sponge (10 pack), compostable kitchen scrubber scouring pad, 100% plastic-free loofah plant-based dishwashing scrubber, biodegradable and zero waste","['biodegradable', 'compostable', 'zero waste', 'plastic-free', 'plant-based', 'natural']",15,Strong,Likely Product,Sustainable
"Akeeko Reusable Beeswax Food Wraps - Assorted 9 Packs, Eco-Friendly Reusable Wrap, Biodegradable, Zero Waste, Organic Cloth, Sustainable, Plastic-Free Food Storage, 1Large, 3Medium, 5Small Sizes",4.4,2426,50+ bought in past month,https://www.amazon.com/Reusable-Wraps-Beeswax-Assorted-Packs/dp/B092CBDKWG/ref=sr_1_18?dib=eyJ2IjoiMSJ9.GBJnUoCqP2Z1ChOttOdnYOQnCCdadmnsoCd7J0RKRxq4p0H9xhC_dquWoem99ilLK_B84TTzgz5XEpMsa4J-YAt0H_zoVOSlQySCDabLMfuS0oE5ukW6kOlcj_v2dMoqlp9ngM-6Ui1d7Xj7xC_3ab0fORNuFRNBvHuZEzO2b6HxukgwZVcDSwDBi0VjCtcb0iLPZ0RV-yTrACt2zq-T5hlLFMlzf7BBruQWuAwirRHkBOb_Vw7FbMn7Avx6C8GiJmDE3Sp4FbOG9ai3RNUiN7s2vt5phyYmFsuBsMuVYdey0UleoWgeVLP963g6S4OVwMZucnH-e-rzFDHiPu-ueT16Gi2YfZqDlFKII-fTvytCU58gWuyvJnm7eXUSurqW4oBMrdcW6lpRq-P8BxoyGmNHwpq6K6ZsjHv4a2lywjfGkLpqlJbskcF9bLrnGUKt.DZEO-sabHeLURjJDIxHFAPh2C6bIqGyzre-YjVwWf_E&dib_tag=se&keywords=biodegradable+kitchen+products&qid=1741332191&sr=8-18,13.99,https://m.media-amazon.com/images/I/91UpDUvsk-L._AC_UL320_.jpg,"akeeko reusable beeswax food wraps - assorted 9 packs, eco-friendly reusable wrap, biodegradable, zero waste, organic cloth, sustainable, plastic-free food storage, 1large, 3medium, 5small sizes","['biodegradable', 'zero waste', 'plastic-free', 'reusable', 'sustainable', 'eco-friendly', 'organic']",18,Strong,Likely Product,Sustainable
| Organic Cotton Dish Cloth | Eco-Friendly Kitchen Cloth | Biodegradable & Compostable Cleaning Cloth | Beach Sand,4.5,177,50+ bought in past month,https://www.amazon.com/Wild-Stone-Eco-Friendly-Biodegradable-Compostable/dp/B0BZ56WQYC/ref=sr_1_19?dib=eyJ2IjoiMSJ9.GBJnUoCqP2Z1ChOttOdnYOQnCCdadmnsoCd7J0RKRxq4p0H9xhC_dquWoem99ilLK_B84TTzgz5XEpMsa4J-YAt0H_zoVOSlQySCDabLMfuS0oE5ukW6kOlcj_v2dMoqlp9ngM-6Ui1d7Xj7xC_3ab0fORNuFRNBvHuZEzO2b6HxukgwZVcDSwDBi0VjCtcb0iLPZ0RV-yTrACt2zq-T5hlLFMlzf7BBruQWuAwirRHkBOb_Vw7FbMn7Avx6C8GiJmDE3Sp4FbOG9ai3RNUiN7s2vt5phyYmFsuBsMuVYdey0UleoWgeVLP963g6S4OVwMZucnH-e-rzFDHiPu-ueT16Gi2YfZqDlFKII-fTvytCU58gWuyvJnm7eXUSurqW4oBMrdcW6lpRq-P8BxoyGmNHwpq6K6ZsjHv4a2lywjfGkLpqlJbskcF9bLrnGUKt.DZEO-sabHeLURjJDIxHFAPh2C6bIqGyzre-YjVwWf_E&dib_tag=se&keywords=biodegradable+kitchen+products&qid=1741332191&sr=8-19,6.99,https://m.media-amazon.com/images/I/81FLJnwpCqL._AC_UL320_.jpg,| organic cotton dish cloth | eco-friendly kitchen cloth | biodegradable & compostable cleaning cloth | beach sand,"['biodegradable', 'compostable', 'eco-friendly', 'organic']",10,Strong,Likely Product,Sustainable
10 Pack Biodegradable Natural Sponges Kitchen - Compostable Cellulose and Coconut Walnut Scrubber Sponge - Eco Friendly Sponges for Dishes,5.0,3,50+ bought in past month,https://www.amazon.com/Rasket-Biodegradable-Natural-Sponges-Kitchen/dp/B0DKNMPCT6/ref=sr_1_20?dib=eyJ2IjoiMSJ9.GBJnUoCqP2Z1ChOttOdnYOQnCCdadmnsoCd7J0RKRxq4p0H9xhC_dquWoem99ilLK_B84TTzgz5XEpMsa4J-YAt0H_zoVOSlQySCDabLMfuS0oE5ukW6kOlcj_v2dMoqlp9ngM-6Ui1d7Xj7xC_3ab0fORNuFRNBvHuZEzO2b6HxukgwZVcDSwDBi0VjCtcb0iLPZ0RV-yTrACt2zq-T5hlLFMlzf7BBruQWuAwirRHkBOb_Vw7FbMn7Avx6C8GiJmDE3Sp4FbOG9ai3RNUiN7s2vt5phyYmFsuBsMuVYdey0UleoWgeVLP963g6S4OVwMZucnH-e-rzFDHiPu-ueT16Gi2YfZqDlFKII-fTvytCU58gWuyvJnm7eXUSurqW4oBMrdcW6lpRq-P8BxoyGmNHwpq6K6ZsjHv4a2lywjfGkLpqlJbskcF9bLrnGUKt.DZEO-sabHeLURjJDIxHFAPh2C6bIqGyzre-YjVwWf_E&dib_tag=se&keywords=biodegradable+kitchen+products&qid=1741332191&sr=8-20,13.99,https://m.media-amazon.com/images/I/91uEI3VZQML._AC_UL320_.jpg,10 pack biodegradable natural sponges kitchen - compostable cellulose and coconut walnut scrubber sponge - eco friendly sponges for dishes,"['biodegradable', 'compostable', 'eco friendly', 'natural']",9,Strong,Likely Product,Sustainable
"Biodegradable Natural Kitchen Sponge，Eco Friendly Sponges for Dishes,Compostable Cellulose Sponge with Natural Plant Based Coconut Walnut Sustainable Scrubber Sponge Pack of 12",4.6,209,400+ bought in past month,https://www.amazon.com/PANYEE-Biodegradable-Sponge%EF%BC%8CEco-Compostable-Sustainable/dp/B0BMFVXM5Q/ref=sr_1_25?dib=eyJ2IjoiMSJ9.GBJnUoCqP2Z1ChOttOdnYOQnCCdadmnsoCd7J0RKRxq4p0H9xhC_dquWoem99ilLK_B84TTzgz5XEpMsa4J-YAt0H_zoVOSlQySCDabLMfuS0oE5ukW6kOlcj_v2dMoqlp9ngM-6Ui1d7Xj7xC_3ab0fORNuFRNBvHuZEzO2b6HxukgwZVcDSwDBi0VjCtcb0iLPZ0RV-yTrACt2zq-T5hlLFMlzf7BBruQWuAwirRHkBOb_Vw7FbMn7Avx6C8GiJmDE3Sp4FbOG9ai3RNUiN7s2vt5phyYmFsuBsMuVYdey0UleoWgeVLP963g6S4OVwMZucnH-e-rzFDHiPu-ueT16Gi2YfZqDlFKII-fTvytCU58gWuyvJnm7eXUSurqW4oBMrdcW6lpRq-P8BxoyGmNHwpq6K6ZsjHv4a2lywjfGkLpqlJbskcF9bLrnGUKt.DZEO-sabHeLURjJDIxHFAPh2C6bIqGyzre-YjVwWf_E&dib_tag=se&keywords=biodegradable+kitchen+products&qid=1741332191&sr=8-25,14.99,https://m.media-amazon.com/images/I/81GmBqaQeuL._AC_UL320_.jpg,"biodegradable natural kitchen sponge，eco friendly sponges for dishes,compostable cellulose sponge with natural plant based coconut walnut sustainable scrubber sponge pack of 12","['biodegradable', 'compostable', 'sustainable', 'eco friendly', 'plant based', 'natural']",13,Strong,Likely Product,Sustainable
"Biodegradable Home Line Trash Bag | Can Liner | 13 GALLONS Tall Kitchen Trash Bag | Eco Friendly | 100% Made from Recycled Product | Super Strong, No Spills | 90 Count.",4.4,4,50+ bought in past month,https://www.amazon.com/Vitabag-Biodegradable-Friendly-Recycled-Resistant/dp/B0CLYVSCR1/ref=sr_1_26?dib=eyJ2IjoiMSJ9.GBJnUoCqP2Z1ChOttOdnYOQnCCdadmnsoCd7J0RKRxq4p0H9xhC_dquWoem99ilLK_B84TTzgz5XEpMsa4J-YAt0H_zoVOSlQySCDabLMfuS0oE5ukW6kOlcj_v2dMoqlp9ngM-6Ui1d7Xj7xC_3ab0fORNuFRNBvHuZEzO2b6HxukgwZVcDSwDBi0VjCtcb0iLPZ0RV-yTrACt2zq-T5hlLFMlzf7BBruQWuAwirRHkBOb_Vw7FbMn7Avx6C8GiJmDE3Sp4FbOG9ai3RNUiN7s2vt5phyYmFsuBsMuVYdey0UleoWgeVLP963g6S4OVwMZucnH-e-rzFDHiPu-ueT16Gi2YfZqDlFKII-fTvytCU58gWuyvJnm7eXUSurqW4oBMrdcW6lpRq-P8BxoyGmNHwpq6K6ZsjHv4a2lywjfGkLpqlJbskcF9bLrnGUKt.DZEO-sabHeLURjJDIxHFAPh2C6bIqGyzre-YjVwWf_E&dib_tag=se&keywords=biodegradable+kitchen+products&qid=1741332191&sr=8-26,24.99,https://m.media-amazon.com/images/I/61FPfGajEjL._AC_UL320_.jpg,"biodegradable home line trash bag | can liner | 13 gallons tall kitchen trash bag | eco friendly | 100% made from recycled product | super strong, no spills | 90 count.","['biodegradable', 'eco friendly']",5,Moderate,Likely Product,Potentially Sustainable
"FRAMAR Biodegradable Green Gloves Latex Free Large – Disposable Nitrile Gloves Large, Large Rubber Gloves Disposable, Disposable Cleaning Gloves Large, Non Latex Gloves Large, Hair Dye Gloves 100 Pk",4.6,828,300+ bought in past month,https://www.amazon.com/FRAMAR-Biodegradable-Green-Gloves-Latex/dp/B0CNF8F5S7/ref=sr_1_27?dib=eyJ2IjoiMSJ9.GBJnUoCqP2Z1ChOttOdnYOQnCCdadmnsoCd7J0RKRxq4p0H9xhC_dquWoem99ilLK_B84TTzgz5XEpMsa4J-YAt0H_zoVOSlQySCDabLMfuS0oE5ukW6kOlcj_v2dMoqlp9ngM-6Ui1d7Xj7xC_3ab0fORNuFRNBvHuZEzO2b6HxukgwZVcDSwDBi0VjCtcb0iLPZ0RV-yTrACt2zq-T5hlLFMlzf7BBruQWuAwirRHkBOb_Vw7FbMn7Avx6C8GiJmDE3Sp4FbOG9ai3RNUiN7s2vt5phyYmFsuBsMuVYdey0UleoWgeVLP963g6S4OVwMZucnH-e-rzFDHiPu-ueT16Gi2YfZqDlFKII-fTvytCU58gWuyvJnm7eXUSurqW4oBMrdcW6lpRq-P8BxoyGmNHwpq6K6ZsjHv4a2lywjfGkLpqlJbskcF9bLrnGUKt.DZEO-sabHeLURjJDIxHFAPh2C6bIqGyzre-YjVwWf_E&dib_tag=se&keywords=biodegradable+kitchen+products&qid=1741332191&sr=8-27,16.99,https://m.media-amazon.com/images/I/71lmS2wA2lL._AC_UL320_.jpg,"framar biodegradable green gloves latex free large – disposable nitrile gloves large, large rubber gloves disposable, disposable cleaning gloves large, non latex gloves large, hair dye gloves 100 pk",['biodegradable'],3,Moderate,Likely Product,Potentially Sustainable
"FEBU Swedish Dishcloths for Kitchen | 5 Pack Watercolor Reusable Paper Towels Washable | Swedish Dish Towels | Non-Scratch Cellulose Sponge Cloths | No Odor, Biodegradable Cleaning Cloths",4.6,5751,1K+ bought in past month,https://www.amazon.com/FEBU-Dishcloths-Watercolor-Cellulose-Biodegradable/dp/B09JPC3688/ref=sr_1_28?dib=eyJ2IjoiMSJ9.GBJnUoCqP2Z1ChOttOdnYOQnCCdadmnsoCd7J0RKRxq4p0H9xhC_dquWoem99ilLK_B84TTzgz5XEpMsa4J-YAt0H_zoVOSlQySCDabLMfuS0oE5ukW6kOlcj_v2dMoqlp9ngM-6Ui1d7Xj7xC_3ab0fORNuFRNBvHuZEzO2b6HxukgwZVcDSwDBi0VjCtcb0iLPZ0RV-yTrACt2zq-T5hlLFMlzf7BBruQWuAwirRHkBOb_Vw7FbMn7Avx6C8GiJmDE3Sp4FbOG9ai3RNUiN7s2vt5phyYmFsuBsMuVYdey0UleoWgeVLP963g6S4OVwMZucnH-e-rzFDHiPu-ueT16Gi2YfZqDlFKII-fTvytCU58gWuyvJnm7eXUSurqW4oBMrdcW6lpRq-P8BxoyGmNHwpq6K6ZsjHv4a2lywjfGkLpqlJbskcF9bLrnGUKt.DZEO-sabHeLURjJDIxHFAPh2C6bIqGyzre-YjVwWf_E&dib_tag=se&keywords=biodegradable+kitchen+products&qid=1741332191&sr=8-28,11.2,https://m.media-amazon.com/images/I/81FBh8uXs-L._AC_UL320_.jpg,"febu swedish dishcloths for kitchen | 5 pack watercolor reusable paper towels washable | swedish dish towels | non-scratch cellulose sponge cloths | no odor, biodegradable cleaning cloths","['biodegradable', 'reusable', 'washable']",7,Strong,Likely Product,Sustainable
"Biodegradable Trash Bag Code Q (50 count), Heavy Duty Tall Trash Bag compatible with Simplehuman Code Q,13-17 Gallons, ATSM 6954, D2W, 1.2mil / 30 micron Thickness",4.6,1186,2K+ bought in past month,https://www.amazon.com/Emilys-Choice-Biodegradable-compatible-Simplehuman/dp/B09DQ7JR3L/ref=sr_1_33?dib=eyJ2IjoiMSJ9.GBJnUoCqP2Z1ChOttOdnYOQnCCdadmnsoCd7J0RKRxq4p0H9xhC_dquWoem99ilLK_B84TTzgz5XEpMsa4J-YAt0H_zoVOSlQySCDabLMfuS0oE5ukW6kOlcj_v2dMoqlp9ngM-6Ui1d7Xj7xC_3ab0fORNuFRNBvHuZEzO2b6HxukgwZVcDSwDBi0VjCtcb0iLPZ0RV-yTrACt2zq-T5hlLFMlzf7BBruQWuAwirRHkBOb_Vw7FbMn7Avx6C8GiJmDE3Sp4FbOG9ai3RNUiN7s2vt5phyYmFsuBsMuVYdey0UleoWgeVLP963g6S4OVwMZucnH-e-rzFDHiPu-ueT16Gi2YfZqDlFKII-fTvytCU58gWuyvJnm7eXUSurqW4oBMrdcW6lpRq-P8BxoyGmNHwpq6K6ZsjHv4a2lywjfGkLpqlJbskcF9bLrnGUKt.DZEO-sabHeLURjJDIxHFAPh2C6bIqGyzre-YjVwWf_E&dib_tag=se&keywords=biodegradable+kitchen+products&qid=1741332191&sr=8-33,23.31,https://m.media-amazon.com/images/I/816ZeIFsYoL._AC_UL320_.jpg,"biodegradable trash bag code q (50 count), heavy duty tall trash bag compatible with simplehuman code q,13-17 gallons, atsm 6954, d2w, 1.2mil / 30 micron thickness",['biodegradable'],3,Moderate,Likely Product,Potentially Sustainable
"Wood Pulp Cotton and Sisal Double-Sided Cleaning Sponges, Non-Scratch, Absorbent, Hard-Wearing, Pack of 6, Cleaning Dishes, Kitchen Countertops, Kitchenware, Non-Stick Cookware, Sinks, Tan",4.4,66,100+ bought in past month,https://www.amazon.com/Ancivon-Double-Sided-Non-Scratch-Hard-Wearing-Countertops/dp/B0D1GM5QPS/ref=sr_1_34?dib=eyJ2IjoiMSJ9.GBJnUoCqP2Z1ChOttOdnYOQnCCdadmnsoCd7J0RKRxq4p0H9xhC_dquWoem99ilLK_B84TTzgz5XEpMsa4J-YAt0H_zoVOSlQySCDabLMfuS0oE5ukW6kOlcj_v2dMoqlp9ngM-6Ui1d7Xj7xC_3ab0fORNuFRNBvHuZEzO2b6HxukgwZVcDSwDBi0VjCtcb0iLPZ0RV-yTrACt2zq-T5hlLFMlzf7BBruQWuAwirRHkBOb_Vw7FbMn7Avx6C8GiJmDE3Sp4FbOG9ai3RNUiN7s2vt5phyYmFsuBsMuVYdey0UleoWgeVLP963g6S4OVwMZucnH-e-rzFDHiPu-ueT16Gi2YfZqDlFKII-fTvytCU58gWuyvJnm7eXUSurqW4oBMrdcW6lpRq-P8BxoyGmNHwpq6K6ZsjHv4a2lywjfGkLpqlJbskcF9bLrnGUKt.DZEO-sabHeLURjJDIxHFAPh2C6bIqGyzre-YjVwWf_E&dib_tag=se&keywords=biodegradable+kitchen+products&qid=1741332191&sr=8-34,5.88,https://m.media-amazon.com/images/I/71Bkk3AKfuL._AC_UL320_.jpg,"wood pulp cotton and sisal double-sided cleaning sponges, non-scratch, absorbent, hard-wearing, pack of 6, cleaning dishes, kitchen countertops, kitchenware, non-stick cookware, sinks, tan",[],0,Low,Likely Product,Not Sustainable
Zero Waste Starter Kit | Sustainable Gifts | Bamboo Stainless Steel Thermos | Mesh Bag | Eco-Friendly Gift Set | Reusable & Biodegradable Environmental Home Kitchen Products | Low Waste Packaging,5.0,5,50+ bought in past month,https://www.amazon.com/Sustainable-Friendly-Biodegradable-Environmental-Packaging/dp/B0BZ2DGCHT/ref=sr_1_35?dib=eyJ2IjoiMSJ9.GBJnUoCqP2Z1ChOttOdnYOQnCCdadmnsoCd7J0RKRxq4p0H9xhC_dquWoem99ilLK_B84TTzgz5XEpMsa4J-YAt0H_zoVOSlQySCDabLMfuS0oE5ukW6kOlcj_v2dMoqlp9ngM-6Ui1d7Xj7xC_3ab0fORNuFRNBvHuZEzO2b6HxukgwZVcDSwDBi0VjCtcb0iLPZ0RV-yTrACt2zq-T5hlLFMlzf7BBruQWuAwirRHkBOb_Vw7FbMn7Avx6C8GiJmDE3Sp4FbOG9ai3RNUiN7s2vt5phyYmFsuBsMuVYdey0UleoWgeVLP963g6S4OVwMZucnH-e-rzFDHiPu-ueT16Gi2YfZqDlFKII-fTvytCU58gWuyvJnm7eXUSurqW4oBMrdcW6lpRq-P8BxoyGmNHwpq6K6ZsjHv4a2lywjfGkLpqlJbskcF9bLrnGUKt.DZEO-sabHeLURjJDIxHFAPh2C6bIqGyzre-YjVwWf_E&dib_tag=se&keywords=biodegradable+kitchen+products&qid=1741332191&sr=8-35,38.98,https://m.media-amazon.com/images/I/71LyX9yVt0L._AC_UL320_.jpg,zero waste starter kit | sustainable gifts | bamboo stainless steel thermos | mesh bag | eco-friendly gift set | reusable & biodegradable environmental home kitchen products | low waste packaging,"['biodegradable', 'zero waste', 'reusable', 'sustainable', 'eco-friendly', 'bamboo']",14,Strong,Likely Product,Sustainable
"Scrub Sponges (30-Pack), Eco-Friendly, All-Purpose Household Natural Loofah Sponges, for Dishes, Cleaning, Biodegradable, Non-Scratch",4.2,492,500+ bought in past month,https://www.amazon.com/Scrub-Throw-Eco-Friendly-All-Purpose-Biodegradable/dp/B09T4JS8LV/ref=sr_1_36?dib=eyJ2IjoiMSJ9.GBJnUoCqP2Z1ChOttOdnYOQnCCdadmnsoCd7J0RKRxq4p0H9xhC_dquWoem99ilLK_B84TTzgz5XEpMsa4J-YAt0H_zoVOSlQySCDabLMfuS0oE5ukW6kOlcj_v2dMoqlp9ngM-6Ui1d7Xj7xC_3ab0fORNuFRNBvHuZEzO2b6HxukgwZVcDSwDBi0VjCtcb0iLPZ0RV-yTrACt2zq-T5hlLFMlzf7BBruQWuAwirRHkBOb_Vw7FbMn7Avx6C8GiJmDE3Sp4FbOG9ai3RNUiN7s2vt5phyYmFsuBsMuVYdey0UleoWgeVLP963g6S4OVwMZucnH-e-rzFDHiPu-ueT16Gi2YfZqDlFKII-fTvytCU58gWuyvJnm7eXUSurqW4oBMrdcW6lpRq-P8BxoyGmNHwpq6K6ZsjHv4a2lywjfGkLpqlJbskcF9bLrnGUKt.DZEO-sabHeLURjJDIxHFAPh2C6bIqGyzre-YjVwWf_E&dib_tag=se&keywords=biodegradable+kitchen+products&qid=1741332191&sr=8-36,19.99,https://m.media-amazon.com/images/I/71kmKutm1JL._AC_UL320_.jpg,"scrub sponges (30-pack), eco-friendly, all-purpose household natural loofah sponges, for dishes, cleaning, biodegradable, non-scratch","['biodegradable', 'eco-friendly', 'natural']",6,Strong,Likely Product,Sustainable
"13 Gallon Compostable Trash Bags with Drawstring, Heavy Duty Extra Thick 1 Mil, 49.21 Liter, 30 Bags, Tall Kitchen Food Scrap Waste Bag, ASTM D6400, US BPI and OK Compost Home Certified (13 Gallon)",4.5,56,100+ bought in past month,https://www.amazon.com/Compostable-Drawstring-Kitchen-Compost-Certified/dp/B0CT8RKPBY/ref=sr_1_41?dib=eyJ2IjoiMSJ9.GBJnUoCqP2Z1ChOttOdnYOQnCCdadmnsoCd7J0RKRxq4p0H9xhC_dquWoem99ilLK_B84TTzgz5XEpMsa4J-YAt0H_zoVOSlQySCDabLMfuS0oE5ukW6kOlcj_v2dMoqlp9ngM-6Ui1d7Xj7xC_3ab0fORNuFRNBvHuZEzO2b6HxukgwZVcDSwDBi0VjCtcb0iLPZ0RV-yTrACt2zq-T5hlLFMlzf7BBruQWuAwirRHkBOb_Vw7FbMn7Avx6C8GiJmDE3Sp4FbOG9ai3RNUiN7s2vt5phyYmFsuBsMuVYdey0UleoWgeVLP963g6S4OVwMZucnH-e-rzFDHiPu-ueT16Gi2YfZqDlFKII-fTvytCU58gWuyvJnm7eXUSurqW4oBMrdcW6lpRq-P8BxoyGmNHwpq6K6ZsjHv4a2lywjfGkLpqlJbskcF9bLrnGUKt.DZEO-sabHeLURjJDIxHFAPh2C6bIqGyzre-YjVwWf_E&dib_tag=se&keywords=biodegradable+kitchen+products&qid=1741332191&sr=8-41,16.18,https://m.media-amazon.com/images/I/71iXv9fom6L._AC_UL320_.jpg,"13 gallon compostable trash bags with drawstring, heavy duty extra thick 1 mil, 49.21 liter, 30 bags, tall kitchen food scrap waste bag, astm d6400, us bpi and ok compost home certified (13 gallon)",['compostable'],3,Moderate,Likely Product,Potentially Sustainable
10 Pack Biodegradable Natural Sponges Kitchen - Compostable Cellulose and Coconut Walnut Scrubber Sponge - Eco Friendly Sponges for Dishes,5.0,10,50+ bought in past month,https://www.amazon.com/BESSONLE-Biodegradable-Natural-Sponges-Kitchen/dp/B0DSBF8N72/ref=sr_1_42?dib=eyJ2IjoiMSJ9.GBJnUoCqP2Z1ChOttOdnYOQnCCdadmnsoCd7J0RKRxq4p0H9xhC_dquWoem99ilLK_B84TTzgz5XEpMsa4J-YAt0H_zoVOSlQySCDabLMfuS0oE5ukW6kOlcj_v2dMoqlp9ngM-6Ui1d7Xj7xC_3ab0fORNuFRNBvHuZEzO2b6HxukgwZVcDSwDBi0VjCtcb0iLPZ0RV-yTrACt2zq-T5hlLFMlzf7BBruQWuAwirRHkBOb_Vw7FbMn7Avx6C8GiJmDE3Sp4FbOG9ai3RNUiN7s2vt5phyYmFsuBsMuVYdey0UleoWgeVLP963g6S4OVwMZucnH-e-rzFDHiPu-ueT16Gi2YfZqDlFKII-fTvytCU58gWuyvJnm7eXUSurqW4oBMrdcW6lpRq-P8BxoyGmNHwpq6K6ZsjHv4a2lywjfGkLpqlJbskcF9bLrnGUKt.DZEO-sabHeLURjJDIxHFAPh2C6bIqGyzre-YjVwWf_E&dib_tag=se&keywords=biodegradable+kitchen+products&qid=1741332191&sr=8-42,9.99,https://m.media-amazon.com/images/I/91uhSxVJ2CL._AC_UL320_.jpg,10 pack biodegradable natural sponges kitchen - compostable cellulose and coconut walnut scrubber sponge - eco friendly sponges for dishes,"['biodegradable', 'compostable', 'eco friendly', 'natural']",9,Strong,Likely Product,Sustainable
"Reusable Beeswax Wrap - 9 Pack Beeswax Wraps For Food, Organic, Sustainable, Biodegradable, Zero Waste, Plastic-Free Food Storage, 1L Strawberry, 3M Orange, 5S Lemon Patterns",4.4,1213,600+ bought in past month,https://www.amazon.com/Reusable-Beeswax-Wrap-Eco-Friendly-Biodegradable/dp/B09WRHLCFG/ref=sr_1_43?dib=eyJ2IjoiMSJ9.GBJnUoCqP2Z1ChOttOdnYOQnCCdadmnsoCd7J0RKRxq4p0H9xhC_dquWoem99ilLK_B84TTzgz5XEpMsa4J-YAt0H_zoVOSlQySCDabLMfuS0oE5ukW6kOlcj_v2dMoqlp9ngM-6Ui1d7Xj7xC_3ab0fORNuFRNBvHuZEzO2b6HxukgwZVcDSwDBi0VjCtcb0iLPZ0RV-yTrACt2zq-T5hlLFMlzf7BBruQWuAwirRHkBOb_Vw7FbMn7Avx6C8GiJmDE3Sp4FbOG9ai3RNUiN7s2vt5phyYmFsuBsMuVYdey0UleoWgeVLP963g6S4OVwMZucnH-e-rzFDHiPu-ueT16Gi2YfZqDlFKII-fTvytCU58gWuyvJnm7eXUSurqW4oBMrdcW6lpRq-P8BxoyGmNHwpq6K6ZsjHv4a2lywjfGkLpqlJbskcF9bLrnGUKt.DZEO-sabHeLURjJDIxHFAPh2C6bIqGyzre-YjVwWf_E&dib_tag=se&keywords=biodegradable+kitchen+products&qid=1741332191&sr=8-43,13.99,https://m.media-amazon.com/images/I/81-cLbynG7L._AC_UL320_.jpg,"reusable beeswax wrap - 9 pack beeswax wraps for food, organic, sustainable, biodegradable, zero waste, plastic-free food storage, 1l strawberry, 3m orange, 5s lemon patterns","['biodegradable', 'zero waste', 'plastic-free', 'reusable', 'sustainable', 'organic']",16,Strong,Likely Product,Sustainable
24 Pack Natural Kitchen Sponge - Biodegradable Compostable Cellulose and Coconut Scrubber Sponge - Eco Friendly Sponges for Dishes,4.6,4984,1K+ bought in past month,https://www.amazon.com/s?k=biodegradable+kitchen+products#,13.99,https://m.media-amazon.com/images/I/813UD7WnKYL._AC_UL320_.jpg,24 pack natural kitchen sponge - biodegradable compostable cellulose and coconut scrubber sponge - eco friendly sponges for dishes,"['biodegradable', 'compostable', 'eco friendly', 'natural']",9,Strong,Likely Product,Sustainable
"13 Gallon Compostable Trash Bags Drawstring, Heavy Duty Extra Thick 1 Mil, 49.21 Liter, 30 Bags, Tall Kitchen Food Scrap Waste Bag, ASTM D6400, US BPI and OK Compost Home Certified",4.5,142,200+ bought in past month,https://www.amazon.com/BIOGRN-Compostable-Drawstring-Kitchen-Certified/dp/B0DCXBPWVZ/ref=sr_1_45?dib=eyJ2IjoiMSJ9.GBJnUoCqP2Z1ChOttOdnYOQnCCdadmnsoCd7J0RKRxq4p0H9xhC_dquWoem99ilLK_B84TTzgz5XEpMsa4J-YAt0H_zoVOSlQySCDabLMfuS0oE5ukW6kOlcj_v2dMoqlp9ngM-6Ui1d7Xj7xC_3ab0fORNuFRNBvHuZEzO2b6HxukgwZVcDSwDBi0VjCtcb0iLPZ0RV-yTrACt2zq-T5hlLFMlzf7BBruQWuAwirRHkBOb_Vw7FbMn7Avx6C8GiJmDE3Sp4FbOG9ai3RNUiN7s2vt5phyYmFsuBsMuVYdey0UleoWgeVLP963g6S4OVwMZucnH-e-rzFDHiPu-ueT16Gi2YfZqDlFKII-fTvytCU58gWuyvJnm7eXUSurqW4oBMrdcW6lpRq-P8BxoyGmNHwpq6K6ZsjHv4a2lywjfGkLpqlJbskcF9bLrnGUKt.DZEO-sabHeLURjJDIxHFAPh2C6bIqGyzre-YjVwWf_E&dib_tag=se&keywords=biodegradable+kitchen+products&qid=1741332191&sr=8-45,17.99,https://m.media-amazon.com/images/I/718foIjv+OL._AC_UL320_.jpg,"13 gallon compostable trash bags drawstring, heavy duty extra thick 1 mil, 49.21 liter, 30 bags, tall kitchen food scrap waste bag, astm d6400, us bpi and ok compost home certified",['compostable'],3,Moderate,Likely Product,Potentially Sustainable
"Grove Co. Sponges, Natural Coconut Scrubber Kitchen Sponge, Dual-Sided, Non-Scratch, Super Absorbent Plant-Based Cellulose with Coconut Husk Scourer, Household Cleaning Essentials, 6 Pack",4.3,49,100+ bought in past month,https://www.amazon.com/Grove-Co-Dual-Sided-Non-Scratch-Plant-Based/dp/B0CDFGN78S/ref=sr_1_46?dib=eyJ2IjoiMSJ9.GBJnUoCqP2Z1ChOttOdnYOQnCCdadmnsoCd7J0RKRxq4p0H9xhC_dquWoem99ilLK_B84TTzgz5XEpMsa4J-YAt0H_zoVOSlQySCDabLMfuS0oE5ukW6kOlcj_v2dMoqlp9ngM-6Ui1d7Xj7xC_3ab0fORNuFRNBvHuZEzO2b6HxukgwZVcDSwDBi0VjCtcb0iLPZ0RV-yTrACt2zq-T5hlLFMlzf7BBruQWuAwirRHkBOb_Vw7FbMn7Avx6C8GiJmDE3Sp4FbOG9ai3RNUiN7s2vt5phyYmFsuBsMuVYdey0UleoWgeVLP963g6S4OVwMZucnH-e-rzFDHiPu-ueT16Gi2YfZqDlFKII-fTvytCU58gWuyvJnm7eXUSurqW4oBMrdcW6lpRq-P8BxoyGmNHwpq6K6ZsjHv4a2lywjfGkLpqlJbskcF9bLrnGUKt.DZEO-sabHeLURjJDIxHFAPh2C6bIqGyzre-YjVwWf_E&dib_tag=se&keywords=biodegradable+kitchen+products&qid=1741332191&sr=8-46,24.99,https://m.media-amazon.com/images/I/71C4NfdTKTL._AC_UL320_.jpg,"grove co. sponges, natural coconut scrubber kitchen sponge, dual-sided, non-scratch, super absorbent plant-based cellulose with coconut husk scourer, household cleaning essentials, 6 pack","['plant-based', 'natural']",3,Moderate,Likely Product,Potentially Sustainable
Eco-friendly 13 Gallon Biodegradable Tall Kitchen Trash Bags with Handles (100 Count) Green Medium Garbage Bag Can Liners Wastebasket Bags Portable Camping Toilet Bags Made With epi TDPA (100 Bags),4.2,70,50+ bought in past month,https://www.amazon.com/Eco-friendly-Biodegradable-Kitchen-Wastebasket-Portable/dp/B0CH1WDN74/ref=sr_1_47?dib=eyJ2IjoiMSJ9.GBJnUoCqP2Z1ChOttOdnYOQnCCdadmnsoCd7J0RKRxq4p0H9xhC_dquWoem99ilLK_B84TTzgz5XEpMsa4J-YAt0H_zoVOSlQySCDabLMfuS0oE5ukW6kOlcj_v2dMoqlp9ngM-6Ui1d7Xj7xC_3ab0fORNuFRNBvHuZEzO2b6HxukgwZVcDSwDBi0VjCtcb0iLPZ0RV-yTrACt2zq-T5hlLFMlzf7BBruQWuAwirRHkBOb_Vw7FbMn7Avx6C8GiJmDE3Sp4FbOG9ai3RNUiN7s2vt5phyYmFsuBsMuVYdey0UleoWgeVLP963g6S4OVwMZucnH-e-rzFDHiPu-ueT16Gi2YfZqDlFKII-fTvytCU58gWuyvJnm7eXUSurqW4oBMrdcW6lpRq-P8BxoyGmNHwpq6K6ZsjHv4a2lywjfGkLpqlJbskcF9bLrnGUKt.DZEO-sabHeLURjJDIxHFAPh2C6bIqGyzre-YjVwWf_E&dib_tag=se&keywords=biodegradable+kitchen+products&qid=1741332191&sr=8-47,20.99,https://m.media-amazon.com/images/I/71HZdB0V4KL._AC_UL320_.jpg,eco-friendly 13 gallon biodegradable tall kitchen trash bags with handles (100 count) green medium garbage bag can liners wastebasket bags portable camping toilet bags made with epi tdpa (100 bags),"['biodegradable', 'eco-friendly']",5,Moderate,Likely Product,Potentially Sustainable
12pk 50% of Profits Go to Oceana and Water.org Save The World Sponge. 100% Natural and Biodegradable Coconut Kitchen Sponge. (12),4.7,21,100+ bought in past month,https://www.amazon.com/Profits-Water-org-Sponge-Natural-Biodegradable/dp/B0DM2JW9SC/ref=sr_1_48?dib=eyJ2IjoiMSJ9.GBJnUoCqP2Z1ChOttOdnYOQnCCdadmnsoCd7J0RKRxq4p0H9xhC_dquWoem99ilLK_B84TTzgz5XEpMsa4J-YAt0H_zoVOSlQySCDabLMfuS0oE5ukW6kOlcj_v2dMoqlp9ngM-6Ui1d7Xj7xC_3ab0fORNuFRNBvHuZEzO2b6HxukgwZVcDSwDBi0VjCtcb0iLPZ0RV-yTrACt2zq-T5hlLFMlzf7BBruQWuAwirRHkBOb_Vw7FbMn7Avx6C8GiJmDE3Sp4FbOG9ai3RNUiN7s2vt5phyYmFsuBsMuVYdey0UleoWgeVLP963g6S4OVwMZucnH-e-rzFDHiPu-ueT16Gi2YfZqDlFKII-fTvytCU58gWuyvJnm7eXUSurqW4oBMrdcW6lpRq-P8BxoyGmNHwpq6K6ZsjHv4a2lywjfGkLpqlJbskcF9bLrnGUKt.DZEO-sabHeLURjJDIxHFAPh2C6bIqGyzre-YjVwWf_E&dib_tag=se&keywords=biodegradable+kitchen+products&qid=1741332191&sr=8-48,10.95,https://m.media-amazon.com/images/I/41QODEGfffL._AC_UL320_.jpg,12pk 50% of profits go to oceana and water.org save the world sponge. 100% natural and biodegradable coconut kitchen sponge. (12),"['biodegradable', 'natural']",4,Moderate,Likely Product,Potentially Sustainable
"4-6 Gallon Small Trash Bags Biodegradable,Easy-Tearing 4 Gallon Trash Bag,Sturdy&Thick Small Garbage Bags,Unscented Bathroom Trash Bags for Kitchen, Bathroom,Bedroom,Office,110 Counts",4.3,220,800+ bought in past month,https://www.amazon.com/Gdzotum-Trash-Bags-Biodegradable-Easy-Tearing/dp/B0CZ1WBLPG/ref=sr_1_49?dib=eyJ2IjoiMSJ9.GBJnUoCqP2Z1ChOttOdnYOQnCCdadmnsoCd7J0RKRxq4p0H9xhC_dquWoem99ilLK_B84TTzgz5XEpMsa4J-YAt0H_zoVOSlQySCDabLMfuS0oE5ukW6kOlcj_v2dMoqlp9ngM-6Ui1d7Xj7xC_3ab0fORNuFRNBvHuZEzO2b6HxukgwZVcDSwDBi0VjCtcb0iLPZ0RV-yTrACt2zq-T5hlLFMlzf7BBruQWuAwirRHkBOb_Vw7FbMn7Avx6C8GiJmDE3Sp4FbOG9ai3RNUiN7s2vt5phyYmFsuBsMuVYdey0UleoWgeVLP963g6S4OVwMZucnH-e-rzFDHiPu-ueT16Gi2YfZqDlFKII-fTvytCU58gWuyvJnm7eXUSurqW4oBMrdcW6lpRq-P8BxoyGmNHwpq6K6ZsjHv4a2lywjfGkLpqlJbskcF9bLrnGUKt.DZEO-sabHeLURjJDIxHFAPh2C6bIqGyzre-YjVwWf_E&dib_tag=se&keywords=biodegradable+kitchen+products&qid=1741332191&sr=8-49,8.99,https://m.media-amazon.com/images/I/61IC4GG2EIL._AC_UL320_.jpg,"4-6 gallon small trash bags biodegradable,easy-tearing 4 gallon trash bag,sturdy&thick small garbage bags,unscented bathroom trash bags for kitchen, bathroom,bedroom,office,110 counts",['biodegradable'],3,Moderate,Likely Product,Potentially Sustainable
Natural Kitchen Sponges Pack of 18 - Biodegradable Cellulose and Coconut Husk Walnut Scrubber Sponges - Odor Free Non Scratch Sponges - Eco Friendly Quick Drying Dishwashing Sponges,4.6,512,50+ bought in past month,https://www.amazon.com/AIRNEX-Biodegradable-Natural-Kitchen-Sponge/dp/B09J1KC5KF/ref=sr_1_50?dib=eyJ2IjoiMSJ9.GBJnUoCqP2Z1ChOttOdnYOQnCCdadmnsoCd7J0RKRxq4p0H9xhC_dquWoem99ilLK_B84TTzgz5XEpMsa4J-YAt0H_zoVOSlQySCDabLMfuS0oE5ukW6kOlcj_v2dMoqlp9ngM-6Ui1d7Xj7xC_3ab0fORNuFRNBvHuZEzO2b6HxukgwZVcDSwDBi0VjCtcb0iLPZ0RV-yTrACt2zq-T5hlLFMlzf7BBruQWuAwirRHkBOb_Vw7FbMn7Avx6C8GiJmDE3Sp4FbOG9ai3RNUiN7s2vt5phyYmFsuBsMuVYdey0UleoWgeVLP963g6S4OVwMZucnH-e-rzFDHiPu-ueT16Gi2YfZqDlFKII-fTvytCU58gWuyvJnm7eXUSurqW4oBMrdcW6lpRq-P8BxoyGmNHwpq6K6ZsjHv4a2lywjfGkLpqlJbskcF9bLrnGUKt.DZEO-sabHeLURjJDIxHFAPh2C6bIqGyzre-YjVwWf_E&dib_tag=se&keywords=biodegradable+kitchen+products&qid=1741332191&sr=8-50,20.95,https://m.media-amazon.com/images/I/71aL3ojm4LL._AC_UL320_.jpg,natural kitchen sponges pack of 18 - biodegradable cellulose and coconut husk walnut scrubber sponges - odor free non scratch sponges - eco friendly quick drying dishwashing sponges,"['biodegradable', 'eco friendly', 'natural']",6,Strong,Likely Product,Sustainable
Jungle Culture® 6 Piece Natural Dish Brushes for Washing Up • Eco Dish Brush Kitchen Cleaning Set • Plant Based Coconut Scrubbers • Bottle/Pot Brush & Eco Friendly Scourer Sponge for Pans & Dishes,4.4,632,300+ bought in past month,https://www.amazon.com/Jungle-Culture-Eco-Friendly-Plastic-Free-Scrubbers/dp/B08YXYVZ7C/ref=sr_1_51?dib=eyJ2IjoiMSJ9.GBJnUoCqP2Z1ChOttOdnYOQnCCdadmnsoCd7J0RKRxq4p0H9xhC_dquWoem99ilLK_B84TTzgz5XEpMsa4J-YAt0H_zoVOSlQySCDabLMfuS0oE5ukW6kOlcj_v2dMoqlp9ngM-6Ui1d7Xj7xC_3ab0fORNuFRNBvHuZEzO2b6HxukgwZVcDSwDBi0VjCtcb0iLPZ0RV-yTrACt2zq-T5hlLFMlzf7BBruQWuAwirRHkBOb_Vw7FbMn7Avx6C8GiJmDE3Sp4FbOG9ai3RNUiN7s2vt5phyYmFsuBsMuVYdey0UleoWgeVLP963g6S4OVwMZucnH-e-rzFDHiPu-ueT16Gi2YfZqDlFKII-fTvytCU58gWuyvJnm7eXUSurqW4oBMrdcW6lpRq-P8BxoyGmNHwpq6K6ZsjHv4a2lywjfGkLpqlJbskcF9bLrnGUKt.DZEO-sabHeLURjJDIxHFAPh2C6bIqGyzre-YjVwWf_E&dib_tag=se&keywords=biodegradable+kitchen+products&qid=1741332191&sr=8-51,25.99,https://m.media-amazon.com/images/I/913AlyfjIcL._AC_UL320_.jpg,jungle culture® 6 piece natural dish brushes for washing up • eco dish brush kitchen cleaning set • plant based coconut scrubbers • bottle/pot brush & eco friendly scourer sponge for pans & dishes,"['eco friendly', 'plant based', 'natural']",5,Moderate,Likely Product,Potentially Sustainable
"Public Goods Walnut Scrubber Sponge | Cleaning & Scrubbing Sponges for Dishes & Kitchen Sink | Natural, Plant-Based Sponges | Made in Canada | Pack of 4",4.5,54,200+ bought in past month,https://www.amazon.com/Public-Goods-Scrubber-Scrubbing-Plant-Based/dp/B0CB6VPV92/ref=sr_1_52?dib=eyJ2IjoiMSJ9.GBJnUoCqP2Z1ChOttOdnYOQnCCdadmnsoCd7J0RKRxq4p0H9xhC_dquWoem99ilLK_B84TTzgz5XEpMsa4J-YAt0H_zoVOSlQySCDabLMfuS0oE5ukW6kOlcj_v2dMoqlp9ngM-6Ui1d7Xj7xC_3ab0fORNuFRNBvHuZEzO2b6HxukgwZVcDSwDBi0VjCtcb0iLPZ0RV-yTrACt2zq-T5hlLFMlzf7BBruQWuAwirRHkBOb_Vw7FbMn7Avx6C8GiJmDE3Sp4FbOG9ai3RNUiN7s2vt5phyYmFsuBsMuVYdey0UleoWgeVLP963g6S4OVwMZucnH-e-rzFDHiPu-ueT16Gi2YfZqDlFKII-fTvytCU58gWuyvJnm7eXUSurqW4oBMrdcW6lpRq-P8BxoyGmNHwpq6K6ZsjHv4a2lywjfGkLpqlJbskcF9bLrnGUKt.DZEO-sabHeLURjJDIxHFAPh2C6bIqGyzre-YjVwWf_E&dib_tag=se&keywords=biodegradable+kitchen+products&qid=1741332191&sr=8-52,9.95,https://m.media-amazon.com/images/I/81Ux9B6Jp7L._AC_UL320_.jpg,"public goods walnut scrubber sponge | cleaning & scrubbing sponges for dishes & kitchen sink | natural, plant-based sponges | made in canada | pack of 4","['plant-based', 'natural']",3,Moderate,Likely Product,Potentially Sustainable
100% Compostable Forks - 500 Large Disposable Utensils (7 in.) Bulk Size Eco Friendly Durable and Heat Resistant Alternative to Plastic Forks with Convenient Tray,4.7,126,500+ bought in past month,https://www.amazon.com/s?k=biodegradable+kitchen+products#,9.95,https://m.media-amazon.com/images/I/61vtZ1CjVgL._AC_UL320_.jpg,100% compostable forks - 500 large disposable utensils (7 in.) bulk size eco friendly durable and heat resistant alternative to plastic forks with convenient tray,"['compostable', 'eco friendly']",5,Moderate,Likely Product,Potentially Sustainable
"Compostable Trash Bags 3 Gallon, Extra Thick 0.8 Mils, 100 Count, ASTM D6400, BPI, OK Compost Home Certified, Small Kitchen Compost Bags,Green Bin Liners for Food Waste and Composting",4.7,7,50+ bought in past month,https://www.amazon.com/s?k=biodegradable+kitchen+products#,9.95,https://m.media-amazon.com/images/I/71KK02mQYsL._AC_UL320_.jpg,"compostable trash bags 3 gallon, extra thick 0.8 mils, 100 count, astm d6400, bpi, ok compost home certified, small kitchen compost bags,green bin liners for food waste and composting",['compostable'],3,Moderate,Likely Product,Potentially Sustainable
"ECOLipak 33 Gallon Compostable Trash Bags, 25 Count (1 Roll) Biodegradable Heavy Duty Large Outdoor Garbage Trash Bags for Lawn/Yard, US BPI ASTM D6400 and OK Compost Home Certified",4.4,7,50+ bought in past month,https://www.amazon.com/s?k=biodegradable+kitchen+products#,9.95,https://m.media-amazon.com/images/I/71Ff-scRnSL._AC_UL320_.jpg,"ecolipak 33 gallon compostable trash bags, 25 count (1 roll) biodegradable heavy duty large outdoor garbage trash bags for lawn/yard, us bpi astm d6400 and ok compost home certified","['biodegradable', 'compostable']",6,Strong,Likely Product,Sustainable
"Compostable Bags for Kitchen Compost Bin, 1.2 Gallon, 125 Count, Certified by BPI and ASTM, Leakproof and Odor Control",4.4,3743,5K+ bought in past month,https://www.amazon.com/s?k=biodegradable+kitchen+products#,9.95,https://m.media-amazon.com/images/I/71brWgq0ZRL._AC_UL320_.jpg,"compostable bags for kitchen compost bin, 1.2 gallon, 125 count, certified by bpi and astm, leakproof and odor control",['compostable'],3,Moderate,Likely Product,Potentially Sustainable
Chic Leaf Compostable & Biodegradable Palm Leaf Disposable Bamboo Plates - Disposable Party Plates for Appetizers - Party Supplies (10 & 7 Inch Square),4.5,2886,1K+ bought in past month,https://www.amazon.com/s?k=biodegradable+kitchen+products#,9.95,https://m.media-amazon.com/images/I/816VTKGCGwL._AC_UL320_.jpg,chic leaf compostable & biodegradable palm leaf disposable bamboo plates - disposable party plates for appetizers - party supplies (10 & 7 inch square),"['biodegradable', 'compostable', 'bamboo']",7,Strong,Likely Product,Sustainable
"4-Gallon Trash Bags – Heavy-Duty and Compostable, Small Trash Bags, Kitchen Trash Bags for Kitchen Bin (2-pack, 100 bags)",4.5,186,300+ bought in past month,https://www.amazon.com/s?k=biodegradable+kitchen+products#,9.95,https://m.media-amazon.com/images/I/71UFOKdCYOL._AC_UL320_.jpg,"4-gallon trash bags – heavy-duty and compostable, small trash bags, kitchen trash bags for kitchen bin (2-pack, 100 bags)",['compostable'],3,Moderate,Likely Product,Potentially Sustainable
"ECOLipak 100% Compostable 10 Inch Paper Plates, 125 Pack Heavy Duty Disposable Biodegradable Eco-friendly Sugarcane Bagasse Plates for Dinner Party",4.6,1456,100+ bought in past month,https://www.amazon.com/s?k=biodegradable+kitchen+products#,9.95,https://m.media-amazon.com/images/I/71gbmKZAF-L._AC_UL320_.jpg,"ecolipak 100% compostable 10 inch paper plates, 125 pack heavy duty disposable biodegradable eco-friendly sugarcane bagasse plates for dinner party","['biodegradable', 'compostable', 'eco-friendly']",8,Strong,Likely Product,Sustainable
Vplus 150 Pack Compostable Disposable Paper Plates 10 inch Super Strong 100% Bagasse Natural Biodegradable Eco-Friendly Sugarcane Plates(nature),4.7,2070,2K+ bought in past month,https://www.amazon.com/s?k=biodegradable+kitchen+products#,9.95,https://m.media-amazon.com/images/I/81E8-fN3j7L._AC_UL320_.jpg,vplus 150 pack compostable disposable paper plates 10 inch super strong 100% bagasse natural biodegradable eco-friendly sugarcane plates(nature),"['biodegradable', 'compostable', 'eco-friendly', 'natural']",9,Strong,Likely Product,Sustainable
"UNNI Compostable Liner Bags, 2.6 Gallon, 9.84 Liter, Extra Thick 0.71 Mil, 100 Count, Small Kitchen Food Scrap Waste Bags, ASTM D6400, US BPI, CMA and Europe OK compost HOME Certified, San Francisco",4.6,26593,10K+ bought in past month,https://www.amazon.com/UNNI-Compostable-Kitchen-Certified-Francisco/dp/B013XGQXVW/ref=sr_1_1?dib=eyJ2IjoiMSJ9._pCk2DUwwjrk-Vpio3S5WUGG8gApMXScAl71VDaCx4jhQwdLL2gZMfAbtq7OTm8nhlguNkfrZc9IQjcZGsTkbvj87HIhJ5b4QQ21MLFAZgShEBPagwVvaq9d-PlWH7mr4jh-gNXfmnFranwblnSgyE2iEhA-zkyINH47yyGgRrPEyzSTCXS_qRFJ0OlKR5d4LTckCNTKqJSUoQH9Yn0musFU7XD9S5cAPTPB3Q-1eptIwXQRhwTlNkk2vBhAef3JclAbLQig4-iOdd5Q3KaXaM5kPKwojb2TwiHRh4mKEkXBjS9KW0Fpk8A0iMikH7PdXbf7cQHkJogodcdzm5SSzjro4zLT02gKAqppAmPt-f7ei81punV0OJimBOlPyUwCB210nEA48PygYv5Xp5Ydgk-8VGbX-UzeSwsbZNr0M9BJtkiBJnfIEhY3eSr5d7Iz.AQKc7c5zz-QixP1kB6RxzstdXbIclL-Yygky6ewtXq4&dib_tag=se&keywords=compostable+home+products&qid=1741332324&sr=8-1,12.69,https://m.media-amazon.com/images/I/71ybUvPV3nL._AC_UL320_.jpg,"unni compostable liner bags, 2.6 gallon, 9.84 liter, extra thick 0.71 mil, 100 count, small kitchen food scrap waste bags, astm d6400, us bpi, cma and europe ok compost home certified, san francisco",['compostable'],3,Moderate,Likely Product,Potentially Sustainable
100% Certified Home Compostable Dog Poop Bags - 10% to Charity - ASTM D6400 & EN 13432 Compliant - 120 x Plant Based Compostable Poop Bags (8 Rolls),4.8,6465,4K+ bought in past month,https://www.amazon.com/Compostable-Biodegradable-Vegetable-Disposable-Pet/dp/B07N52NLC3/ref=sr_1_2?dib=eyJ2IjoiMSJ9._pCk2DUwwjrk-Vpio3S5WUGG8gApMXScAl71VDaCx4jhQwdLL2gZMfAbtq7OTm8nhlguNkfrZc9IQjcZGsTkbvj87HIhJ5b4QQ21MLFAZgShEBPagwVvaq9d-PlWH7mr4jh-gNXfmnFranwblnSgyE2iEhA-zkyINH47yyGgRrPEyzSTCXS_qRFJ0OlKR5d4LTckCNTKqJSUoQH9Yn0musFU7XD9S5cAPTPB3Q-1eptIwXQRhwTlNkk2vBhAef3JclAbLQig4-iOdd5Q3KaXaM5kPKwojb2TwiHRh4mKEkXBjS9KW0Fpk8A0iMikH7PdXbf7cQHkJogodcdzm5SSzjro4zLT02gKAqppAmPt-f7ei81punV0OJimBOlPyUwCB210nEA48PygYv5Xp5Ydgk-8VGbX-UzeSwsbZNr0M9BJtkiBJnfIEhY3eSr5d7Iz.AQKc7c5zz-QixP1kB6RxzstdXbIclL-Yygky6ewtXq4&dib_tag=se&keywords=compostable+home+products&qid=1741332324&sr=8-2,13.99,https://m.media-amazon.com/images/I/81LFHXu5dML._AC_UL320_.jpg,100% certified home compostable dog poop bags - 10% to charity - astm d6400 & en 13432 compliant - 120 x plant based compostable poop bags (8 rolls),"['compostable', 'plant based']",5,Moderate,Likely Product,Potentially Sustainable
"Matter Assorted Kitchen Bags 230 Count, Certified Compostable Biodegradable Eco-Friendly, Resealable Food Storage Bags, Variety Pack, 80 Snack Bags, 80 Sandwich Bags, 50 Quart Bags, 20 Gallon Bags",4.6,232,1K+ bought in past month,https://www.amazon.com/Matter-Compostable-Biodegradable-Eco-Friendly-Resealable/dp/B0CQN6VN44/ref=sr_1_3?dib=eyJ2IjoiMSJ9._pCk2DUwwjrk-Vpio3S5WUGG8gApMXScAl71VDaCx4jhQwdLL2gZMfAbtq7OTm8nhlguNkfrZc9IQjcZGsTkbvj87HIhJ5b4QQ21MLFAZgShEBPagwVvaq9d-PlWH7mr4jh-gNXfmnFranwblnSgyE2iEhA-zkyINH47yyGgRrPEyzSTCXS_qRFJ0OlKR5d4LTckCNTKqJSUoQH9Yn0musFU7XD9S5cAPTPB3Q-1eptIwXQRhwTlNkk2vBhAef3JclAbLQig4-iOdd5Q3KaXaM5kPKwojb2TwiHRh4mKEkXBjS9KW0Fpk8A0iMikH7PdXbf7cQHkJogodcdzm5SSzjro4zLT02gKAqppAmPt-f7ei81punV0OJimBOlPyUwCB210nEA48PygYv5Xp5Ydgk-8VGbX-UzeSwsbZNr0M9BJtkiBJnfIEhY3eSr5d7Iz.AQKc7c5zz-QixP1kB6RxzstdXbIclL-Yygky6ewtXq4&dib_tag=se&keywords=compostable+home+products&qid=1741332324&sr=8-3,28.99,https://m.media-amazon.com/images/I/71KEhj4311L._AC_UL320_.jpg,"matter assorted kitchen bags 230 count, certified compostable biodegradable eco-friendly, resealable food storage bags, variety pack, 80 snack bags, 80 sandwich bags, 50 quart bags, 20 gallon bags","['biodegradable', 'compostable', 'eco-friendly', 'certified compostable']",10,Strong,Likely Product,Sustainable
"Home Compostable Resealable Sandwich Bags (7""x7""), Microwave & Freezer Safe, Organic Food Storage Container, 60 Count (30 per box)",4.6,1256,600+ bought in past month,https://www.amazon.com/Compostic-Home-Compostable-Resealable-Sandwich/dp/B08KYKMFPD/ref=sr_1_4?dib=eyJ2IjoiMSJ9._pCk2DUwwjrk-Vpio3S5WUGG8gApMXScAl71VDaCx4jhQwdLL2gZMfAbtq7OTm8nhlguNkfrZc9IQjcZGsTkbvj87HIhJ5b4QQ21MLFAZgShEBPagwVvaq9d-PlWH7mr4jh-gNXfmnFranwblnSgyE2iEhA-zkyINH47yyGgRrPEyzSTCXS_qRFJ0OlKR5d4LTckCNTKqJSUoQH9Yn0musFU7XD9S5cAPTPB3Q-1eptIwXQRhwTlNkk2vBhAef3JclAbLQig4-iOdd5Q3KaXaM5kPKwojb2TwiHRh4mKEkXBjS9KW0Fpk8A0iMikH7PdXbf7cQHkJogodcdzm5SSzjro4zLT02gKAqppAmPt-f7ei81punV0OJimBOlPyUwCB210nEA48PygYv5Xp5Ydgk-8VGbX-UzeSwsbZNr0M9BJtkiBJnfIEhY3eSr5d7Iz.AQKc7c5zz-QixP1kB6RxzstdXbIclL-Yygky6ewtXq4&dib_tag=se&keywords=compostable+home+products&qid=1741332324&sr=8-4,19.98,https://m.media-amazon.com/images/I/71uy7QPILHL._AC_UL320_.jpg,"home compostable resealable sandwich bags (7""x7""), microwave & freezer safe, organic food storage container, 60 count (30 per box)","['compostable', 'organic']",5,Moderate,Likely Product,Potentially Sustainable
"Biodegradable Bamboo Toothbrushes, 10 Piece BPA Free Soft Bristles Toothbrushes, Natural, Eco-Friendly, Green and Compostable",4.5,17140,2K+ bought in past month,https://www.amazon.com/Nuduko-Biodegradable-Toothbrushes-Toothbrush-Eco-Friendly/dp/B07V4CW682/ref=sr_1_5?dib=eyJ2IjoiMSJ9._pCk2DUwwjrk-Vpio3S5WUGG8gApMXScAl71VDaCx4jhQwdLL2gZMfAbtq7OTm8nhlguNkfrZc9IQjcZGsTkbvj87HIhJ5b4QQ21MLFAZgShEBPagwVvaq9d-PlWH7mr4jh-gNXfmnFranwblnSgyE2iEhA-zkyINH47yyGgRrPEyzSTCXS_qRFJ0OlKR5d4LTckCNTKqJSUoQH9Yn0musFU7XD9S5cAPTPB3Q-1eptIwXQRhwTlNkk2vBhAef3JclAbLQig4-iOdd5Q3KaXaM5kPKwojb2TwiHRh4mKEkXBjS9KW0Fpk8A0iMikH7PdXbf7cQHkJogodcdzm5SSzjro4zLT02gKAqppAmPt-f7ei81punV0OJimBOlPyUwCB210nEA48PygYv5Xp5Ydgk-8VGbX-UzeSwsbZNr0M9BJtkiBJnfIEhY3eSr5d7Iz.AQKc7c5zz-QixP1kB6RxzstdXbIclL-Yygky6ewtXq4&dib_tag=se&keywords=compostable+home+products&qid=1741332324&sr=8-5,19.98,https://m.media-amazon.com/images/I/716ZQnEWyUL._AC_UL320_.jpg,"biodegradable bamboo toothbrushes, 10 piece bpa free soft bristles toothbrushes, natural, eco-friendly, green and compostable","['biodegradable', 'compostable', 'eco-friendly', 'bamboo', 'natural']",10,Strong,Likely Product,Sustainable
"SUPERBIO 13 Gallon Compostable Kitchen Waste Bags with Handles, Food Scrap Bags Certified by BPI, OK compost INDUSTRIAL, 30 Count, 49.2L",4.6,1746,5K+ bought in past month,https://www.amazon.com/SUPERBIO-Certified-commercially-compostable-INDUSTRIAL/dp/B09323839M/ref=sr_1_6?dib=eyJ2IjoiMSJ9._pCk2DUwwjrk-Vpio3S5WUGG8gApMXScAl71VDaCx4jhQwdLL2gZMfAbtq7OTm8nhlguNkfrZc9IQjcZGsTkbvj87HIhJ5b4QQ21MLFAZgShEBPagwVvaq9d-PlWH7mr4jh-gNXfmnFranwblnSgyE2iEhA-zkyINH47yyGgRrPEyzSTCXS_qRFJ0OlKR5d4LTckCNTKqJSUoQH9Yn0musFU7XD9S5cAPTPB3Q-1eptIwXQRhwTlNkk2vBhAef3JclAbLQig4-iOdd5Q3KaXaM5kPKwojb2TwiHRh4mKEkXBjS9KW0Fpk8A0iMikH7PdXbf7cQHkJogodcdzm5SSzjro4zLT02gKAqppAmPt-f7ei81punV0OJimBOlPyUwCB210nEA48PygYv5Xp5Ydgk-8VGbX-UzeSwsbZNr0M9BJtkiBJnfIEhY3eSr5d7Iz.AQKc7c5zz-QixP1kB6RxzstdXbIclL-Yygky6ewtXq4&dib_tag=se&keywords=compostable+home+products&qid=1741332324&sr=8-6,21.07,https://m.media-amazon.com/images/I/71ufNiSWI7L._AC_UL320_.jpg,"superbio 13 gallon compostable kitchen waste bags with handles, food scrap bags certified by bpi, ok compost industrial, 30 count, 49.2l",['compostable'],3,Moderate,Likely Product,Potentially Sustainable
Hefty® Compostable Quart Food Storage Bags Press-To-Close​ Expandable Stand & Fill Bottom 40 Count Quart Size Bags,4.5,86,1K+ bought in past month,https://www.amazon.com/Hefty%C2%AE-Compostable-Press-Close-Quart/dp/B0CL5GRKHS/ref=sr_1_7?dib=eyJ2IjoiMSJ9._pCk2DUwwjrk-Vpio3S5WUGG8gApMXScAl71VDaCx4jhQwdLL2gZMfAbtq7OTm8nhlguNkfrZc9IQjcZGsTkbvj87HIhJ5b4QQ21MLFAZgShEBPagwVvaq9d-PlWH7mr4jh-gNXfmnFranwblnSgyE2iEhA-zkyINH47yyGgRrPEyzSTCXS_qRFJ0OlKR5d4LTckCNTKqJSUoQH9Yn0musFU7XD9S5cAPTPB3Q-1eptIwXQRhwTlNkk2vBhAef3JclAbLQig4-iOdd5Q3KaXaM5kPKwojb2TwiHRh4mKEkXBjS9KW0Fpk8A0iMikH7PdXbf7cQHkJogodcdzm5SSzjro4zLT02gKAqppAmPt-f7ei81punV0OJimBOlPyUwCB210nEA48PygYv5Xp5Ydgk-8VGbX-UzeSwsbZNr0M9BJtkiBJnfIEhY3eSr5d7Iz.AQKc7c5zz-QixP1kB6RxzstdXbIclL-Yygky6ewtXq4&dib_tag=se&keywords=compostable+home+products&qid=1741332324&sr=8-7,21.07,https://m.media-amazon.com/images/I/71SH0VoATPL._AC_UL320_.jpg,hefty® compostable quart food storage bags press-to-close​ expandable stand & fill bottom 40 count quart size bags,['compostable'],3,Moderate,Likely Product,Potentially Sustainable
"Gezond 350pcs Compostable Paper Plates Set Eco-friendly Heavy-duty Disposable Paper Plates Cutlery Includes Eco-friendly Plates, Forks, Knives, Spoons, Cups and Straws for Wedding Party, 50 Guests",4.7,1075,200+ bought in past month,https://www.amazon.com/Gezond-Disposable-Eco-friendly-Compostable-Biodegradable/dp/B083GNCYYL/ref=sr_1_8?dib=eyJ2IjoiMSJ9._pCk2DUwwjrk-Vpio3S5WUGG8gApMXScAl71VDaCx4jhQwdLL2gZMfAbtq7OTm8nhlguNkfrZc9IQjcZGsTkbvj87HIhJ5b4QQ21MLFAZgShEBPagwVvaq9d-PlWH7mr4jh-gNXfmnFranwblnSgyE2iEhA-zkyINH47yyGgRrPEyzSTCXS_qRFJ0OlKR5d4LTckCNTKqJSUoQH9Yn0musFU7XD9S5cAPTPB3Q-1eptIwXQRhwTlNkk2vBhAef3JclAbLQig4-iOdd5Q3KaXaM5kPKwojb2TwiHRh4mKEkXBjS9KW0Fpk8A0iMikH7PdXbf7cQHkJogodcdzm5SSzjro4zLT02gKAqppAmPt-f7ei81punV0OJimBOlPyUwCB210nEA48PygYv5Xp5Ydgk-8VGbX-UzeSwsbZNr0M9BJtkiBJnfIEhY3eSr5d7Iz.AQKc7c5zz-QixP1kB6RxzstdXbIclL-Yygky6ewtXq4&dib_tag=se&keywords=compostable+home+products&qid=1741332324&sr=8-8,35.05,https://m.media-amazon.com/images/I/81PlfsaFRjL._AC_UL320_.jpg,"gezond 350pcs compostable paper plates set eco-friendly heavy-duty disposable paper plates cutlery includes eco-friendly plates, forks, knives, spoons, cups and straws for wedding party, 50 guests","['compostable', 'eco-friendly']",5,Moderate,Likely Product,Potentially Sustainable
"100% Compostable Food Storage Bags [Quart 100 Pack] Eco-Friendly Freezer Bags, Resealable Bags, Heavy-Duty, Reusable, Off-White by Earth's Natural Alternative",4.4,1365,700+ bought in past month,https://www.amazon.com/Eco-Friendly-Biodegradable-Earths-Natural-Alternative/dp/B08S47J1YJ/ref=sr_1_9?dib=eyJ2IjoiMSJ9._pCk2DUwwjrk-Vpio3S5WUGG8gApMXScAl71VDaCx4jhQwdLL2gZMfAbtq7OTm8nhlguNkfrZc9IQjcZGsTkbvj87HIhJ5b4QQ21MLFAZgShEBPagwVvaq9d-PlWH7mr4jh-gNXfmnFranwblnSgyE2iEhA-zkyINH47yyGgRrPEyzSTCXS_qRFJ0OlKR5d4LTckCNTKqJSUoQH9Yn0musFU7XD9S5cAPTPB3Q-1eptIwXQRhwTlNkk2vBhAef3JclAbLQig4-iOdd5Q3KaXaM5kPKwojb2TwiHRh4mKEkXBjS9KW0Fpk8A0iMikH7PdXbf7cQHkJogodcdzm5SSzjro4zLT02gKAqppAmPt-f7ei81punV0OJimBOlPyUwCB210nEA48PygYv5Xp5Ydgk-8VGbX-UzeSwsbZNr0M9BJtkiBJnfIEhY3eSr5d7Iz.AQKc7c5zz-QixP1kB6RxzstdXbIclL-Yygky6ewtXq4&dib_tag=se&keywords=compostable+home+products&qid=1741332324&sr=8-9,35.05,https://m.media-amazon.com/images/I/61o+Q1jQkTL._AC_UL320_.jpg,"100% compostable food storage bags [quart 100 pack] eco-friendly freezer bags, resealable bags, heavy-duty, reusable, off-white by earth's natural alternative","['compostable', 'reusable', 'eco-friendly', 'natural']",9,Strong,Likely Product,Sustainable
"100% Certified Home Compostable To-go bags with Handles, 500 Ct, 10"""" x 6"""" x 20"""", Medium, Hold 20 lbs, Thank You Bags Grocery Bags Take Out Bags T Shirt Bags for Retail, Restaurant, Green",4.3,318,50+ bought in past month,https://www.amazon.com/OrangeBio-Certified-Compostable-Shopping-Restaurant/dp/B0D9MJJL6D/ref=sr_1_10?dib=eyJ2IjoiMSJ9._pCk2DUwwjrk-Vpio3S5WUGG8gApMXScAl71VDaCx4jhQwdLL2gZMfAbtq7OTm8nhlguNkfrZc9IQjcZGsTkbvj87HIhJ5b4QQ21MLFAZgShEBPagwVvaq9d-PlWH7mr4jh-gNXfmnFranwblnSgyE2iEhA-zkyINH47yyGgRrPEyzSTCXS_qRFJ0OlKR5d4LTckCNTKqJSUoQH9Yn0musFU7XD9S5cAPTPB3Q-1eptIwXQRhwTlNkk2vBhAef3JclAbLQig4-iOdd5Q3KaXaM5kPKwojb2TwiHRh4mKEkXBjS9KW0Fpk8A0iMikH7PdXbf7cQHkJogodcdzm5SSzjro4zLT02gKAqppAmPt-f7ei81punV0OJimBOlPyUwCB210nEA48PygYv5Xp5Ydgk-8VGbX-UzeSwsbZNr0M9BJtkiBJnfIEhY3eSr5d7Iz.AQKc7c5zz-QixP1kB6RxzstdXbIclL-Yygky6ewtXq4&dib_tag=se&keywords=compostable+home+products&qid=1741332324&sr=8-10,48.93,https://m.media-amazon.com/images/I/518GqW5EpvL._AC_UL320_.jpg,"100% certified home compostable to-go bags with handles, 500 ct, 10"""" x 6"""" x 20"""", medium, hold 20 lbs, thank you bags grocery bags take out bags t shirt bags for retail, restaurant, green",['compostable'],3,Moderate,Likely Product,Potentially Sustainable
"Home Compostable Trash Bags, 3 Gallon Small Kitchen Rubbish Bags (17” x 17.7”), Extra Strong & Quickly Breaks Down, 100 Count",4.5,128,50+ bought in past month,https://www.amazon.com/Compostic-Compostable-Kitchen-Rubbish-Quickly/dp/B0D5T1GJ7X/ref=sr_1_11?dib=eyJ2IjoiMSJ9._pCk2DUwwjrk-Vpio3S5WUGG8gApMXScAl71VDaCx4jhQwdLL2gZMfAbtq7OTm8nhlguNkfrZc9IQjcZGsTkbvj87HIhJ5b4QQ21MLFAZgShEBPagwVvaq9d-PlWH7mr4jh-gNXfmnFranwblnSgyE2iEhA-zkyINH47yyGgRrPEyzSTCXS_qRFJ0OlKR5d4LTckCNTKqJSUoQH9Yn0musFU7XD9S5cAPTPB3Q-1eptIwXQRhwTlNkk2vBhAef3JclAbLQig4-iOdd5Q3KaXaM5kPKwojb2TwiHRh4mKEkXBjS9KW0Fpk8A0iMikH7PdXbf7cQHkJogodcdzm5SSzjro4zLT02gKAqppAmPt-f7ei81punV0OJimBOlPyUwCB210nEA48PygYv5Xp5Ydgk-8VGbX-UzeSwsbZNr0M9BJtkiBJnfIEhY3eSr5d7Iz.AQKc7c5zz-QixP1kB6RxzstdXbIclL-Yygky6ewtXq4&dib_tag=se&keywords=compostable+home+products&qid=1741332324&sr=8-11,23.5,https://m.media-amazon.com/images/I/71skM3ghjQL._AC_UL320_.jpg,"home compostable trash bags, 3 gallon small kitchen rubbish bags (17” x 17.7”), extra strong & quickly breaks down, 100 count",['compostable'],3,Moderate,Likely Product,Potentially Sustainable
"250 Piece Compostable Paper Plates Set with Extra Long Utensils, Sugarcane Fibers Disposable Dinnerware Set, Eco Friendly Biodegradable Plates, Spoons, Forks and Knives for Party, Camping, Picnic",4.7,345,300+ bought in past month,https://www.amazon.com/Compostable-Sugarcane-Disposable-Dinnerware-Biodegradable/dp/B0B3QFXLH5/ref=sr_1_12?dib=eyJ2IjoiMSJ9._pCk2DUwwjrk-Vpio3S5WUGG8gApMXScAl71VDaCx4jhQwdLL2gZMfAbtq7OTm8nhlguNkfrZc9IQjcZGsTkbvj87HIhJ5b4QQ21MLFAZgShEBPagwVvaq9d-PlWH7mr4jh-gNXfmnFranwblnSgyE2iEhA-zkyINH47yyGgRrPEyzSTCXS_qRFJ0OlKR5d4LTckCNTKqJSUoQH9Yn0musFU7XD9S5cAPTPB3Q-1eptIwXQRhwTlNkk2vBhAef3JclAbLQig4-iOdd5Q3KaXaM5kPKwojb2TwiHRh4mKEkXBjS9KW0Fpk8A0iMikH7PdXbf7cQHkJogodcdzm5SSzjro4zLT02gKAqppAmPt-f7ei81punV0OJimBOlPyUwCB210nEA48PygYv5Xp5Ydgk-8VGbX-UzeSwsbZNr0M9BJtkiBJnfIEhY3eSr5d7Iz.AQKc7c5zz-QixP1kB6RxzstdXbIclL-Yygky6ewtXq4&dib_tag=se&keywords=compostable+home+products&qid=1741332324&sr=8-12,26.99,https://m.media-amazon.com/images/I/71EYADZmgBL._AC_UL320_.jpg,"250 piece compostable paper plates set with extra long utensils, sugarcane fibers disposable dinnerware set, eco friendly biodegradable plates, spoons, forks and knives for party, camping, picnic","['biodegradable', 'compostable', 'eco friendly']",8,Strong,Likely Product,Sustainable
"Compostable Bags for Kitchen Compost Bin, 1.2 Gallon, 125 Count, Certified by BPI and ASTM, Leakproof and Odor Control",4.4,3743,5K+ bought in past month,https://www.amazon.com/GreFusion-Compostable-Kitchen-Bathroom-Certified/dp/B09PFQFMCV/ref=sr_1_13?dib=eyJ2IjoiMSJ9._pCk2DUwwjrk-Vpio3S5WUGG8gApMXScAl71VDaCx4jhQwdLL2gZMfAbtq7OTm8nhlguNkfrZc9IQjcZGsTkbvj87HIhJ5b4QQ21MLFAZgShEBPagwVvaq9d-PlWH7mr4jh-gNXfmnFranwblnSgyE2iEhA-zkyINH47yyGgRrPEyzSTCXS_qRFJ0OlKR5d4LTckCNTKqJSUoQH9Yn0musFU7XD9S5cAPTPB3Q-1eptIwXQRhwTlNkk2vBhAef3JclAbLQig4-iOdd5Q3KaXaM5kPKwojb2TwiHRh4mKEkXBjS9KW0Fpk8A0iMikH7PdXbf7cQHkJogodcdzm5SSzjro4zLT02gKAqppAmPt-f7ei81punV0OJimBOlPyUwCB210nEA48PygYv5Xp5Ydgk-8VGbX-UzeSwsbZNr0M9BJtkiBJnfIEhY3eSr5d7Iz.AQKc7c5zz-QixP1kB6RxzstdXbIclL-Yygky6ewtXq4&dib_tag=se&keywords=compostable+home+products&qid=1741332324&sr=8-13,13.99,https://m.media-amazon.com/images/I/71brWgq0ZRL._AC_UL320_.jpg,"compostable bags for kitchen compost bin, 1.2 gallon, 125 count, certified by bpi and astm, leakproof and odor control",['compostable'],3,Moderate,Likely Product,Potentially Sustainable
"(Not Made In China) 100% Certified Home Compostable Dog and Cat Poop Bags, 300 Count, Plant Based Refill Rolls, Leakproof Doggie Waste Bag, Unscented, Corn Starch and PBAT, 100% Home and TUV Certified",4.3,190,50+ bought in past month,https://www.amazon.com/Carrywell-China-Certified-Compostable-Starch/dp/B0C5MZGBTR/ref=sr_1_14?dib=eyJ2IjoiMSJ9._pCk2DUwwjrk-Vpio3S5WUGG8gApMXScAl71VDaCx4jhQwdLL2gZMfAbtq7OTm8nhlguNkfrZc9IQjcZGsTkbvj87HIhJ5b4QQ21MLFAZgShEBPagwVvaq9d-PlWH7mr4jh-gNXfmnFranwblnSgyE2iEhA-zkyINH47yyGgRrPEyzSTCXS_qRFJ0OlKR5d4LTckCNTKqJSUoQH9Yn0musFU7XD9S5cAPTPB3Q-1eptIwXQRhwTlNkk2vBhAef3JclAbLQig4-iOdd5Q3KaXaM5kPKwojb2TwiHRh4mKEkXBjS9KW0Fpk8A0iMikH7PdXbf7cQHkJogodcdzm5SSzjro4zLT02gKAqppAmPt-f7ei81punV0OJimBOlPyUwCB210nEA48PygYv5Xp5Ydgk-8VGbX-UzeSwsbZNr0M9BJtkiBJnfIEhY3eSr5d7Iz.AQKc7c5zz-QixP1kB6RxzstdXbIclL-Yygky6ewtXq4&dib_tag=se&keywords=compostable+home+products&qid=1741332324&sr=8-14,19.99,https://m.media-amazon.com/images/I/81XlE70mPKL._AC_UL320_.jpg,"(not made in china) 100% certified home compostable dog and cat poop bags, 300 count, plant based refill rolls, leakproof doggie waste bag, unscented, corn starch and pbat, 100% home and tuv certified","['compostable', 'plant based']",5,Moderate,Likely Product,Potentially Sustainable
50 Small Compost Bags for Countertop Bin 1.6 Gal - Cornstarch Compost Trash Bags - Leakproof & Tear Resistant Compostable Bags for Kitchen Compost Bin - OK Compost Home & Seedlings Certified,4.5,244,600+ bought in past month,https://www.amazon.com/AIRNEX-Compostable-Trash-Bags-Small/dp/B0CMC3QY8S/ref=sr_1_15?dib=eyJ2IjoiMSJ9._pCk2DUwwjrk-Vpio3S5WUGG8gApMXScAl71VDaCx4jhQwdLL2gZMfAbtq7OTm8nhlguNkfrZc9IQjcZGsTkbvj87HIhJ5b4QQ21MLFAZgShEBPagwVvaq9d-PlWH7mr4jh-gNXfmnFranwblnSgyE2iEhA-zkyINH47yyGgRrPEyzSTCXS_qRFJ0OlKR5d4LTckCNTKqJSUoQH9Yn0musFU7XD9S5cAPTPB3Q-1eptIwXQRhwTlNkk2vBhAef3JclAbLQig4-iOdd5Q3KaXaM5kPKwojb2TwiHRh4mKEkXBjS9KW0Fpk8A0iMikH7PdXbf7cQHkJogodcdzm5SSzjro4zLT02gKAqppAmPt-f7ei81punV0OJimBOlPyUwCB210nEA48PygYv5Xp5Ydgk-8VGbX-UzeSwsbZNr0M9BJtkiBJnfIEhY3eSr5d7Iz.AQKc7c5zz-QixP1kB6RxzstdXbIclL-Yygky6ewtXq4&dib_tag=se&keywords=compostable+home+products&qid=1741332324&sr=8-15,9.95,https://m.media-amazon.com/images/I/81yXo6qlTVL._AC_UL320_.jpg,50 small compost bags for countertop bin 1.6 gal - cornstarch compost trash bags - leakproof & tear resistant compostable bags for kitchen compost bin - ok compost home & seedlings certified,['compostable'],3,Moderate,Likely Product,Potentially Sustainable
100% Certified Home Compostable Dog Poop Bags with Handles - 10% to Charity - ASTM D6400 & EN 13432 Compliant - 240 x Plant Based X Large Compostable Poop Bags (20 Rolls),4.6,493,500+ bought in past month,https://www.amazon.com/Biodegradable-Compostable-Dog-Poop-Bags-With-Handles/dp/B099RQH65N/ref=sr_1_16?dib=eyJ2IjoiMSJ9._pCk2DUwwjrk-Vpio3S5WUGG8gApMXScAl71VDaCx4jhQwdLL2gZMfAbtq7OTm8nhlguNkfrZc9IQjcZGsTkbvj87HIhJ5b4QQ21MLFAZgShEBPagwVvaq9d-PlWH7mr4jh-gNXfmnFranwblnSgyE2iEhA-zkyINH47yyGgRrPEyzSTCXS_qRFJ0OlKR5d4LTckCNTKqJSUoQH9Yn0musFU7XD9S5cAPTPB3Q-1eptIwXQRhwTlNkk2vBhAef3JclAbLQig4-iOdd5Q3KaXaM5kPKwojb2TwiHRh4mKEkXBjS9KW0Fpk8A0iMikH7PdXbf7cQHkJogodcdzm5SSzjro4zLT02gKAqppAmPt-f7ei81punV0OJimBOlPyUwCB210nEA48PygYv5Xp5Ydgk-8VGbX-UzeSwsbZNr0M9BJtkiBJnfIEhY3eSr5d7Iz.AQKc7c5zz-QixP1kB6RxzstdXbIclL-Yygky6ewtXq4&dib_tag=se&keywords=compostable+home+products&qid=1741332324&sr=8-16,24.99,https://m.media-amazon.com/images/I/81gC4F5ZyOL._AC_UL320_.jpg,100% certified home compostable dog poop bags with handles - 10% to charity - astm d6400 & en 13432 compliant - 240 x plant based x large compostable poop bags (20 rolls),"['compostable', 'plant based']",5,Moderate,Likely Product,Potentially Sustainable
Tieralia 5-Piece Eco-Friendly Bamboo Dish Brush Set with Compostable Wood Pulp Sponges | Bamboo Kitchen Cleaning Set,4.4,232,200+ bought in past month,https://www.amazon.com/Tieralia-Bamboo-Kitchen-Sustainable-Eco-Friendly/dp/B098CYHJ34/ref=sr_1_17?dib=eyJ2IjoiMSJ9._pCk2DUwwjrk-Vpio3S5WUGG8gApMXScAl71VDaCx4jhQwdLL2gZMfAbtq7OTm8nhlguNkfrZc9IQjcZGsTkbvj87HIhJ5b4QQ21MLFAZgShEBPagwVvaq9d-PlWH7mr4jh-gNXfmnFranwblnSgyE2iEhA-zkyINH47yyGgRrPEyzSTCXS_qRFJ0OlKR5d4LTckCNTKqJSUoQH9Yn0musFU7XD9S5cAPTPB3Q-1eptIwXQRhwTlNkk2vBhAef3JclAbLQig4-iOdd5Q3KaXaM5kPKwojb2TwiHRh4mKEkXBjS9KW0Fpk8A0iMikH7PdXbf7cQHkJogodcdzm5SSzjro4zLT02gKAqppAmPt-f7ei81punV0OJimBOlPyUwCB210nEA48PygYv5Xp5Ydgk-8VGbX-UzeSwsbZNr0M9BJtkiBJnfIEhY3eSr5d7Iz.AQKc7c5zz-QixP1kB6RxzstdXbIclL-Yygky6ewtXq4&dib_tag=se&keywords=compostable+home+products&qid=1741332324&sr=8-17,23.99,https://m.media-amazon.com/images/I/910pb+R-1UL._AC_UL320_.jpg,tieralia 5-piece eco-friendly bamboo dish brush set with compostable wood pulp sponges | bamboo kitchen cleaning set,"['compostable', 'eco-friendly', 'bamboo']",6,Strong,Likely Product,Sustainable
Certified Home Compostable Cat Litter Bags For Poop - 10% to Charity - Cornstarch-Based - For Cleaning Up Litter Trays - NF T51-800 Compliant - 90 Extra Large Disposable Bags,4.6,412,300+ bought in past month,https://www.amazon.com/Certified-Home-Compostable-Litter-Large/dp/B0CM3X66LB/ref=sr_1_18?dib=eyJ2IjoiMSJ9._pCk2DUwwjrk-Vpio3S5WUGG8gApMXScAl71VDaCx4jhQwdLL2gZMfAbtq7OTm8nhlguNkfrZc9IQjcZGsTkbvj87HIhJ5b4QQ21MLFAZgShEBPagwVvaq9d-PlWH7mr4jh-gNXfmnFranwblnSgyE2iEhA-zkyINH47yyGgRrPEyzSTCXS_qRFJ0OlKR5d4LTckCNTKqJSUoQH9Yn0musFU7XD9S5cAPTPB3Q-1eptIwXQRhwTlNkk2vBhAef3JclAbLQig4-iOdd5Q3KaXaM5kPKwojb2TwiHRh4mKEkXBjS9KW0Fpk8A0iMikH7PdXbf7cQHkJogodcdzm5SSzjro4zLT02gKAqppAmPt-f7ei81punV0OJimBOlPyUwCB210nEA48PygYv5Xp5Ydgk-8VGbX-UzeSwsbZNr0M9BJtkiBJnfIEhY3eSr5d7Iz.AQKc7c5zz-QixP1kB6RxzstdXbIclL-Yygky6ewtXq4&dib_tag=se&keywords=compostable+home+products&qid=1741332324&sr=8-18,28.99,https://m.media-amazon.com/images/I/81YRKl5b7TL._AC_UL320_.jpg,certified home compostable cat litter bags for poop - 10% to charity - cornstarch-based - for cleaning up litter trays - nf t51-800 compliant - 90 extra large disposable bags,['compostable'],3,Moderate,Likely Product,Potentially Sustainable
1.6 Gallon 100% Compostable Bags Handle Tie (120 Bags) Small Disposable Compost Trash Bags Food Scrap Garbage Bags US BPI Certified TUV OK Compost Home Certified Meeting ASTM D6400 (120 ct.),4.3,210,50+ bought in past month,https://www.amazon.com/Compostable-Disposable-Compost-Garbage-Certified/dp/B0CX79PHKL/ref=sr_1_19?dib=eyJ2IjoiMSJ9._pCk2DUwwjrk-Vpio3S5WUGG8gApMXScAl71VDaCx4jhQwdLL2gZMfAbtq7OTm8nhlguNkfrZc9IQjcZGsTkbvj87HIhJ5b4QQ21MLFAZgShEBPagwVvaq9d-PlWH7mr4jh-gNXfmnFranwblnSgyE2iEhA-zkyINH47yyGgRrPEyzSTCXS_qRFJ0OlKR5d4LTckCNTKqJSUoQH9Yn0musFU7XD9S5cAPTPB3Q-1eptIwXQRhwTlNkk2vBhAef3JclAbLQig4-iOdd5Q3KaXaM5kPKwojb2TwiHRh4mKEkXBjS9KW0Fpk8A0iMikH7PdXbf7cQHkJogodcdzm5SSzjro4zLT02gKAqppAmPt-f7ei81punV0OJimBOlPyUwCB210nEA48PygYv5Xp5Ydgk-8VGbX-UzeSwsbZNr0M9BJtkiBJnfIEhY3eSr5d7Iz.AQKc7c5zz-QixP1kB6RxzstdXbIclL-Yygky6ewtXq4&dib_tag=se&keywords=compostable+home+products&qid=1741332324&sr=8-19,12.99,https://m.media-amazon.com/images/I/71nIVisyOgL._AC_UL320_.jpg,1.6 gallon 100% compostable bags handle tie (120 bags) small disposable compost trash bags food scrap garbage bags us bpi certified tuv ok compost home certified meeting astm d6400 (120 ct.),"['compostable', 'bpi certified']",5,Moderate,Likely Product,Potentially Sustainable
"Plant-Based Kitchen Sponges - FSC Certified and PETA Approved, Natural, Eco-Friendly, Biodegradable Sisal Hemp Sponges for Dishes, Cleaning Sponge for Kitchen, Bathroom, Household - 12 Count",4.6,248,3K+ bought in past month,https://www.amazon.com/Isshah-Plant-Based-Kitchen-Sponges-Biodegradable/dp/B0CSBG92MF/ref=sr_1_20?dib=eyJ2IjoiMSJ9._pCk2DUwwjrk-Vpio3S5WUGG8gApMXScAl71VDaCx4jhQwdLL2gZMfAbtq7OTm8nhlguNkfrZc9IQjcZGsTkbvj87HIhJ5b4QQ21MLFAZgShEBPagwVvaq9d-PlWH7mr4jh-gNXfmnFranwblnSgyE2iEhA-zkyINH47yyGgRrPEyzSTCXS_qRFJ0OlKR5d4LTckCNTKqJSUoQH9Yn0musFU7XD9S5cAPTPB3Q-1eptIwXQRhwTlNkk2vBhAef3JclAbLQig4-iOdd5Q3KaXaM5kPKwojb2TwiHRh4mKEkXBjS9KW0Fpk8A0iMikH7PdXbf7cQHkJogodcdzm5SSzjro4zLT02gKAqppAmPt-f7ei81punV0OJimBOlPyUwCB210nEA48PygYv5Xp5Ydgk-8VGbX-UzeSwsbZNr0M9BJtkiBJnfIEhY3eSr5d7Iz.AQKc7c5zz-QixP1kB6RxzstdXbIclL-Yygky6ewtXq4&dib_tag=se&keywords=compostable+home+products&qid=1741332324&sr=8-20,9.99,https://m.media-amazon.com/images/I/81GEZUgvk2L._AC_UL320_.jpg,"plant-based kitchen sponges - fsc certified and peta approved, natural, eco-friendly, biodegradable sisal hemp sponges for dishes, cleaning sponge for kitchen, bathroom, household - 12 count","['biodegradable', 'eco-friendly', 'plant-based', 'fsc certified', 'natural']",10,Strong,Likely Product,Sustainable
"Compostable Bags for Kitchen Compost Bin, 1.2 Gallon, 125 Count, Certified by BPI and ASTM, Leakproof and Odor Control",4.4,3743,5K+ bought in past month,https://www.amazon.com/s?k=compostable+home+products#,9.99,https://m.media-amazon.com/images/I/71brWgq0ZRL._AC_UL320_.jpg,"compostable bags for kitchen compost bin, 1.2 gallon, 125 count, certified by bpi and astm, leakproof and odor control",['compostable'],3,Moderate,Likely Product,Potentially Sustainable
"Great Lakes 2.6 Gallon Compostable and Biodegradable Trash Bag, 100 Count, Small Compostable Bag For Kitchen Food Scrap, Bathroom, Office, Certified by BPI and OK Compost Home",4.8,34,200+ bought in past month,https://www.amazon.com/Great-Lakes-Compostable-Biodegradable-Certified/dp/B0DBPD7SWW/ref=sr_1_26?dib=eyJ2IjoiMSJ9._pCk2DUwwjrk-Vpio3S5WUGG8gApMXScAl71VDaCx4jhQwdLL2gZMfAbtq7OTm8nhlguNkfrZc9IQjcZGsTkbvj87HIhJ5b4QQ21MLFAZgShEBPagwVvaq9d-PlWH7mr4jh-gNXfmnFranwblnSgyE2iEhA-zkyINH47yyGgRrPEyzSTCXS_qRFJ0OlKR5d4LTckCNTKqJSUoQH9Yn0musFU7XD9S5cAPTPB3Q-1eptIwXQRhwTlNkk2vBhAef3JclAbLQig4-iOdd5Q3KaXaM5kPKwojb2TwiHRh4mKEkXBjS9KW0Fpk8A0iMikH7PdXbf7cQHkJogodcdzm5SSzjro4zLT02gKAqppAmPt-f7ei81punV0OJimBOlPyUwCB210nEA48PygYv5Xp5Ydgk-8VGbX-UzeSwsbZNr0M9BJtkiBJnfIEhY3eSr5d7Iz.AQKc7c5zz-QixP1kB6RxzstdXbIclL-Yygky6ewtXq4&dib_tag=se&keywords=compostable+home+products&qid=1741332324&sr=8-26,12.55,https://m.media-amazon.com/images/I/61LF5TVF8kL._AC_UL320_.jpg,"great lakes 2.6 gallon compostable and biodegradable trash bag, 100 count, small compostable bag for kitchen food scrap, bathroom, office, certified by bpi and ok compost home","['biodegradable', 'compostable']",6,Strong,Likely Product,Sustainable
"ANECO 4 Gallon Compostable Food Waste Bags with Handles, Extra Thick Compost Bags for Medium Kitchen Garbage/Bathroom Bin, OK Compost HOME & BPI Certified Compostable Bags",4.6,46,200+ bought in past month,https://www.amazon.com/ANECO-Compostable-Handles-Bathroom-Certified/dp/B0CW5BTXKP/ref=sr_1_27?dib=eyJ2IjoiMSJ9._pCk2DUwwjrk-Vpio3S5WUGG8gApMXScAl71VDaCx4jhQwdLL2gZMfAbtq7OTm8nhlguNkfrZc9IQjcZGsTkbvj87HIhJ5b4QQ21MLFAZgShEBPagwVvaq9d-PlWH7mr4jh-gNXfmnFranwblnSgyE2iEhA-zkyINH47yyGgRrPEyzSTCXS_qRFJ0OlKR5d4LTckCNTKqJSUoQH9Yn0musFU7XD9S5cAPTPB3Q-1eptIwXQRhwTlNkk2vBhAef3JclAbLQig4-iOdd5Q3KaXaM5kPKwojb2TwiHRh4mKEkXBjS9KW0Fpk8A0iMikH7PdXbf7cQHkJogodcdzm5SSzjro4zLT02gKAqppAmPt-f7ei81punV0OJimBOlPyUwCB210nEA48PygYv5Xp5Ydgk-8VGbX-UzeSwsbZNr0M9BJtkiBJnfIEhY3eSr5d7Iz.AQKc7c5zz-QixP1kB6RxzstdXbIclL-Yygky6ewtXq4&dib_tag=se&keywords=compostable+home+products&qid=1741332324&sr=8-27,13.49,https://m.media-amazon.com/images/I/71jS+SerDWL._AC_UL320_.jpg,"aneco 4 gallon compostable food waste bags with handles, extra thick compost bags for medium kitchen garbage/bathroom bin, ok compost home & bpi certified compostable bags","['compostable', 'bpi certified', 'certified compostable']",7,Strong,Likely Product,Sustainable
"13 Gallon Compostable Trash Bags with Drawstring, Heavy Duty Extra Thick 1 Mil, 49.21 Liter, 30 Bags, Tall Kitchen Food Scrap Waste Bag, ASTM D6400, US BPI and OK Compost Home Certified (13 Gallon)",4.5,56,100+ bought in past month,https://www.amazon.com/Compostable-Drawstring-Kitchen-Compost-Certified/dp/B0CT8RKPBY/ref=sr_1_28?dib=eyJ2IjoiMSJ9._pCk2DUwwjrk-Vpio3S5WUGG8gApMXScAl71VDaCx4jhQwdLL2gZMfAbtq7OTm8nhlguNkfrZc9IQjcZGsTkbvj87HIhJ5b4QQ21MLFAZgShEBPagwVvaq9d-PlWH7mr4jh-gNXfmnFranwblnSgyE2iEhA-zkyINH47yyGgRrPEyzSTCXS_qRFJ0OlKR5d4LTckCNTKqJSUoQH9Yn0musFU7XD9S5cAPTPB3Q-1eptIwXQRhwTlNkk2vBhAef3JclAbLQig4-iOdd5Q3KaXaM5kPKwojb2TwiHRh4mKEkXBjS9KW0Fpk8A0iMikH7PdXbf7cQHkJogodcdzm5SSzjro4zLT02gKAqppAmPt-f7ei81punV0OJimBOlPyUwCB210nEA48PygYv5Xp5Ydgk-8VGbX-UzeSwsbZNr0M9BJtkiBJnfIEhY3eSr5d7Iz.AQKc7c5zz-QixP1kB6RxzstdXbIclL-Yygky6ewtXq4&dib_tag=se&keywords=compostable+home+products&qid=1741332324&sr=8-28,16.18,https://m.media-amazon.com/images/I/71iXv9fom6L._AC_UL320_.jpg,"13 gallon compostable trash bags with drawstring, heavy duty extra thick 1 mil, 49.21 liter, 30 bags, tall kitchen food scrap waste bag, astm d6400, us bpi and ok compost home certified (13 gallon)",['compostable'],3,Moderate,Likely Product,Potentially Sustainable
Reusable Paper Towels Washable Roll - Thick 12-pc Two Layered Ultra Absorbent Paperless Certified Organic Cotton Towels - Large Cloth Kitchen Paper Towel with Hanging Loop,4.6,205,100+ bought in past month,https://www.amazon.com/EcoPledge-Reusable-Paper-Towels-Washable/dp/B0CLHYGVPX/ref=sr_1_33?dib=eyJ2IjoiMSJ9._pCk2DUwwjrk-Vpio3S5WUGG8gApMXScAl71VDaCx4jhQwdLL2gZMfAbtq7OTm8nhlguNkfrZc9IQjcZGsTkbvj87HIhJ5b4QQ21MLFAZgShEBPagwVvaq9d-PlWH7mr4jh-gNXfmnFranwblnSgyE2iEhA-zkyINH47yyGgRrPEyzSTCXS_qRFJ0OlKR5d4LTckCNTKqJSUoQH9Yn0musFU7XD9S5cAPTPB3Q-1eptIwXQRhwTlNkk2vBhAef3JclAbLQig4-iOdd5Q3KaXaM5kPKwojb2TwiHRh4mKEkXBjS9KW0Fpk8A0iMikH7PdXbf7cQHkJogodcdzm5SSzjro4zLT02gKAqppAmPt-f7ei81punV0OJimBOlPyUwCB210nEA48PygYv5Xp5Ydgk-8VGbX-UzeSwsbZNr0M9BJtkiBJnfIEhY3eSr5d7Iz.AQKc7c5zz-QixP1kB6RxzstdXbIclL-Yygky6ewtXq4&dib_tag=se&keywords=compostable+home+products&qid=1741332324&sr=8-33,24.99,https://m.media-amazon.com/images/I/91-W1NYNeYL._AC_UL320_.jpg,reusable paper towels washable roll - thick 12-pc two layered ultra absorbent paperless certified organic cotton towels - large cloth kitchen paper towel with hanging loop,"['reusable', 'organic', 'washable']",6,Strong,Likely Product,Sustainable
"Compostable Trash Garbage bags,AYOTEE 13-15 Gallon Tall Kitchen Trash Bags,Heavy Duty Unscented 1.18Mils 55 Liter,60 Count,Strong Thicken Rubbish Waste Can Liners for Kitchen Garden Home",4.4,8083,3K+ bought in past month,https://www.amazon.com/Kitchen-Compostable-Unscented-1-18Mils-Thicken/dp/B0816P4J7L/ref=sr_1_34?dib=eyJ2IjoiMSJ9._pCk2DUwwjrk-Vpio3S5WUGG8gApMXScAl71VDaCx4jhQwdLL2gZMfAbtq7OTm8nhlguNkfrZc9IQjcZGsTkbvj87HIhJ5b4QQ21MLFAZgShEBPagwVvaq9d-PlWH7mr4jh-gNXfmnFranwblnSgyE2iEhA-zkyINH47yyGgRrPEyzSTCXS_qRFJ0OlKR5d4LTckCNTKqJSUoQH9Yn0musFU7XD9S5cAPTPB3Q-1eptIwXQRhwTlNkk2vBhAef3JclAbLQig4-iOdd5Q3KaXaM5kPKwojb2TwiHRh4mKEkXBjS9KW0Fpk8A0iMikH7PdXbf7cQHkJogodcdzm5SSzjro4zLT02gKAqppAmPt-f7ei81punV0OJimBOlPyUwCB210nEA48PygYv5Xp5Ydgk-8VGbX-UzeSwsbZNr0M9BJtkiBJnfIEhY3eSr5d7Iz.AQKc7c5zz-QixP1kB6RxzstdXbIclL-Yygky6ewtXq4&dib_tag=se&keywords=compostable+home+products&qid=1741332324&sr=8-34,19.99,https://m.media-amazon.com/images/I/618dwGqpgqL._AC_UL320_.jpg,"compostable trash garbage bags,ayotee 13-15 gallon tall kitchen trash bags,heavy duty unscented 1.18mils 55 liter,60 count,strong thicken rubbish waste can liners for kitchen garden home",['compostable'],3,Moderate,Likely Product,Potentially Sustainable
"100% Certified Home Compostable Produce Bags, 1000 Count, 14 x 18 Inches, Hold Up to 14 Lbs, ASTM D6400, EN 13432, US BPI & Europe OK Compost Home Certified",4.3,318,50+ bought in past month,https://www.amazon.com/s?k=compostable+home+products#,19.99,https://m.media-amazon.com/images/I/51bazpejpzL._AC_UL320_.jpg,"100% certified home compostable produce bags, 1000 count, 14 x 18 inches, hold up to 14 lbs, astm d6400, en 13432, us bpi & europe ok compost home certified",['compostable'],3,Moderate,Likely Product,Potentially Sustainable
"Extra Heavyduty Compostable Cutlery Set No Plastic Forks Spoons Knives Disposable Utensils Biodegradable Fork Eco Friendly Silverware Serving Flatware for Party,BBQ,Daily Use,Events,Picnic",4.7,123,50+ bought in past month,https://www.amazon.com/s?k=compostable+home+products#,19.99,https://m.media-amazon.com/images/I/61Cao3PUZuL._AC_UL320_.jpg,"extra heavyduty compostable cutlery set no plastic forks spoons knives disposable utensils biodegradable fork eco friendly silverware serving flatware for party,bbq,daily use,events,picnic","['biodegradable', 'compostable', 'eco friendly']",8,Strong,Likely Product,Sustainable
"Eco by Naty Baby Wipes Unscented - 100% Compostable and Plant-Based Wipes, Good for Babies and Newborn Sensitive Skin (168 Count - 3 packs of 56)",4.1,4032,500+ bought in past month,https://www.amazon.com/Eco-Naty-Hypoallergenic-Biodegradable-Compostable/dp/B00WW8XR4O/ref=sr_1_41?dib=eyJ2IjoiMSJ9._pCk2DUwwjrk-Vpio3S5WUGG8gApMXScAl71VDaCx4jhQwdLL2gZMfAbtq7OTm8nhlguNkfrZc9IQjcZGsTkbvj87HIhJ5b4QQ21MLFAZgShEBPagwVvaq9d-PlWH7mr4jh-gNXfmnFranwblnSgyE2iEhA-zkyINH47yyGgRrPEyzSTCXS_qRFJ0OlKR5d4LTckCNTKqJSUoQH9Yn0musFU7XD9S5cAPTPB3Q-1eptIwXQRhwTlNkk2vBhAef3JclAbLQig4-iOdd5Q3KaXaM5kPKwojb2TwiHRh4mKEkXBjS9KW0Fpk8A0iMikH7PdXbf7cQHkJogodcdzm5SSzjro4zLT02gKAqppAmPt-f7ei81punV0OJimBOlPyUwCB210nEA48PygYv5Xp5Ydgk-8VGbX-UzeSwsbZNr0M9BJtkiBJnfIEhY3eSr5d7Iz.AQKc7c5zz-QixP1kB6RxzstdXbIclL-Yygky6ewtXq4&dib_tag=se&keywords=compostable+home+products&qid=1741332324&sr=8-41,19.99,https://m.media-amazon.com/images/I/51NJSfLhzTL._AC_UL320_.jpg,"eco by naty baby wipes unscented - 100% compostable and plant-based wipes, good for babies and newborn sensitive skin (168 count - 3 packs of 56)","['compostable', 'plant-based']",5,Moderate,Likely Product,Potentially Sustainable
"ECOLipak 13 Gallon Compostable Trash Bags, 50 Count (1 Roll) Biodegradable Heavy Duty Bathroom Kitchen Trash Garbage Bags for Home/Office, US BPI ASTM D6400 and OK Compost Home Certified",4.2,16,50+ bought in past month,https://www.amazon.com/ECOLipak-Compostable-Biodegradable-Bathroom-Certified/dp/B0DDPM7J4B/ref=sr_1_42?dib=eyJ2IjoiMSJ9._pCk2DUwwjrk-Vpio3S5WUGG8gApMXScAl71VDaCx4jhQwdLL2gZMfAbtq7OTm8nhlguNkfrZc9IQjcZGsTkbvj87HIhJ5b4QQ21MLFAZgShEBPagwVvaq9d-PlWH7mr4jh-gNXfmnFranwblnSgyE2iEhA-zkyINH47yyGgRrPEyzSTCXS_qRFJ0OlKR5d4LTckCNTKqJSUoQH9Yn0musFU7XD9S5cAPTPB3Q-1eptIwXQRhwTlNkk2vBhAef3JclAbLQig4-iOdd5Q3KaXaM5kPKwojb2TwiHRh4mKEkXBjS9KW0Fpk8A0iMikH7PdXbf7cQHkJogodcdzm5SSzjro4zLT02gKAqppAmPt-f7ei81punV0OJimBOlPyUwCB210nEA48PygYv5Xp5Ydgk-8VGbX-UzeSwsbZNr0M9BJtkiBJnfIEhY3eSr5d7Iz.AQKc7c5zz-QixP1kB6RxzstdXbIclL-Yygky6ewtXq4&dib_tag=se&keywords=compostable+home+products&qid=1741332324&sr=8-42,16.99,https://m.media-amazon.com/images/I/71-vKZBRrpL._AC_UL320_.jpg,"ecolipak 13 gallon compostable trash bags, 50 count (1 roll) biodegradable heavy duty bathroom kitchen trash garbage bags for home/office, us bpi astm d6400 and ok compost home certified","['biodegradable', 'compostable']",6,Strong,Likely Product,Sustainable
"UNNI Compostable Liner Bags, 6-8 Gallon, 30 Liter, 200 Count, 0.85 Mil Heavy Duty, Food Scrap Bags for Medium Bins, ASTM D6400, US BPI, CMA and Europe OK compost HOME Certified, San Francisco",4.6,1766,50+ bought in past month,https://www.amazon.com/UNNI-Compostable-European-Certified-Francisco/dp/B076T8NLY1/ref=sr_1_43?dib=eyJ2IjoiMSJ9._pCk2DUwwjrk-Vpio3S5WUGG8gApMXScAl71VDaCx4jhQwdLL2gZMfAbtq7OTm8nhlguNkfrZc9IQjcZGsTkbvj87HIhJ5b4QQ21MLFAZgShEBPagwVvaq9d-PlWH7mr4jh-gNXfmnFranwblnSgyE2iEhA-zkyINH47yyGgRrPEyzSTCXS_qRFJ0OlKR5d4LTckCNTKqJSUoQH9Yn0musFU7XD9S5cAPTPB3Q-1eptIwXQRhwTlNkk2vBhAef3JclAbLQig4-iOdd5Q3KaXaM5kPKwojb2TwiHRh4mKEkXBjS9KW0Fpk8A0iMikH7PdXbf7cQHkJogodcdzm5SSzjro4zLT02gKAqppAmPt-f7ei81punV0OJimBOlPyUwCB210nEA48PygYv5Xp5Ydgk-8VGbX-UzeSwsbZNr0M9BJtkiBJnfIEhY3eSr5d7Iz.AQKc7c5zz-QixP1kB6RxzstdXbIclL-Yygky6ewtXq4&dib_tag=se&keywords=compostable+home+products&qid=1741332324&sr=8-43,45.95,https://m.media-amazon.com/images/I/71lhd0GugdL._AC_UL320_.jpg,"unni compostable liner bags, 6-8 gallon, 30 liter, 200 count, 0.85 mil heavy duty, food scrap bags for medium bins, astm d6400, us bpi, cma and europe ok compost home certified, san francisco",['compostable'],3,Moderate,Likely Product,Potentially Sustainable
"ECO PRODUCTS Compostable 6"" Paper Plates, Case of 1000, Disposable White Molded Fiber, Round, Tree-Free, Stronger Than Paper & Styrofoam, Renewable Molded Natural Fibers",4.3,17,50+ bought in past month,https://www.amazon.com/ECO-PRODUCTS-Compostable-Disposable-Tree-Free/dp/B004NG8F5Y/ref=sr_1_44?dib=eyJ2IjoiMSJ9._pCk2DUwwjrk-Vpio3S5WUGG8gApMXScAl71VDaCx4jhQwdLL2gZMfAbtq7OTm8nhlguNkfrZc9IQjcZGsTkbvj87HIhJ5b4QQ21MLFAZgShEBPagwVvaq9d-PlWH7mr4jh-gNXfmnFranwblnSgyE2iEhA-zkyINH47yyGgRrPEyzSTCXS_qRFJ0OlKR5d4LTckCNTKqJSUoQH9Yn0musFU7XD9S5cAPTPB3Q-1eptIwXQRhwTlNkk2vBhAef3JclAbLQig4-iOdd5Q3KaXaM5kPKwojb2TwiHRh4mKEkXBjS9KW0Fpk8A0iMikH7PdXbf7cQHkJogodcdzm5SSzjro4zLT02gKAqppAmPt-f7ei81punV0OJimBOlPyUwCB210nEA48PygYv5Xp5Ydgk-8VGbX-UzeSwsbZNr0M9BJtkiBJnfIEhY3eSr5d7Iz.AQKc7c5zz-QixP1kB6RxzstdXbIclL-Yygky6ewtXq4&dib_tag=se&keywords=compostable+home+products&qid=1741332324&sr=8-44,45.95,https://m.media-amazon.com/images/I/616BYFullWL._AC_UL320_.jpg,"eco products compostable 6"" paper plates, case of 1000, disposable white molded fiber, round, tree-free, stronger than paper & styrofoam, renewable molded natural fibers","['compostable', 'natural']",4,Moderate,Likely Product,Potentially Sustainable
"Eco-Products Compostable Paper Coffee Cup Lids, Case of 1000, White GreenStripe Tops, Fits 10-20oz Hot Cups, Lined With PLA, A Renewable Material Made from Plants, ASTM, BPI-Certified",4.3,76,50+ bought in past month,https://www.amazon.com/Eco-Products-Compostable-GreenStripe-Renewable-BPI-Certified/dp/B0D484HSJ6/ref=sr_1_45?dib=eyJ2IjoiMSJ9._pCk2DUwwjrk-Vpio3S5WUGG8gApMXScAl71VDaCx4jhQwdLL2gZMfAbtq7OTm8nhlguNkfrZc9IQjcZGsTkbvj87HIhJ5b4QQ21MLFAZgShEBPagwVvaq9d-PlWH7mr4jh-gNXfmnFranwblnSgyE2iEhA-zkyINH47yyGgRrPEyzSTCXS_qRFJ0OlKR5d4LTckCNTKqJSUoQH9Yn0musFU7XD9S5cAPTPB3Q-1eptIwXQRhwTlNkk2vBhAef3JclAbLQig4-iOdd5Q3KaXaM5kPKwojb2TwiHRh4mKEkXBjS9KW0Fpk8A0iMikH7PdXbf7cQHkJogodcdzm5SSzjro4zLT02gKAqppAmPt-f7ei81punV0OJimBOlPyUwCB210nEA48PygYv5Xp5Ydgk-8VGbX-UzeSwsbZNr0M9BJtkiBJnfIEhY3eSr5d7Iz.AQKc7c5zz-QixP1kB6RxzstdXbIclL-Yygky6ewtXq4&dib_tag=se&keywords=compostable+home+products&qid=1741332324&sr=8-45,45.95,https://m.media-amazon.com/images/I/71LfFIz9ODL._AC_UL320_.jpg,"eco-products compostable paper coffee cup lids, case of 1000, white greenstripe tops, fits 10-20oz hot cups, lined with pla, a renewable material made from plants, astm, bpi-certified",['compostable'],3,Moderate,Likely Product,Potentially Sustainable
"4-6 Gallon Compostable Trash Bags, 75 Count, Compost Bags Kitchen Trash Bags with Handle, Sturdy Biodegradable Garbage Bags Food Scrap Waste Bags, ASTM D6400, US BPI Certified",4.4,595,50+ bought in past month,https://www.amazon.com/BEIDOU-PAC-Compostable-Compost-Biodegradable-Certified/dp/B0CSVHJRL8/ref=sr_1_46?dib=eyJ2IjoiMSJ9._pCk2DUwwjrk-Vpio3S5WUGG8gApMXScAl71VDaCx4jhQwdLL2gZMfAbtq7OTm8nhlguNkfrZc9IQjcZGsTkbvj87HIhJ5b4QQ21MLFAZgShEBPagwVvaq9d-PlWH7mr4jh-gNXfmnFranwblnSgyE2iEhA-zkyINH47yyGgRrPEyzSTCXS_qRFJ0OlKR5d4LTckCNTKqJSUoQH9Yn0musFU7XD9S5cAPTPB3Q-1eptIwXQRhwTlNkk2vBhAef3JclAbLQig4-iOdd5Q3KaXaM5kPKwojb2TwiHRh4mKEkXBjS9KW0Fpk8A0iMikH7PdXbf7cQHkJogodcdzm5SSzjro4zLT02gKAqppAmPt-f7ei81punV0OJimBOlPyUwCB210nEA48PygYv5Xp5Ydgk-8VGbX-UzeSwsbZNr0M9BJtkiBJnfIEhY3eSr5d7Iz.AQKc7c5zz-QixP1kB6RxzstdXbIclL-Yygky6ewtXq4&dib_tag=se&keywords=compostable+home+products&qid=1741332324&sr=8-46,19.99,https://m.media-amazon.com/images/I/71hwEEABV8L._AC_UL320_.jpg,"4-6 gallon compostable trash bags, 75 count, compost bags kitchen trash bags with handle, sturdy biodegradable garbage bags food scrap waste bags, astm d6400, us bpi certified","['biodegradable', 'compostable', 'bpi certified']",8,Strong,Likely Product,Sustainable
"UNNI Certified Compostable Shopping Bags, 500 Count, Standard Size Shopper, 16.1"" x 19.7"", BPI, CMA & OK Compost Home Certified, Great for Farmers Markets, Grocery Stores, Restaurants, and On the Go",4.4,4,50+ bought in past month,https://www.amazon.com/UNNI-Certified-Compostable-Shopping-Restaurants/dp/B0DGSGZPZK/ref=sr_1_47?dib=eyJ2IjoiMSJ9._pCk2DUwwjrk-Vpio3S5WUGG8gApMXScAl71VDaCx4jhQwdLL2gZMfAbtq7OTm8nhlguNkfrZc9IQjcZGsTkbvj87HIhJ5b4QQ21MLFAZgShEBPagwVvaq9d-PlWH7mr4jh-gNXfmnFranwblnSgyE2iEhA-zkyINH47yyGgRrPEyzSTCXS_qRFJ0OlKR5d4LTckCNTKqJSUoQH9Yn0musFU7XD9S5cAPTPB3Q-1eptIwXQRhwTlNkk2vBhAef3JclAbLQig4-iOdd5Q3KaXaM5kPKwojb2TwiHRh4mKEkXBjS9KW0Fpk8A0iMikH7PdXbf7cQHkJogodcdzm5SSzjro4zLT02gKAqppAmPt-f7ei81punV0OJimBOlPyUwCB210nEA48PygYv5Xp5Ydgk-8VGbX-UzeSwsbZNr0M9BJtkiBJnfIEhY3eSr5d7Iz.AQKc7c5zz-QixP1kB6RxzstdXbIclL-Yygky6ewtXq4&dib_tag=se&keywords=compostable+home+products&qid=1741332324&sr=8-47,59.95,https://m.media-amazon.com/images/I/71xOYs99IdL._AC_UL320_.jpg,"unni certified compostable shopping bags, 500 count, standard size shopper, 16.1"" x 19.7"", bpi, cma & ok compost home certified, great for farmers markets, grocery stores, restaurants, and on the go","['compostable', 'certified compostable']",5,Moderate,Likely Product,Potentially Sustainable
"If You Care Sponge Cloths – 5 Count – 100% Natural Cleaning Rags for Kitchen, Bathroom, Home Countertop Surfaces – Absorbent, Reusable, Machine Washable, Compostable",4.7,5222,1K+ bought in past month,https://www.amazon.com/CARE-Natural-Sponge-Cloths-Count/dp/B0078DQXQC/ref=sr_1_48?dib=eyJ2IjoiMSJ9._pCk2DUwwjrk-Vpio3S5WUGG8gApMXScAl71VDaCx4jhQwdLL2gZMfAbtq7OTm8nhlguNkfrZc9IQjcZGsTkbvj87HIhJ5b4QQ21MLFAZgShEBPagwVvaq9d-PlWH7mr4jh-gNXfmnFranwblnSgyE2iEhA-zkyINH47yyGgRrPEyzSTCXS_qRFJ0OlKR5d4LTckCNTKqJSUoQH9Yn0musFU7XD9S5cAPTPB3Q-1eptIwXQRhwTlNkk2vBhAef3JclAbLQig4-iOdd5Q3KaXaM5kPKwojb2TwiHRh4mKEkXBjS9KW0Fpk8A0iMikH7PdXbf7cQHkJogodcdzm5SSzjro4zLT02gKAqppAmPt-f7ei81punV0OJimBOlPyUwCB210nEA48PygYv5Xp5Ydgk-8VGbX-UzeSwsbZNr0M9BJtkiBJnfIEhY3eSr5d7Iz.AQKc7c5zz-QixP1kB6RxzstdXbIclL-Yygky6ewtXq4&dib_tag=se&keywords=compostable+home+products&qid=1741332324&sr=8-48,59.95,https://m.media-amazon.com/images/I/81PJhFaSTeL._AC_UL320_.jpg,"if you care sponge cloths – 5 count – 100% natural cleaning rags for kitchen, bathroom, home countertop surfaces – absorbent, reusable, machine washable, compostable","['compostable', 'reusable', 'natural', 'washable']",8,Strong,Likely Product,Sustainable
"ECO PRODUCTS Compostable 8oz Lined Paper Food Bowls, Case of 1000, Renewable Disposable Round Containers, Plant-Based PLA Lined, World Art, Lids Available, ASTM Compliant, BPI-Certified",5.0,2,50+ bought in past month,https://www.amazon.com/ECO-PRODUCTS-Compostable-Plant-Based-BPI-Certified/dp/B004NG8EX2/ref=sr_1_49?dib=eyJ2IjoiMSJ9._pCk2DUwwjrk-Vpio3S5WUGG8gApMXScAl71VDaCx4jhQwdLL2gZMfAbtq7OTm8nhlguNkfrZc9IQjcZGsTkbvj87HIhJ5b4QQ21MLFAZgShEBPagwVvaq9d-PlWH7mr4jh-gNXfmnFranwblnSgyE2iEhA-zkyINH47yyGgRrPEyzSTCXS_qRFJ0OlKR5d4LTckCNTKqJSUoQH9Yn0musFU7XD9S5cAPTPB3Q-1eptIwXQRhwTlNkk2vBhAef3JclAbLQig4-iOdd5Q3KaXaM5kPKwojb2TwiHRh4mKEkXBjS9KW0Fpk8A0iMikH7PdXbf7cQHkJogodcdzm5SSzjro4zLT02gKAqppAmPt-f7ei81punV0OJimBOlPyUwCB210nEA48PygYv5Xp5Ydgk-8VGbX-UzeSwsbZNr0M9BJtkiBJnfIEhY3eSr5d7Iz.AQKc7c5zz-QixP1kB6RxzstdXbIclL-Yygky6ewtXq4&dib_tag=se&keywords=compostable+home+products&qid=1741332324&sr=8-49,59.95,https://m.media-amazon.com/images/I/7111aRMdxnL._AC_UL320_.jpg,"eco products compostable 8oz lined paper food bowls, case of 1000, renewable disposable round containers, plant-based pla lined, world art, lids available, astm compliant, bpi-certified","['compostable', 'plant-based']",5,Moderate,Likely Product,Potentially Sustainable
"100% Certified Compostable Quart Bags (50 Counts), Resealable BioBased Bags, Leak Proof And Freezer Safe, Extra Strength Storage Bags, Also Available Gallon, Snack and Sandwich Size Bags (Quart)",4.5,177,200+ bought in past month,https://www.amazon.com/Compostable-Resealable-BioBased-Strength-Available/dp/B0BDPDCS24/ref=sr_1_50?dib=eyJ2IjoiMSJ9._pCk2DUwwjrk-Vpio3S5WUGG8gApMXScAl71VDaCx4jhQwdLL2gZMfAbtq7OTm8nhlguNkfrZc9IQjcZGsTkbvj87HIhJ5b4QQ21MLFAZgShEBPagwVvaq9d-PlWH7mr4jh-gNXfmnFranwblnSgyE2iEhA-zkyINH47yyGgRrPEyzSTCXS_qRFJ0OlKR5d4LTckCNTKqJSUoQH9Yn0musFU7XD9S5cAPTPB3Q-1eptIwXQRhwTlNkk2vBhAef3JclAbLQig4-iOdd5Q3KaXaM5kPKwojb2TwiHRh4mKEkXBjS9KW0Fpk8A0iMikH7PdXbf7cQHkJogodcdzm5SSzjro4zLT02gKAqppAmPt-f7ei81punV0OJimBOlPyUwCB210nEA48PygYv5Xp5Ydgk-8VGbX-UzeSwsbZNr0M9BJtkiBJnfIEhY3eSr5d7Iz.AQKc7c5zz-QixP1kB6RxzstdXbIclL-Yygky6ewtXq4&dib_tag=se&keywords=compostable+home+products&qid=1741332324&sr=8-50,13.99,https://m.media-amazon.com/images/I/71BS97lycqL._AC_UL320_.jpg,"100% certified compostable quart bags (50 counts), resealable biobased bags, leak proof and freezer safe, extra strength storage bags, also available gallon, snack and sandwich size bags (quart)","['compostable', 'certified compostable']",5,Moderate,Likely Product,Potentially Sustainable
"If You Care Compostable Trash Bags for Food Scraps, Kitchen Waste, Garbage – 30 Count, 3 Gallon – Certified Compostable, Non Plastic, Disposable",4.3,371,100+ bought in past month,https://www.amazon.com/CARE-Certified-Compostable-Waste-Count/dp/B0069ROH02/ref=sr_1_51?dib=eyJ2IjoiMSJ9._pCk2DUwwjrk-Vpio3S5WUGG8gApMXScAl71VDaCx4jhQwdLL2gZMfAbtq7OTm8nhlguNkfrZc9IQjcZGsTkbvj87HIhJ5b4QQ21MLFAZgShEBPagwVvaq9d-PlWH7mr4jh-gNXfmnFranwblnSgyE2iEhA-zkyINH47yyGgRrPEyzSTCXS_qRFJ0OlKR5d4LTckCNTKqJSUoQH9Yn0musFU7XD9S5cAPTPB3Q-1eptIwXQRhwTlNkk2vBhAef3JclAbLQig4-iOdd5Q3KaXaM5kPKwojb2TwiHRh4mKEkXBjS9KW0Fpk8A0iMikH7PdXbf7cQHkJogodcdzm5SSzjro4zLT02gKAqppAmPt-f7ei81punV0OJimBOlPyUwCB210nEA48PygYv5Xp5Ydgk-8VGbX-UzeSwsbZNr0M9BJtkiBJnfIEhY3eSr5d7Iz.AQKc7c5zz-QixP1kB6RxzstdXbIclL-Yygky6ewtXq4&dib_tag=se&keywords=compostable+home+products&qid=1741332324&sr=8-51,13.99,https://m.media-amazon.com/images/I/712GlBHHltL._AC_UL320_.jpg,"if you care compostable trash bags for food scraps, kitchen waste, garbage – 30 count, 3 gallon – certified compostable, non plastic, disposable","['compostable', 'certified compostable']",5,Moderate,Likely Product,Potentially Sustainable
"Biodegradable Bamboo Toothbrushes 10 Pack - BPA Free Soft Bristles Toothbrushes, Eco-Friendly, Compostable Natural Wooden Toothbrush",4.5,5634,9K+ bought in past month,https://www.amazon.com/VIVAGO-Biodegradable-Eco-Friendly-Toothbrushes-Compostable/dp/B08172V3Y5/ref=sr_1_52?dib=eyJ2IjoiMSJ9._pCk2DUwwjrk-Vpio3S5WUGG8gApMXScAl71VDaCx4jhQwdLL2gZMfAbtq7OTm8nhlguNkfrZc9IQjcZGsTkbvj87HIhJ5b4QQ21MLFAZgShEBPagwVvaq9d-PlWH7mr4jh-gNXfmnFranwblnSgyE2iEhA-zkyINH47yyGgRrPEyzSTCXS_qRFJ0OlKR5d4LTckCNTKqJSUoQH9Yn0musFU7XD9S5cAPTPB3Q-1eptIwXQRhwTlNkk2vBhAef3JclAbLQig4-iOdd5Q3KaXaM5kPKwojb2TwiHRh4mKEkXBjS9KW0Fpk8A0iMikH7PdXbf7cQHkJogodcdzm5SSzjro4zLT02gKAqppAmPt-f7ei81punV0OJimBOlPyUwCB210nEA48PygYv5Xp5Ydgk-8VGbX-UzeSwsbZNr0M9BJtkiBJnfIEhY3eSr5d7Iz.AQKc7c5zz-QixP1kB6RxzstdXbIclL-Yygky6ewtXq4&dib_tag=se&keywords=compostable+home+products&qid=1741332324&sr=8-52,8.98,https://m.media-amazon.com/images/I/81eEsIolGQL._AC_UL320_.jpg,"biodegradable bamboo toothbrushes 10 pack - bpa free soft bristles toothbrushes, eco-friendly, compostable natural wooden toothbrush","['biodegradable', 'compostable', 'eco-friendly', 'bamboo', 'natural']",10,Strong,Likely Product,Sustainable
"13 Gallon Compostable Trash Bags Drawstring, Heavy Duty Extra Thick 1 Mil, 49.21 Liter, 30 Bags, Tall Kitchen Food Scrap Waste Bag, ASTM D6400, US BPI and OK Compost Home Certified",4.5,142,200+ bought in past month,https://www.amazon.com/BIOGRN-Compostable-Drawstring-Kitchen-Certified/dp/B0DCXBPWVZ/ref=sr_1_53?dib=eyJ2IjoiMSJ9._pCk2DUwwjrk-Vpio3S5WUGG8gApMXScAl71VDaCx4jhQwdLL2gZMfAbtq7OTm8nhlguNkfrZc9IQjcZGsTkbvj87HIhJ5b4QQ21MLFAZgShEBPagwVvaq9d-PlWH7mr4jh-gNXfmnFranwblnSgyE2iEhA-zkyINH47yyGgRrPEyzSTCXS_qRFJ0OlKR5d4LTckCNTKqJSUoQH9Yn0musFU7XD9S5cAPTPB3Q-1eptIwXQRhwTlNkk2vBhAef3JclAbLQig4-iOdd5Q3KaXaM5kPKwojb2TwiHRh4mKEkXBjS9KW0Fpk8A0iMikH7PdXbf7cQHkJogodcdzm5SSzjro4zLT02gKAqppAmPt-f7ei81punV0OJimBOlPyUwCB210nEA48PygYv5Xp5Ydgk-8VGbX-UzeSwsbZNr0M9BJtkiBJnfIEhY3eSr5d7Iz.AQKc7c5zz-QixP1kB6RxzstdXbIclL-Yygky6ewtXq4&dib_tag=se&keywords=compostable+home+products&qid=1741332324&sr=8-53,17.99,https://m.media-amazon.com/images/I/718foIjv+OL._AC_UL320_.jpg,"13 gallon compostable trash bags drawstring, heavy duty extra thick 1 mil, 49.21 liter, 30 bags, tall kitchen food scrap waste bag, astm d6400, us bpi and ok compost home certified",['compostable'],3,Moderate,Likely Product,Potentially Sustainable
"Caboo Disposable Bamboo Paper Bowls, 125 Pack of 14 Ounce Sturdy Biodegradable Bowls, Compostable Bowl, Microwave Safe Party Bowl, Eco Friendly Alternative to Plastic",4.9,39,300+ bought in past month,https://www.amazon.com/Caboo-Disposable-Biodegradable-Compostable-Alternative/dp/B0DBRXCX1S/ref=sr_1_54?dib=eyJ2IjoiMSJ9._pCk2DUwwjrk-Vpio3S5WUGG8gApMXScAl71VDaCx4jhQwdLL2gZMfAbtq7OTm8nhlguNkfrZc9IQjcZGsTkbvj87HIhJ5b4QQ21MLFAZgShEBPagwVvaq9d-PlWH7mr4jh-gNXfmnFranwblnSgyE2iEhA-zkyINH47yyGgRrPEyzSTCXS_qRFJ0OlKR5d4LTckCNTKqJSUoQH9Yn0musFU7XD9S5cAPTPB3Q-1eptIwXQRhwTlNkk2vBhAef3JclAbLQig4-iOdd5Q3KaXaM5kPKwojb2TwiHRh4mKEkXBjS9KW0Fpk8A0iMikH7PdXbf7cQHkJogodcdzm5SSzjro4zLT02gKAqppAmPt-f7ei81punV0OJimBOlPyUwCB210nEA48PygYv5Xp5Ydgk-8VGbX-UzeSwsbZNr0M9BJtkiBJnfIEhY3eSr5d7Iz.AQKc7c5zz-QixP1kB6RxzstdXbIclL-Yygky6ewtXq4&dib_tag=se&keywords=compostable+home+products&qid=1741332324&sr=8-54,19.99,https://m.media-amazon.com/images/I/71jbe48vPyL._AC_UL320_.jpg,"caboo disposable bamboo paper bowls, 125 pack of 14 ounce sturdy biodegradable bowls, compostable bowl, microwave safe party bowl, eco friendly alternative to plastic","['biodegradable', 'compostable', 'eco friendly', 'bamboo']",9,Strong,Likely Product,Sustainable
"Compostable Trash Bags 3 Gallon, Extra Thick 0.8 Mils, 100 Count, ASTM D6400, BPI, OK Compost Home Certified, Small Kitchen Compost Bags,Green Bin Liners for Food Waste and Composting",4.7,7,50+ bought in past month,https://www.amazon.com/s?k=compostable+home+products#,19.99,https://m.media-amazon.com/images/I/71KK02mQYsL._AC_UL320_.jpg,"compostable trash bags 3 gallon, extra thick 0.8 mils, 100 count, astm d6400, bpi, ok compost home certified, small kitchen compost bags,green bin liners for food waste and composting",['compostable'],3,Moderate,Likely Product,Potentially Sustainable
"Compostable Trash Bags, Extra Thick, Compost Kitchen Bin Bags, Food Scraps Yard Waste Bags, ASTM D6400 BPI and TÜV AUSTRIA Certified (6 Gallon, Pack of 30)",4.3,3265,50+ bought in past month,https://www.amazon.com/s?k=compostable+home+products#,19.99,https://m.media-amazon.com/images/I/81lDDentT2L._AC_UL320_.jpg,"compostable trash bags, extra thick, compost kitchen bin bags, food scraps yard waste bags, astm d6400 bpi and tüv austria certified (6 gallon, pack of 30)",['compostable'],3,Moderate,Likely Product,Potentially Sustainable
"Small Trash Bags, 2.6 Gallon Compostable Trash Bags Bathroom Wastebasket Can Liners , 125 Count (Pack of 1) Mini Compost Trash Bags For Bedroom Office Fit 10 Liter ,Green",4.5,680,700+ bought in past month,https://www.amazon.com/s?k=compostable+home+products#,19.99,https://m.media-amazon.com/images/I/61aqQ6MSSOL._AC_UL320_.jpg,"small trash bags, 2.6 gallon compostable trash bags bathroom wastebasket can liners , 125 count (pack of 1) mini compost trash bags for bedroom office fit 10 liter ,green",['compostable'],3,Moderate,Likely Product,Potentially Sustainable
"200Counts 2.6Gallon Compost Bags,Compostable Trash Bags for Kitchen Compost Bin,10L Green Compostable Liner Bags,Small Trash Bags for Food Scrap,Garbage Bags for Bedroom,Bathroom,Office",4.4,975,50+ bought in past month,https://www.amazon.com/s?k=compostable+home+products#,19.99,https://m.media-amazon.com/images/I/81iZXe1YaUL._AC_UL320_.jpg,"200counts 2.6gallon compost bags,compostable trash bags for kitchen compost bin,10l green compostable liner bags,small trash bags for food scrap,garbage bags for bedroom,bathroom,office",['compostable'],3,Moderate,Likely Product,Potentially Sustainable
100 Count Compost Bags for Countertop Bin 8 Gal - 100% Compostable Trash Bags made of Cornstarch - Leakproof & Tear Resistant Biodegradable Trash Bags - OK Compost Home & Seedlings Certified,4.8,6,50+ bought in past month,https://www.amazon.com/s?k=compostable+home+products#,19.99,https://m.media-amazon.com/images/I/716FWl8eL4L._AC_UL320_.jpg,100 count compost bags for countertop bin 8 gal - 100% compostable trash bags made of cornstarch - leakproof & tear resistant biodegradable trash bags - ok compost home & seedlings certified,"['biodegradable', 'compostable']",6,Strong,Likely Product,Sustainable
Bamboozle Countertop Compost Bin Kitchen | 1 Gallon | Odorless Composting Bin with Filters | Indoor Compost Bin with Lid | Plant Based Kitchen Composter for Food Scraps & Waste Recycling | Graphite,4.2,2010,100+ bought in past month,https://www.amazon.com/s?k=compostable+home+products#,19.99,https://m.media-amazon.com/images/I/519-GanknXL._AC_UL320_.jpg,bamboozle countertop compost bin kitchen | 1 gallon | odorless composting bin with filters | indoor compost bin with lid | plant based kitchen composter for food scraps & waste recycling | graphite,"['plant based', 'bamboo']",3,Moderate,Likely Product,Potentially Sustainable
101 Tips for a Zero-Waste Kitchen,4.8,5,50+ bought in past month,https://www.amazon.com/Kathryn-Kellogg/e/B07FK5WJM4?ref=sr_ntt_srch_lnk_2&qid=1741332453&sr=8-2,13.95,https://m.media-amazon.com/images/I/61bNhYcQ4QL._AC_UL320_.jpg,101 tips for a zero-waste kitchen,[],0,Low,Likely Product,Not Sustainable
"Reusable Paper Towels - Value Pack of 24 Paperless Towels! 100% Cotton, Super Soft, Absorbent, Washable and Made To Last Cut Back Waste Less with our Cloth By ZeroWastely",4.4,1378,400+ bought in past month,https://www.amazon.com/Reusable-Paper-Towels-Paperless-ZeroWastely/dp/B0BFB8T4XV/ref=sr_1_3?dib=eyJ2IjoiMSJ9.U1wHwKlLyHHLWQbQ9R8hZ5DrL1jPAgXDLgUo6jtSDktNwkxBSbmnUIHberAMuKRicM7MwUAqYaVjVY-bb4DdzRIsSSPnE2XE_2y68zfc8WiC-lw1zO0V3WJ0WwUNA29M6OlvMtIv8J1jnN_E1YbJ5SWYmSy1G0ZL8rW-BFBYAQPpKUHC9ZGOsEnl8xflMYV3hFFM_esxmQWKlt4-73JmZBXIXNty8Ylqm2QSgdr1toygz_fsu7X_7WfqWExHxvzKZqk9JlUDpI6N4sCp1Uy3pE9yQt3TZorZ8SlieFXq3xApnxRGwYPDvQJbLcQMciFPJLM_p60LLAIn5nlY85UzQwcXD7g2FRSdirFc2-b-tlpkG8v0r_7JmqUIKIpCOHaV3K2kJREB5Jk-_rdyiEtb5hOwcZ9yxC4LWSXnUyc4R3EHaEnUmn-WsfwXsy1rFPK7.U7Z_UBS1ua2RDXkMurjEb_44Ikb1zAF1q9iOxew4Fz4&dib_tag=se&keywords=zero+waste+kitchen&qid=1741332453&sr=8-3,30.95,https://m.media-amazon.com/images/I/91rKhXCLi3L._AC_UL320_.jpg,"reusable paper towels - value pack of 24 paperless towels! 100% cotton, super soft, absorbent, washable and made to last cut back waste less with our cloth by zerowastely","['reusable', 'washable']",4,Moderate,Likely Product,Potentially Sustainable
"eplanita Natural Dish Brush, 3 Replacement Heads, Kitchen Eco Bamboo Scrubber Brushes, Extra Plant Sponge, Plastic Free Washing Up, Zero Waste Cleaning",4.4,1184,500+ bought in past month,https://www.amazon.com/eplanita-Natural-Replacement-Scrubber-Cleaning/dp/B08688KYF6/ref=sr_1_6?dib=eyJ2IjoiMSJ9.U1wHwKlLyHHLWQbQ9R8hZ5DrL1jPAgXDLgUo6jtSDktNwkxBSbmnUIHberAMuKRicM7MwUAqYaVjVY-bb4DdzRIsSSPnE2XE_2y68zfc8WiC-lw1zO0V3WJ0WwUNA29M6OlvMtIv8J1jnN_E1YbJ5SWYmSy1G0ZL8rW-BFBYAQPpKUHC9ZGOsEnl8xflMYV3hFFM_esxmQWKlt4-73JmZBXIXNty8Ylqm2QSgdr1toygz_fsu7X_7WfqWExHxvzKZqk9JlUDpI6N4sCp1Uy3pE9yQt3TZorZ8SlieFXq3xApnxRGwYPDvQJbLcQMciFPJLM_p60LLAIn5nlY85UzQwcXD7g2FRSdirFc2-b-tlpkG8v0r_7JmqUIKIpCOHaV3K2kJREB5Jk-_rdyiEtb5hOwcZ9yxC4LWSXnUyc4R3EHaEnUmn-WsfwXsy1rFPK7.U7Z_UBS1ua2RDXkMurjEb_44Ikb1zAF1q9iOxew4Fz4&dib_tag=se&keywords=zero+waste+kitchen&qid=1741332453&sr=8-6,12.99,https://m.media-amazon.com/images/I/91874WFeyaL._AC_UL320_.jpg,"eplanita natural dish brush, 3 replacement heads, kitchen eco bamboo scrubber brushes, extra plant sponge, plastic free washing up, zero waste cleaning","['zero waste', 'plastic free', 'bamboo', 'natural']",8,Strong,Likely Product,Sustainable
"Palm Pot Brush- Bamboo Round 3 Packs Mini Dish Brush Natural Scrub Brush Durable Scrubber Cleaning Kit with Union Fiber and Tampico Fiber for Cleaning Pots, Pans and Vegetables",4.5,6396,4K+ bought in past month,https://www.amazon.com/Natural-Durable-Scrubber-Cleaning-Vegetables/dp/B07V43JT35/ref=sr_1_8?dib=eyJ2IjoiMSJ9.U1wHwKlLyHHLWQbQ9R8hZ5DrL1jPAgXDLgUo6jtSDktNwkxBSbmnUIHberAMuKRicM7MwUAqYaVjVY-bb4DdzRIsSSPnE2XE_2y68zfc8WiC-lw1zO0V3WJ0WwUNA29M6OlvMtIv8J1jnN_E1YbJ5SWYmSy1G0ZL8rW-BFBYAQPpKUHC9ZGOsEnl8xflMYV3hFFM_esxmQWKlt4-73JmZBXIXNty8Ylqm2QSgdr1toygz_fsu7X_7WfqWExHxvzKZqk9JlUDpI6N4sCp1Uy3pE9yQt3TZorZ8SlieFXq3xApnxRGwYPDvQJbLcQMciFPJLM_p60LLAIn5nlY85UzQwcXD7g2FRSdirFc2-b-tlpkG8v0r_7JmqUIKIpCOHaV3K2kJREB5Jk-_rdyiEtb5hOwcZ9yxC4LWSXnUyc4R3EHaEnUmn-WsfwXsy1rFPK7.U7Z_UBS1ua2RDXkMurjEb_44Ikb1zAF1q9iOxew4Fz4&dib_tag=se&keywords=zero+waste+kitchen&qid=1741332453&sr=8-8,9.99,https://m.media-amazon.com/images/I/71HBCiwXz+L._AC_UL320_.jpg,"palm pot brush- bamboo round 3 packs mini dish brush natural scrub brush durable scrubber cleaning kit with union fiber and tampico fiber for cleaning pots, pans and vegetables","['bamboo', 'natural']",2,Low,Likely Product,Not Sustainable
"Reusable Beeswax Wrap - 9 Pack Beeswax Wraps For Food, Organic, Sustainable, Biodegradable, Zero Waste, Plastic-Free Food Storage, 1L Strawberry, 3M Orange, 5S Lemon Patterns",4.4,1213,600+ bought in past month,https://www.amazon.com/Reusable-Beeswax-Wrap-Eco-Friendly-Biodegradable/dp/B09WRHLCFG/ref=sr_1_9?dib=eyJ2IjoiMSJ9.U1wHwKlLyHHLWQbQ9R8hZ5DrL1jPAgXDLgUo6jtSDktNwkxBSbmnUIHberAMuKRicM7MwUAqYaVjVY-bb4DdzRIsSSPnE2XE_2y68zfc8WiC-lw1zO0V3WJ0WwUNA29M6OlvMtIv8J1jnN_E1YbJ5SWYmSy1G0ZL8rW-BFBYAQPpKUHC9ZGOsEnl8xflMYV3hFFM_esxmQWKlt4-73JmZBXIXNty8Ylqm2QSgdr1toygz_fsu7X_7WfqWExHxvzKZqk9JlUDpI6N4sCp1Uy3pE9yQt3TZorZ8SlieFXq3xApnxRGwYPDvQJbLcQMciFPJLM_p60LLAIn5nlY85UzQwcXD7g2FRSdirFc2-b-tlpkG8v0r_7JmqUIKIpCOHaV3K2kJREB5Jk-_rdyiEtb5hOwcZ9yxC4LWSXnUyc4R3EHaEnUmn-WsfwXsy1rFPK7.U7Z_UBS1ua2RDXkMurjEb_44Ikb1zAF1q9iOxew4Fz4&dib_tag=se&keywords=zero+waste+kitchen&qid=1741332453&sr=8-9,13.99,https://m.media-amazon.com/images/I/81-cLbynG7L._AC_UL320_.jpg,"reusable beeswax wrap - 9 pack beeswax wraps for food, organic, sustainable, biodegradable, zero waste, plastic-free food storage, 1l strawberry, 3m orange, 5s lemon patterns","['biodegradable', 'zero waste', 'plastic-free', 'reusable', 'sustainable', 'organic']",16,Strong,Likely Product,Sustainable
Nellie's Dish Butter - Zero-Waste Alternative to Liquid Dish Soap with Reusable Ceramic Container (Green) - Light Lemongrass Scent - Plastic-Free and Planet-Friendly Dishwashing - (Made in Canada),4.2,79,100+ bought in past month,https://www.amazon.com/Nellies-Dish-Butter-Alternative-Eco-Conscious/dp/B0CYQKDY5X/ref=sr_1_10?dib=eyJ2IjoiMSJ9.U1wHwKlLyHHLWQbQ9R8hZ5DrL1jPAgXDLgUo6jtSDktNwkxBSbmnUIHberAMuKRicM7MwUAqYaVjVY-bb4DdzRIsSSPnE2XE_2y68zfc8WiC-lw1zO0V3WJ0WwUNA29M6OlvMtIv8J1jnN_E1YbJ5SWYmSy1G0ZL8rW-BFBYAQPpKUHC9ZGOsEnl8xflMYV3hFFM_esxmQWKlt4-73JmZBXIXNty8Ylqm2QSgdr1toygz_fsu7X_7WfqWExHxvzKZqk9JlUDpI6N4sCp1Uy3pE9yQt3TZorZ8SlieFXq3xApnxRGwYPDvQJbLcQMciFPJLM_p60LLAIn5nlY85UzQwcXD7g2FRSdirFc2-b-tlpkG8v0r_7JmqUIKIpCOHaV3K2kJREB5Jk-_rdyiEtb5hOwcZ9yxC4LWSXnUyc4R3EHaEnUmn-WsfwXsy1rFPK7.U7Z_UBS1ua2RDXkMurjEb_44Ikb1zAF1q9iOxew4Fz4&dib_tag=se&keywords=zero+waste+kitchen&qid=1741332453&sr=8-10,19.99,https://m.media-amazon.com/images/I/716wi5dSUHL._AC_UL320_.jpg,nellie's dish butter - zero-waste alternative to liquid dish soap with reusable ceramic container (green) - light lemongrass scent - plastic-free and planet-friendly dishwashing - (made in canada),"['plastic-free', 'reusable']",6,Strong,Likely Product,Sustainable
"Plant-Based 6pcs Kitchen Brush Set by HELLO NATURE, Sustainable & Biodegradable Natural Fibre Bamboo Dish Brush,Bottle Brush,Pot Brush & 3 Natural Loofah Sponges, Zero-Waste,Plastic Free Kitchen Set",4.4,332,50+ bought in past month,https://www.amazon.com/Plant-based-Kitchen-Sustainable-Biodegradable-Zero-waste/dp/B07Z8Z9BDW/ref=sr_1_11?dib=eyJ2IjoiMSJ9.U1wHwKlLyHHLWQbQ9R8hZ5DrL1jPAgXDLgUo6jtSDktNwkxBSbmnUIHberAMuKRicM7MwUAqYaVjVY-bb4DdzRIsSSPnE2XE_2y68zfc8WiC-lw1zO0V3WJ0WwUNA29M6OlvMtIv8J1jnN_E1YbJ5SWYmSy1G0ZL8rW-BFBYAQPpKUHC9ZGOsEnl8xflMYV3hFFM_esxmQWKlt4-73JmZBXIXNty8Ylqm2QSgdr1toygz_fsu7X_7WfqWExHxvzKZqk9JlUDpI6N4sCp1Uy3pE9yQt3TZorZ8SlieFXq3xApnxRGwYPDvQJbLcQMciFPJLM_p60LLAIn5nlY85UzQwcXD7g2FRSdirFc2-b-tlpkG8v0r_7JmqUIKIpCOHaV3K2kJREB5Jk-_rdyiEtb5hOwcZ9yxC4LWSXnUyc4R3EHaEnUmn-WsfwXsy1rFPK7.U7Z_UBS1ua2RDXkMurjEb_44Ikb1zAF1q9iOxew4Fz4&dib_tag=se&keywords=zero+waste+kitchen&qid=1741332453&sr=8-11,21.99,https://m.media-amazon.com/images/I/71rIvnRrUwL._AC_UL320_.jpg,"plant-based 6pcs kitchen brush set by hello nature, sustainable & biodegradable natural fibre bamboo dish brush,bottle brush,pot brush & 3 natural loofah sponges, zero-waste,plastic free kitchen set","['biodegradable', 'plastic free', 'sustainable', 'plant-based', 'bamboo', 'natural']",12,Strong,Likely Product,Sustainable
Natural Kitchen Sponge - Biodegradable Compostable Cellulose and Coconut Scrubber Sponge - Pack of 12 Eco Friendly Sponges for Dishes,4.6,4984,10K+ bought in past month,https://www.amazon.com/AIRNEX-Biodegradable-Natural-Kitchen-Sponge/dp/B0917GV13P/ref=sr_1_12?dib=eyJ2IjoiMSJ9.U1wHwKlLyHHLWQbQ9R8hZ5DrL1jPAgXDLgUo6jtSDktNwkxBSbmnUIHberAMuKRicM7MwUAqYaVjVY-bb4DdzRIsSSPnE2XE_2y68zfc8WiC-lw1zO0V3WJ0WwUNA29M6OlvMtIv8J1jnN_E1YbJ5SWYmSy1G0ZL8rW-BFBYAQPpKUHC9ZGOsEnl8xflMYV3hFFM_esxmQWKlt4-73JmZBXIXNty8Ylqm2QSgdr1toygz_fsu7X_7WfqWExHxvzKZqk9JlUDpI6N4sCp1Uy3pE9yQt3TZorZ8SlieFXq3xApnxRGwYPDvQJbLcQMciFPJLM_p60LLAIn5nlY85UzQwcXD7g2FRSdirFc2-b-tlpkG8v0r_7JmqUIKIpCOHaV3K2kJREB5Jk-_rdyiEtb5hOwcZ9yxC4LWSXnUyc4R3EHaEnUmn-WsfwXsy1rFPK7.U7Z_UBS1ua2RDXkMurjEb_44Ikb1zAF1q9iOxew4Fz4&dib_tag=se&keywords=zero+waste+kitchen&qid=1741332453&sr=8-12,14.95,https://m.media-amazon.com/images/I/91zidZ1V1VL._AC_UL320_.jpg,natural kitchen sponge - biodegradable compostable cellulose and coconut scrubber sponge - pack of 12 eco friendly sponges for dishes,"['biodegradable', 'compostable', 'eco friendly', 'natural']",9,Strong,Likely Product,Sustainable
"Reusable Swedish Dishcloths - Absorbent, Fast Drying, No Odor - 5 Pack Washable Towels, Mushroom Frog",4.5,314,200+ bought in past month,https://www.amazon.com/Miss-Adola-Dishcloths-Reusable-Absorbent/dp/B0CJRQLR61/ref=sr_1_13?dib=eyJ2IjoiMSJ9.U1wHwKlLyHHLWQbQ9R8hZ5DrL1jPAgXDLgUo6jtSDktNwkxBSbmnUIHberAMuKRicM7MwUAqYaVjVY-bb4DdzRIsSSPnE2XE_2y68zfc8WiC-lw1zO0V3WJ0WwUNA29M6OlvMtIv8J1jnN_E1YbJ5SWYmSy1G0ZL8rW-BFBYAQPpKUHC9ZGOsEnl8xflMYV3hFFM_esxmQWKlt4-73JmZBXIXNty8Ylqm2QSgdr1toygz_fsu7X_7WfqWExHxvzKZqk9JlUDpI6N4sCp1Uy3pE9yQt3TZorZ8SlieFXq3xApnxRGwYPDvQJbLcQMciFPJLM_p60LLAIn5nlY85UzQwcXD7g2FRSdirFc2-b-tlpkG8v0r_7JmqUIKIpCOHaV3K2kJREB5Jk-_rdyiEtb5hOwcZ9yxC4LWSXnUyc4R3EHaEnUmn-WsfwXsy1rFPK7.U7Z_UBS1ua2RDXkMurjEb_44Ikb1zAF1q9iOxew4Fz4&dib_tag=se&keywords=zero+waste+kitchen&qid=1741332453&sr=8-13,9.99,https://m.media-amazon.com/images/I/810ZpOwirDL._AC_UL320_.jpg,"reusable swedish dishcloths - absorbent, fast drying, no odor - 5 pack washable towels, mushroom frog","['reusable', 'washable']",4,Moderate,Likely Product,Potentially Sustainable
EPICA Countertop Compost Bin Kitchen | 1.3 Gallon | Odorless Composting Bin with Carbon Filters | Indoor Compost Bin with Lid | Stainless Steel Kitchen Composter for Food Scraps & Waste Recycling,4.7,19856,2K+ bought in past month,https://www.amazon.com/Epica-Stainless-Compost-Gallon-Charcoal/dp/B00AMNCYNQ/ref=sr_1_14?dib=eyJ2IjoiMSJ9.U1wHwKlLyHHLWQbQ9R8hZ5DrL1jPAgXDLgUo6jtSDktNwkxBSbmnUIHberAMuKRicM7MwUAqYaVjVY-bb4DdzRIsSSPnE2XE_2y68zfc8WiC-lw1zO0V3WJ0WwUNA29M6OlvMtIv8J1jnN_E1YbJ5SWYmSy1G0ZL8rW-BFBYAQPpKUHC9ZGOsEnl8xflMYV3hFFM_esxmQWKlt4-73JmZBXIXNty8Ylqm2QSgdr1toygz_fsu7X_7WfqWExHxvzKZqk9JlUDpI6N4sCp1Uy3pE9yQt3TZorZ8SlieFXq3xApnxRGwYPDvQJbLcQMciFPJLM_p60LLAIn5nlY85UzQwcXD7g2FRSdirFc2-b-tlpkG8v0r_7JmqUIKIpCOHaV3K2kJREB5Jk-_rdyiEtb5hOwcZ9yxC4LWSXnUyc4R3EHaEnUmn-WsfwXsy1rFPK7.U7Z_UBS1ua2RDXkMurjEb_44Ikb1zAF1q9iOxew4Fz4&dib_tag=se&keywords=zero+waste+kitchen&qid=1741332453&sr=8-14,23.19,https://m.media-amazon.com/images/I/71iEaETMWaL._AC_UL320_.jpg,epica countertop compost bin kitchen | 1.3 gallon | odorless composting bin with carbon filters | indoor compost bin with lid | stainless steel kitchen composter for food scraps & waste recycling,[],0,Low,Likely Product,Not Sustainable
"Zero Waste Natural Dish Soap Bar (Pack of 3 Bars) - Solid Vegan Dishwashing Block - Cold Processed, Eco Friendly Plastic Free Packaging with Sustainable Organic Ingredients for Kitchen",4.3,653,600+ bought in past month,https://www.amazon.com/Zero-Waste-Natural-Dish-Soap/dp/B0919XDJ71/ref=sr_1_15?dib=eyJ2IjoiMSJ9.U1wHwKlLyHHLWQbQ9R8hZ5DrL1jPAgXDLgUo6jtSDktNwkxBSbmnUIHberAMuKRicM7MwUAqYaVjVY-bb4DdzRIsSSPnE2XE_2y68zfc8WiC-lw1zO0V3WJ0WwUNA29M6OlvMtIv8J1jnN_E1YbJ5SWYmSy1G0ZL8rW-BFBYAQPpKUHC9ZGOsEnl8xflMYV3hFFM_esxmQWKlt4-73JmZBXIXNty8Ylqm2QSgdr1toygz_fsu7X_7WfqWExHxvzKZqk9JlUDpI6N4sCp1Uy3pE9yQt3TZorZ8SlieFXq3xApnxRGwYPDvQJbLcQMciFPJLM_p60LLAIn5nlY85UzQwcXD7g2FRSdirFc2-b-tlpkG8v0r_7JmqUIKIpCOHaV3K2kJREB5Jk-_rdyiEtb5hOwcZ9yxC4LWSXnUyc4R3EHaEnUmn-WsfwXsy1rFPK7.U7Z_UBS1ua2RDXkMurjEb_44Ikb1zAF1q9iOxew4Fz4&dib_tag=se&keywords=zero+waste+kitchen&qid=1741332453&sr=8-15,23.98,https://m.media-amazon.com/images/I/713GeQ-ieZL._AC_UL320_.jpg,"zero waste natural dish soap bar (pack of 3 bars) - solid vegan dishwashing block - cold processed, eco friendly plastic free packaging with sustainable organic ingredients for kitchen","['zero waste', 'plastic free', 'sustainable', 'eco friendly', 'organic', 'natural', 'vegan']",14,Strong,Likely Product,Sustainable
No Tox Life DISH BLOCK - Free of Dyes and Fragrance - Zero Waste Dish Soap,4.3,2427,400+ bought in past month,https://www.amazon.com/No-Tox-Life-Washing-Block/dp/B082LPCF4M/ref=sr_1_16?dib=eyJ2IjoiMSJ9.U1wHwKlLyHHLWQbQ9R8hZ5DrL1jPAgXDLgUo6jtSDktNwkxBSbmnUIHberAMuKRicM7MwUAqYaVjVY-bb4DdzRIsSSPnE2XE_2y68zfc8WiC-lw1zO0V3WJ0WwUNA29M6OlvMtIv8J1jnN_E1YbJ5SWYmSy1G0ZL8rW-BFBYAQPpKUHC9ZGOsEnl8xflMYV3hFFM_esxmQWKlt4-73JmZBXIXNty8Ylqm2QSgdr1toygz_fsu7X_7WfqWExHxvzKZqk9JlUDpI6N4sCp1Uy3pE9yQt3TZorZ8SlieFXq3xApnxRGwYPDvQJbLcQMciFPJLM_p60LLAIn5nlY85UzQwcXD7g2FRSdirFc2-b-tlpkG8v0r_7JmqUIKIpCOHaV3K2kJREB5Jk-_rdyiEtb5hOwcZ9yxC4LWSXnUyc4R3EHaEnUmn-WsfwXsy1rFPK7.U7Z_UBS1ua2RDXkMurjEb_44Ikb1zAF1q9iOxew4Fz4&dib_tag=se&keywords=zero+waste+kitchen&qid=1741332453&sr=8-16,14.98,https://m.media-amazon.com/images/I/519v1MpoYsL._AC_UL320_.jpg,no tox life dish block - free of dyes and fragrance - zero waste dish soap,['zero waste'],3,Moderate,Likely Product,Potentially Sustainable
reCAP Zero Waste Kit for Mason Jars - BLACK/PLUS | Made in the USA | Leak-proof | No-break material,4.3,29,50+ bought in past month,https://www.amazon.com/reCAP-Zero-Waste-Mason-Jars/dp/B09Q95H62X/ref=sr_1_17?dib=eyJ2IjoiMSJ9.U1wHwKlLyHHLWQbQ9R8hZ5DrL1jPAgXDLgUo6jtSDktNwkxBSbmnUIHberAMuKRicM7MwUAqYaVjVY-bb4DdzRIsSSPnE2XE_2y68zfc8WiC-lw1zO0V3WJ0WwUNA29M6OlvMtIv8J1jnN_E1YbJ5SWYmSy1G0ZL8rW-BFBYAQPpKUHC9ZGOsEnl8xflMYV3hFFM_esxmQWKlt4-73JmZBXIXNty8Ylqm2QSgdr1toygz_fsu7X_7WfqWExHxvzKZqk9JlUDpI6N4sCp1Uy3pE9yQt3TZorZ8SlieFXq3xApnxRGwYPDvQJbLcQMciFPJLM_p60LLAIn5nlY85UzQwcXD7g2FRSdirFc2-b-tlpkG8v0r_7JmqUIKIpCOHaV3K2kJREB5Jk-_rdyiEtb5hOwcZ9yxC4LWSXnUyc4R3EHaEnUmn-WsfwXsy1rFPK7.U7Z_UBS1ua2RDXkMurjEb_44Ikb1zAF1q9iOxew4Fz4&dib_tag=se&keywords=zero+waste+kitchen&qid=1741332453&sr=8-17,45.0,https://m.media-amazon.com/images/I/813xrIspOnL._AC_UL320_.jpg,recap zero waste kit for mason jars - black/plus | made in the usa | leak-proof | no-break material,['zero waste'],3,Moderate,Likely Product,Potentially Sustainable
"Reusable Food Storage Bags - 10 Pack Freezer Bags, BPA Free Reusable Bags Silicone, EXTRA THICK Leakproof Reusable Lunch Bag for Salad Fruit Travel - 2 Gallon 4 Sandwich 4 Snack Bags",4.5,19394,1K+ bought in past month,https://www.amazon.com/Reusable-Storage-Bags-Leakproof-Sandwich/dp/B07WCV3795/ref=sr_1_18?dib=eyJ2IjoiMSJ9.U1wHwKlLyHHLWQbQ9R8hZ5DrL1jPAgXDLgUo6jtSDktNwkxBSbmnUIHberAMuKRicM7MwUAqYaVjVY-bb4DdzRIsSSPnE2XE_2y68zfc8WiC-lw1zO0V3WJ0WwUNA29M6OlvMtIv8J1jnN_E1YbJ5SWYmSy1G0ZL8rW-BFBYAQPpKUHC9ZGOsEnl8xflMYV3hFFM_esxmQWKlt4-73JmZBXIXNty8Ylqm2QSgdr1toygz_fsu7X_7WfqWExHxvzKZqk9JlUDpI6N4sCp1Uy3pE9yQt3TZorZ8SlieFXq3xApnxRGwYPDvQJbLcQMciFPJLM_p60LLAIn5nlY85UzQwcXD7g2FRSdirFc2-b-tlpkG8v0r_7JmqUIKIpCOHaV3K2kJREB5Jk-_rdyiEtb5hOwcZ9yxC4LWSXnUyc4R3EHaEnUmn-WsfwXsy1rFPK7.U7Z_UBS1ua2RDXkMurjEb_44Ikb1zAF1q9iOxew4Fz4&dib_tag=se&keywords=zero+waste+kitchen&qid=1741332453&sr=8-18,13.99,https://m.media-amazon.com/images/I/71xsgkTiVCL._AC_UL320_.jpg,"reusable food storage bags - 10 pack freezer bags, bpa free reusable bags silicone, extra thick leakproof reusable lunch bag for salad fruit travel - 2 gallon 4 sandwich 4 snack bags",['reusable'],3,Moderate,Likely Product,Potentially Sustainable
"SUPERBIO 1.6 Gallon Handle Tie Compostable Food Scrap Bags For Counter Top Compost Bin, Small Compost Bags, 50 Count, 6 Liter, BPI & OK compost INDUSTRIAL Certified",4.6,1956,6K+ bought in past month,https://www.amazon.com/SUPERBIO-Compostable-Garbage-Countertop-Certified/dp/B0B1L4BSJT/ref=sr_1_19?dib=eyJ2IjoiMSJ9.U1wHwKlLyHHLWQbQ9R8hZ5DrL1jPAgXDLgUo6jtSDktNwkxBSbmnUIHberAMuKRicM7MwUAqYaVjVY-bb4DdzRIsSSPnE2XE_2y68zfc8WiC-lw1zO0V3WJ0WwUNA29M6OlvMtIv8J1jnN_E1YbJ5SWYmSy1G0ZL8rW-BFBYAQPpKUHC9ZGOsEnl8xflMYV3hFFM_esxmQWKlt4-73JmZBXIXNty8Ylqm2QSgdr1toygz_fsu7X_7WfqWExHxvzKZqk9JlUDpI6N4sCp1Uy3pE9yQt3TZorZ8SlieFXq3xApnxRGwYPDvQJbLcQMciFPJLM_p60LLAIn5nlY85UzQwcXD7g2FRSdirFc2-b-tlpkG8v0r_7JmqUIKIpCOHaV3K2kJREB5Jk-_rdyiEtb5hOwcZ9yxC4LWSXnUyc4R3EHaEnUmn-WsfwXsy1rFPK7.U7Z_UBS1ua2RDXkMurjEb_44Ikb1zAF1q9iOxew4Fz4&dib_tag=se&keywords=zero+waste+kitchen&qid=1741332453&sr=8-19,13.95,https://m.media-amazon.com/images/I/61ZBorV62NL._AC_UL320_.jpg,"superbio 1.6 gallon handle tie compostable food scrap bags for counter top compost bin, small compost bags, 50 count, 6 liter, bpi & ok compost industrial certified",['compostable'],3,Moderate,Likely Product,Potentially Sustainable
"ZeroWater 32-Cup Ready-Read 5-Stage Water Filter Pitcher Dispenser with 5-Stage 0 TDS Zero Water Filter – IAPMO Certified to Reduce Metals, Chlorine, Lead, Chromium, and Forever Chemicals PFOA/PFOS",4.1,7412,8K+ bought in past month,https://www.amazon.com/ZeroWater-Ready-Read-5-Stage-Dispenser-Certified/dp/B0BWSF53MV/ref=sr_1_20?dib=eyJ2IjoiMSJ9.U1wHwKlLyHHLWQbQ9R8hZ5DrL1jPAgXDLgUo6jtSDktNwkxBSbmnUIHberAMuKRicM7MwUAqYaVjVY-bb4DdzRIsSSPnE2XE_2y68zfc8WiC-lw1zO0V3WJ0WwUNA29M6OlvMtIv8J1jnN_E1YbJ5SWYmSy1G0ZL8rW-BFBYAQPpKUHC9ZGOsEnl8xflMYV3hFFM_esxmQWKlt4-73JmZBXIXNty8Ylqm2QSgdr1toygz_fsu7X_7WfqWExHxvzKZqk9JlUDpI6N4sCp1Uy3pE9yQt3TZorZ8SlieFXq3xApnxRGwYPDvQJbLcQMciFPJLM_p60LLAIn5nlY85UzQwcXD7g2FRSdirFc2-b-tlpkG8v0r_7JmqUIKIpCOHaV3K2kJREB5Jk-_rdyiEtb5hOwcZ9yxC4LWSXnUyc4R3EHaEnUmn-WsfwXsy1rFPK7.U7Z_UBS1ua2RDXkMurjEb_44Ikb1zAF1q9iOxew4Fz4&dib_tag=se&keywords=zero+waste+kitchen&qid=1741332453&sr=8-20,13.95,https://m.media-amazon.com/images/I/81+2MxW9bGL._AC_UL320_.jpg,"zerowater 32-cup ready-read 5-stage water filter pitcher dispenser with 5-stage 0 tds zero water filter – iapmo certified to reduce metals, chlorine, lead, chromium, and forever chemicals pfoa/pfos",[],0,Low,Likely Product,Not Sustainable
Reusable Paper Towels Washable Roll: 50Pack Paperless Paper Towels Tear Away 12x12In Absorbent Cloth Towels Reusable Washable for Kitchen Zero Waste (Gray),4.6,387,50+ bought in past month,https://www.amazon.com/Reusable-Paper-Towels-Washable-Roll/dp/B0BZP9829V/ref=sr_1_21?dib=eyJ2IjoiMSJ9.U1wHwKlLyHHLWQbQ9R8hZ5DrL1jPAgXDLgUo6jtSDktNwkxBSbmnUIHberAMuKRicM7MwUAqYaVjVY-bb4DdzRIsSSPnE2XE_2y68zfc8WiC-lw1zO0V3WJ0WwUNA29M6OlvMtIv8J1jnN_E1YbJ5SWYmSy1G0ZL8rW-BFBYAQPpKUHC9ZGOsEnl8xflMYV3hFFM_esxmQWKlt4-73JmZBXIXNty8Ylqm2QSgdr1toygz_fsu7X_7WfqWExHxvzKZqk9JlUDpI6N4sCp1Uy3pE9yQt3TZorZ8SlieFXq3xApnxRGwYPDvQJbLcQMciFPJLM_p60LLAIn5nlY85UzQwcXD7g2FRSdirFc2-b-tlpkG8v0r_7JmqUIKIpCOHaV3K2kJREB5Jk-_rdyiEtb5hOwcZ9yxC4LWSXnUyc4R3EHaEnUmn-WsfwXsy1rFPK7.U7Z_UBS1ua2RDXkMurjEb_44Ikb1zAF1q9iOxew4Fz4&dib_tag=se&keywords=zero+waste+kitchen&qid=1741332453&sr=8-21,19.99,https://m.media-amazon.com/images/I/81MA6JxKYgL._AC_UL320_.jpg,reusable paper towels washable roll: 50pack paperless paper towels tear away 12x12in absorbent cloth towels reusable washable for kitchen zero waste (gray),"['zero waste', 'reusable', 'washable']",7,Strong,Likely Product,Sustainable
"Electric Composter for Kitchen, 4L Smart Countertop Compost Bin, Odorless | Low Noise | No Leaking | Turn Food Waste into Fertilizer Within 3 Hrs, Indoor Food Recycler Compost Machine, White",4.7,170,300+ bought in past month,https://www.amazon.com/Ouaken-Electric-Composter-Countertop-Fertilizer/dp/B0DJVJRP13/ref=sr_1_22?dib=eyJ2IjoiMSJ9.U1wHwKlLyHHLWQbQ9R8hZ5DrL1jPAgXDLgUo6jtSDktNwkxBSbmnUIHberAMuKRicM7MwUAqYaVjVY-bb4DdzRIsSSPnE2XE_2y68zfc8WiC-lw1zO0V3WJ0WwUNA29M6OlvMtIv8J1jnN_E1YbJ5SWYmSy1G0ZL8rW-BFBYAQPpKUHC9ZGOsEnl8xflMYV3hFFM_esxmQWKlt4-73JmZBXIXNty8Ylqm2QSgdr1toygz_fsu7X_7WfqWExHxvzKZqk9JlUDpI6N4sCp1Uy3pE9yQt3TZorZ8SlieFXq3xApnxRGwYPDvQJbLcQMciFPJLM_p60LLAIn5nlY85UzQwcXD7g2FRSdirFc2-b-tlpkG8v0r_7JmqUIKIpCOHaV3K2kJREB5Jk-_rdyiEtb5hOwcZ9yxC4LWSXnUyc4R3EHaEnUmn-WsfwXsy1rFPK7.U7Z_UBS1ua2RDXkMurjEb_44Ikb1zAF1q9iOxew4Fz4&dib_tag=se&keywords=zero+waste+kitchen&qid=1741332453&sr=8-22,289.99,https://m.media-amazon.com/images/I/61rGxkj4ebL._AC_UL320_.jpg,"electric composter for kitchen, 4l smart countertop compost bin, odorless | low noise | no leaking | turn food waste into fertilizer within 3 hrs, indoor food recycler compost machine, white",[],0,Low,Likely Product,Not Sustainable
My Zero-Waste Kitchen: Easy Ways to Eat Waste Free,4.2,99,50+ bought in past month,https://www.amazon.com/Kate-Turner/e/B07B1P64FL?ref=sr_ntt_srch_lnk_27&qid=1741332453&sr=8-27,289.99,https://m.media-amazon.com/images/I/71BBSaDarqL._AC_UL320_.jpg,my zero-waste kitchen: easy ways to eat waste free,[],0,Low,Likely Product,Not Sustainable
"Bee's Wrap Reusable Vegan Alternative to Beeswax Food Wraps, Made in the USA, Eco Friendly, Sustainable Organic Cotton Wraps, Bread Wrap for Homemade Bread, Vegan",4.5,2189,1K+ bought in past month,https://www.amazon.com/Bees-Wrap-Reusable-Friendly-Sustainable/dp/B08JG18M9Y/ref=sr_1_28?dib=eyJ2IjoiMSJ9.U1wHwKlLyHHLWQbQ9R8hZ5DrL1jPAgXDLgUo6jtSDktNwkxBSbmnUIHberAMuKRicM7MwUAqYaVjVY-bb4DdzRIsSSPnE2XE_2y68zfc8WiC-lw1zO0V3WJ0WwUNA29M6OlvMtIv8J1jnN_E1YbJ5SWYmSy1G0ZL8rW-BFBYAQPpKUHC9ZGOsEnl8xflMYV3hFFM_esxmQWKlt4-73JmZBXIXNty8Ylqm2QSgdr1toygz_fsu7X_7WfqWExHxvzKZqk9JlUDpI6N4sCp1Uy3pE9yQt3TZorZ8SlieFXq3xApnxRGwYPDvQJbLcQMciFPJLM_p60LLAIn5nlY85UzQwcXD7g2FRSdirFc2-b-tlpkG8v0r_7JmqUIKIpCOHaV3K2kJREB5Jk-_rdyiEtb5hOwcZ9yxC4LWSXnUyc4R3EHaEnUmn-WsfwXsy1rFPK7.U7Z_UBS1ua2RDXkMurjEb_44Ikb1zAF1q9iOxew4Fz4&dib_tag=se&keywords=zero+waste+kitchen&qid=1741332453&sr=8-28,14.99,https://m.media-amazon.com/images/I/818v5fsEUKL._AC_UL320_.jpg,"bee's wrap reusable vegan alternative to beeswax food wraps, made in the usa, eco friendly, sustainable organic cotton wraps, bread wrap for homemade bread, vegan","['reusable', 'sustainable', 'eco friendly', 'organic', 'vegan']",10,Strong,Likely Product,Sustainable
"Paper Towels Washable Roll: 25Pack Cotton Cloth Paper Towels 11.8x11.8In Absorbent Soft Flannel Paperless Towels Alternative for Kitchen Reusable Napkins Zero Waste (Bee, Large)",4.6,11,50+ bought in past month,https://www.amazon.com/Reusable-Paper-Towels-Washable-Roll/dp/B0D6315SG7/ref=sr_1_29?dib=eyJ2IjoiMSJ9.U1wHwKlLyHHLWQbQ9R8hZ5DrL1jPAgXDLgUo6jtSDktNwkxBSbmnUIHberAMuKRicM7MwUAqYaVjVY-bb4DdzRIsSSPnE2XE_2y68zfc8WiC-lw1zO0V3WJ0WwUNA29M6OlvMtIv8J1jnN_E1YbJ5SWYmSy1G0ZL8rW-BFBYAQPpKUHC9ZGOsEnl8xflMYV3hFFM_esxmQWKlt4-73JmZBXIXNty8Ylqm2QSgdr1toygz_fsu7X_7WfqWExHxvzKZqk9JlUDpI6N4sCp1Uy3pE9yQt3TZorZ8SlieFXq3xApnxRGwYPDvQJbLcQMciFPJLM_p60LLAIn5nlY85UzQwcXD7g2FRSdirFc2-b-tlpkG8v0r_7JmqUIKIpCOHaV3K2kJREB5Jk-_rdyiEtb5hOwcZ9yxC4LWSXnUyc4R3EHaEnUmn-WsfwXsy1rFPK7.U7Z_UBS1ua2RDXkMurjEb_44Ikb1zAF1q9iOxew4Fz4&dib_tag=se&keywords=zero+waste+kitchen&qid=1741332453&sr=8-29,25.0,https://m.media-amazon.com/images/I/71pz4qJO0QL._AC_UL320_.jpg,"paper towels washable roll: 25pack cotton cloth paper towels 11.8x11.8in absorbent soft flannel paperless towels alternative for kitchen reusable napkins zero waste (bee, large)","['zero waste', 'reusable', 'washable']",7,Strong,Likely Product,Sustainable
"Esembly Reusable Cotton Paperless Towels - Washable Kitchen Towels with Storage Tube | Organic, Absorbent, Fits Standard Holders | Zero Waste Cleaning Solution - Refill, 12-Pack",4.6,17,50+ bought in past month,https://www.amazon.com/Esembly-Reusable-Cotton-Paperless-Towels/dp/B0CQBK79TH/ref=sr_1_30?dib=eyJ2IjoiMSJ9.U1wHwKlLyHHLWQbQ9R8hZ5DrL1jPAgXDLgUo6jtSDktNwkxBSbmnUIHberAMuKRicM7MwUAqYaVjVY-bb4DdzRIsSSPnE2XE_2y68zfc8WiC-lw1zO0V3WJ0WwUNA29M6OlvMtIv8J1jnN_E1YbJ5SWYmSy1G0ZL8rW-BFBYAQPpKUHC9ZGOsEnl8xflMYV3hFFM_esxmQWKlt4-73JmZBXIXNty8Ylqm2QSgdr1toygz_fsu7X_7WfqWExHxvzKZqk9JlUDpI6N4sCp1Uy3pE9yQt3TZorZ8SlieFXq3xApnxRGwYPDvQJbLcQMciFPJLM_p60LLAIn5nlY85UzQwcXD7g2FRSdirFc2-b-tlpkG8v0r_7JmqUIKIpCOHaV3K2kJREB5Jk-_rdyiEtb5hOwcZ9yxC4LWSXnUyc4R3EHaEnUmn-WsfwXsy1rFPK7.U7Z_UBS1ua2RDXkMurjEb_44Ikb1zAF1q9iOxew4Fz4&dib_tag=se&keywords=zero+waste+kitchen&qid=1741332453&sr=8-30,24.0,https://m.media-amazon.com/images/I/51XlBXcAfeL._AC_UL320_.jpg,"esembly reusable cotton paperless towels - washable kitchen towels with storage tube | organic, absorbent, fits standard holders | zero waste cleaning solution - refill, 12-pack","['zero waste', 'reusable', 'organic', 'washable']",9,Strong,Likely Product,Sustainable
"UNNI Compostable Liner Bags, 2.6 Gallon, 9.84 Liter, Extra Thick 0.71 Mil, 100 Count, Small Kitchen Food Scrap Waste Bags, ASTM D6400, US BPI, CMA and Europe OK compost HOME Certified, San Francisco",4.6,26593,10K+ bought in past month,https://www.amazon.com/UNNI-Compostable-Kitchen-Certified-Francisco/dp/B013XGQXVW/ref=sr_1_35?dib=eyJ2IjoiMSJ9.U1wHwKlLyHHLWQbQ9R8hZ5DrL1jPAgXDLgUo6jtSDktNwkxBSbmnUIHberAMuKRicM7MwUAqYaVjVY-bb4DdzRIsSSPnE2XE_2y68zfc8WiC-lw1zO0V3WJ0WwUNA29M6OlvMtIv8J1jnN_E1YbJ5SWYmSy1G0ZL8rW-BFBYAQPpKUHC9ZGOsEnl8xflMYV3hFFM_esxmQWKlt4-73JmZBXIXNty8Ylqm2QSgdr1toygz_fsu7X_7WfqWExHxvzKZqk9JlUDpI6N4sCp1Uy3pE9yQt3TZorZ8SlieFXq3xApnxRGwYPDvQJbLcQMciFPJLM_p60LLAIn5nlY85UzQwcXD7g2FRSdirFc2-b-tlpkG8v0r_7JmqUIKIpCOHaV3K2kJREB5Jk-_rdyiEtb5hOwcZ9yxC4LWSXnUyc4R3EHaEnUmn-WsfwXsy1rFPK7.U7Z_UBS1ua2RDXkMurjEb_44Ikb1zAF1q9iOxew4Fz4&dib_tag=se&keywords=zero+waste+kitchen&qid=1741332453&sr=8-35,12.69,https://m.media-amazon.com/images/I/71ybUvPV3nL._AC_UL320_.jpg,"unni compostable liner bags, 2.6 gallon, 9.84 liter, extra thick 0.71 mil, 100 count, small kitchen food scrap waste bags, astm d6400, us bpi, cma and europe ok compost home certified, san francisco",['compostable'],3,Moderate,Likely Product,Potentially Sustainable
"Reusable Bamboo Rayon Towels - Pack of 2 Washable Kitchen Paper Towels - Lint free, Zero Waste, Recyclable, 2x20 Heavy Duty Organic Washable Rolls",4.3,1351,100+ bought in past month,https://www.amazon.com/Reusable-100-Natural-Rayon-Towels/dp/B08C3WWTK8/ref=sr_1_36?dib=eyJ2IjoiMSJ9.U1wHwKlLyHHLWQbQ9R8hZ5DrL1jPAgXDLgUo6jtSDktNwkxBSbmnUIHberAMuKRicM7MwUAqYaVjVY-bb4DdzRIsSSPnE2XE_2y68zfc8WiC-lw1zO0V3WJ0WwUNA29M6OlvMtIv8J1jnN_E1YbJ5SWYmSy1G0ZL8rW-BFBYAQPpKUHC9ZGOsEnl8xflMYV3hFFM_esxmQWKlt4-73JmZBXIXNty8Ylqm2QSgdr1toygz_fsu7X_7WfqWExHxvzKZqk9JlUDpI6N4sCp1Uy3pE9yQt3TZorZ8SlieFXq3xApnxRGwYPDvQJbLcQMciFPJLM_p60LLAIn5nlY85UzQwcXD7g2FRSdirFc2-b-tlpkG8v0r_7JmqUIKIpCOHaV3K2kJREB5Jk-_rdyiEtb5hOwcZ9yxC4LWSXnUyc4R3EHaEnUmn-WsfwXsy1rFPK7.U7Z_UBS1ua2RDXkMurjEb_44Ikb1zAF1q9iOxew4Fz4&dib_tag=se&keywords=zero+waste+kitchen&qid=1741332453&sr=8-36,15.95,https://m.media-amazon.com/images/I/61jNNNAmJLL._AC_UL320_.jpg,"reusable bamboo rayon towels - pack of 2 washable kitchen paper towels - lint free, zero waste, recyclable, 2x20 heavy duty organic washable rolls","['zero waste', 'reusable', 'organic', 'bamboo', 'washable', 'recyclable']",11,Strong,Likely Product,Sustainable
"Zero Waste Natural Dish Soap Bar (Pack of 3 Bars) - Solid Vegan Dishwashing Block - Cold Processed, Eco Friendly Plastic Free Packaging with Sustainable Organic Ingredients for Kitchen",4.3,653,600+ bought in past month,https://www.amazon.com/s?k=zero+waste+kitchen#,15.95,https://m.media-amazon.com/images/I/713GeQ-ieZL._AC_UL320_.jpg,"zero waste natural dish soap bar (pack of 3 bars) - solid vegan dishwashing block - cold processed, eco friendly plastic free packaging with sustainable organic ingredients for kitchen","['zero waste', 'plastic free', 'sustainable', 'eco friendly', 'organic', 'natural', 'vegan']",14,Strong,Likely Product,Sustainable
"Zero Waste Kitchen Kit | Coconut Brushes, Jute and Coconut Sponges and Bamboo Pot Scrapers | Plastic Free Dish Washing That Actually Looks Good Too",3.9,20,50+ bought in past month,https://www.amazon.com/Coconut-Bristle-Bottle-Scrapers-Sponges/dp/B0BK1LYVJW/ref=sr_1_38?dib=eyJ2IjoiMSJ9.U1wHwKlLyHHLWQbQ9R8hZ5DrL1jPAgXDLgUo6jtSDktNwkxBSbmnUIHberAMuKRicM7MwUAqYaVjVY-bb4DdzRIsSSPnE2XE_2y68zfc8WiC-lw1zO0V3WJ0WwUNA29M6OlvMtIv8J1jnN_E1YbJ5SWYmSy1G0ZL8rW-BFBYAQPpKUHC9ZGOsEnl8xflMYV3hFFM_esxmQWKlt4-73JmZBXIXNty8Ylqm2QSgdr1toygz_fsu7X_7WfqWExHxvzKZqk9JlUDpI6N4sCp1Uy3pE9yQt3TZorZ8SlieFXq3xApnxRGwYPDvQJbLcQMciFPJLM_p60LLAIn5nlY85UzQwcXD7g2FRSdirFc2-b-tlpkG8v0r_7JmqUIKIpCOHaV3K2kJREB5Jk-_rdyiEtb5hOwcZ9yxC4LWSXnUyc4R3EHaEnUmn-WsfwXsy1rFPK7.U7Z_UBS1ua2RDXkMurjEb_44Ikb1zAF1q9iOxew4Fz4&dib_tag=se&keywords=zero+waste+kitchen&qid=1741332453&sr=8-38,17.99,https://m.media-amazon.com/images/I/61ikMMEFlBL._AC_UL320_.jpg,"zero waste kitchen kit | coconut brushes, jute and coconut sponges and bamboo pot scrapers | plastic free dish washing that actually looks good too","['zero waste', 'plastic free', 'bamboo']",7,Strong,Likely Product,Sustainable
"Waste-Free Kitchen Handbook: A Guide to Eating Well and Saving Money By Wasting Less Food (Zero Waste Home, Zero Waste Book, Sustainable Living Book)",4.4,218,50+ bought in past month,https://www.amazon.com/Dana-Gunders/e/B010H8JTTW?ref=sr_ntt_srch_lnk_43&qid=1741332453&sr=8-43,1.97,https://m.media-amazon.com/images/I/71zcbGD-bHL._AC_UL320_.jpg,"waste-free kitchen handbook: a guide to eating well and saving money by wasting less food (zero waste home, zero waste book, sustainable living book)","['zero waste', 'sustainable']",5,Moderate,Possible Non-Product,Potentially Sustainable
"6 Layer Fleece Duster Refills for Swiffer Hand Duster, Zero Waste, Reusable and Washable Replacement Dusters for Cleaning Ceiling Fan Hardwoods (6 Pack-Multicolour-B)",4.5,161,200+ bought in past month,https://www.amazon.com/Reusable-Washable-Replacement-Hardwoods-Pack-Multicolour-B/dp/B0CMLQTM7Z/ref=sr_1_44?dib=eyJ2IjoiMSJ9.U1wHwKlLyHHLWQbQ9R8hZ5DrL1jPAgXDLgUo6jtSDktNwkxBSbmnUIHberAMuKRicM7MwUAqYaVjVY-bb4DdzRIsSSPnE2XE_2y68zfc8WiC-lw1zO0V3WJ0WwUNA29M6OlvMtIv8J1jnN_E1YbJ5SWYmSy1G0ZL8rW-BFBYAQPpKUHC9ZGOsEnl8xflMYV3hFFM_esxmQWKlt4-73JmZBXIXNty8Ylqm2QSgdr1toygz_fsu7X_7WfqWExHxvzKZqk9JlUDpI6N4sCp1Uy3pE9yQt3TZorZ8SlieFXq3xApnxRGwYPDvQJbLcQMciFPJLM_p60LLAIn5nlY85UzQwcXD7g2FRSdirFc2-b-tlpkG8v0r_7JmqUIKIpCOHaV3K2kJREB5Jk-_rdyiEtb5hOwcZ9yxC4LWSXnUyc4R3EHaEnUmn-WsfwXsy1rFPK7.U7Z_UBS1ua2RDXkMurjEb_44Ikb1zAF1q9iOxew4Fz4&dib_tag=se&keywords=zero+waste+kitchen&qid=1741332453&sr=8-44,13.99,https://m.media-amazon.com/images/I/81h4yMpyLLL._AC_UL320_.jpg,"6 layer fleece duster refills for swiffer hand duster, zero waste, reusable and washable replacement dusters for cleaning ceiling fan hardwoods (6 pack-multicolour-b)","['zero waste', 'reusable', 'washable']",7,Strong,Likely Product,Sustainable
"Bamboo Dish Brush Set, Complete Sustainable & Compostable Sponge and Scrubber Set, Eco Friendly Cleaning Products, Bamboo Cleaning Brush, Wooden Kitchen Scrub Brush for Dishes, Dish Brush Set",4.2,117,50+ bought in past month,https://www.amazon.com/Complete-Sustainable-Compostable-Scrubber-Friendly/dp/B09MPTG6MJ/ref=sr_1_45?dib=eyJ2IjoiMSJ9.U1wHwKlLyHHLWQbQ9R8hZ5DrL1jPAgXDLgUo6jtSDktNwkxBSbmnUIHberAMuKRicM7MwUAqYaVjVY-bb4DdzRIsSSPnE2XE_2y68zfc8WiC-lw1zO0V3WJ0WwUNA29M6OlvMtIv8J1jnN_E1YbJ5SWYmSy1G0ZL8rW-BFBYAQPpKUHC9ZGOsEnl8xflMYV3hFFM_esxmQWKlt4-73JmZBXIXNty8Ylqm2QSgdr1toygz_fsu7X_7WfqWExHxvzKZqk9JlUDpI6N4sCp1Uy3pE9yQt3TZorZ8SlieFXq3xApnxRGwYPDvQJbLcQMciFPJLM_p60LLAIn5nlY85UzQwcXD7g2FRSdirFc2-b-tlpkG8v0r_7JmqUIKIpCOHaV3K2kJREB5Jk-_rdyiEtb5hOwcZ9yxC4LWSXnUyc4R3EHaEnUmn-WsfwXsy1rFPK7.U7Z_UBS1ua2RDXkMurjEb_44Ikb1zAF1q9iOxew4Fz4&dib_tag=se&keywords=zero+waste+kitchen&qid=1741332453&sr=8-45,17.98,https://m.media-amazon.com/images/I/A1mfVtT8TAL._AC_UL320_.jpg,"bamboo dish brush set, complete sustainable & compostable sponge and scrubber set, eco friendly cleaning products, bamboo cleaning brush, wooden kitchen scrub brush for dishes, dish brush set","['compostable', 'sustainable', 'eco friendly', 'bamboo']",8,Strong,Likely Product,Sustainable
"Trash Ninja Trash Can Deodorizer - Garbage Can Deodorizer with Activated Charcoal, Reusable Trash Can Odor Eliminator, Stick On Garbage Can Air Freshener, Trash Deodorizer with a Fresh Citrus Scent",3.8,96,1K+ bought in past month,https://www.amazon.com/Trash-Ninja-Can-Deodorizer-Eliminator/dp/B0DJTC9V9V/ref=sr_1_46?dib=eyJ2IjoiMSJ9.U1wHwKlLyHHLWQbQ9R8hZ5DrL1jPAgXDLgUo6jtSDktNwkxBSbmnUIHberAMuKRicM7MwUAqYaVjVY-bb4DdzRIsSSPnE2XE_2y68zfc8WiC-lw1zO0V3WJ0WwUNA29M6OlvMtIv8J1jnN_E1YbJ5SWYmSy1G0ZL8rW-BFBYAQPpKUHC9ZGOsEnl8xflMYV3hFFM_esxmQWKlt4-73JmZBXIXNty8Ylqm2QSgdr1toygz_fsu7X_7WfqWExHxvzKZqk9JlUDpI6N4sCp1Uy3pE9yQt3TZorZ8SlieFXq3xApnxRGwYPDvQJbLcQMciFPJLM_p60LLAIn5nlY85UzQwcXD7g2FRSdirFc2-b-tlpkG8v0r_7JmqUIKIpCOHaV3K2kJREB5Jk-_rdyiEtb5hOwcZ9yxC4LWSXnUyc4R3EHaEnUmn-WsfwXsy1rFPK7.U7Z_UBS1ua2RDXkMurjEb_44Ikb1zAF1q9iOxew4Fz4&dib_tag=se&keywords=zero+waste+kitchen&qid=1741332453&sr=8-46,12.99,https://m.media-amazon.com/images/I/71sJHH-BPWL._AC_UL320_.jpg,"trash ninja trash can deodorizer - garbage can deodorizer with activated charcoal, reusable trash can odor eliminator, stick on garbage can air freshener, trash deodorizer with a fresh citrus scent",['reusable'],3,Moderate,Likely Product,Potentially Sustainable
"Lavender Hypoallergenic Dish Soap Bar - Organic - Pack of 3, Skin-Safe, Non-Toxic, Sustainable Kitchen Soap - Zero Waste",3.7,11,50+ bought in past month,https://www.amazon.com/KELEBS-Lavender-Hypoallergenic-Dish-Soap/dp/B0CTKK8HLH/ref=sr_1_47?dib=eyJ2IjoiMSJ9.U1wHwKlLyHHLWQbQ9R8hZ5DrL1jPAgXDLgUo6jtSDktNwkxBSbmnUIHberAMuKRicM7MwUAqYaVjVY-bb4DdzRIsSSPnE2XE_2y68zfc8WiC-lw1zO0V3WJ0WwUNA29M6OlvMtIv8J1jnN_E1YbJ5SWYmSy1G0ZL8rW-BFBYAQPpKUHC9ZGOsEnl8xflMYV3hFFM_esxmQWKlt4-73JmZBXIXNty8Ylqm2QSgdr1toygz_fsu7X_7WfqWExHxvzKZqk9JlUDpI6N4sCp1Uy3pE9yQt3TZorZ8SlieFXq3xApnxRGwYPDvQJbLcQMciFPJLM_p60LLAIn5nlY85UzQwcXD7g2FRSdirFc2-b-tlpkG8v0r_7JmqUIKIpCOHaV3K2kJREB5Jk-_rdyiEtb5hOwcZ9yxC4LWSXnUyc4R3EHaEnUmn-WsfwXsy1rFPK7.U7Z_UBS1ua2RDXkMurjEb_44Ikb1zAF1q9iOxew4Fz4&dib_tag=se&keywords=zero+waste+kitchen&qid=1741332453&sr=8-47,12.85,https://m.media-amazon.com/images/I/61yz9ygRvDL._AC_UL320_.jpg,"lavender hypoallergenic dish soap bar - organic - pack of 3, skin-safe, non-toxic, sustainable kitchen soap - zero waste","['zero waste', 'sustainable', 'organic']",7,Strong,Likely Product,Sustainable
Tieralia 5-Piece Eco-Friendly Bamboo Dish Brush Set with Compostable Wood Pulp Sponges | Bamboo Kitchen Cleaning Set,4.4,232,200+ bought in past month,https://www.amazon.com/Tieralia-Bamboo-Kitchen-Sustainable-Eco-Friendly/dp/B098CYHJ34/ref=sr_1_48?dib=eyJ2IjoiMSJ9.U1wHwKlLyHHLWQbQ9R8hZ5DrL1jPAgXDLgUo6jtSDktNwkxBSbmnUIHberAMuKRicM7MwUAqYaVjVY-bb4DdzRIsSSPnE2XE_2y68zfc8WiC-lw1zO0V3WJ0WwUNA29M6OlvMtIv8J1jnN_E1YbJ5SWYmSy1G0ZL8rW-BFBYAQPpKUHC9ZGOsEnl8xflMYV3hFFM_esxmQWKlt4-73JmZBXIXNty8Ylqm2QSgdr1toygz_fsu7X_7WfqWExHxvzKZqk9JlUDpI6N4sCp1Uy3pE9yQt3TZorZ8SlieFXq3xApnxRGwYPDvQJbLcQMciFPJLM_p60LLAIn5nlY85UzQwcXD7g2FRSdirFc2-b-tlpkG8v0r_7JmqUIKIpCOHaV3K2kJREB5Jk-_rdyiEtb5hOwcZ9yxC4LWSXnUyc4R3EHaEnUmn-WsfwXsy1rFPK7.U7Z_UBS1ua2RDXkMurjEb_44Ikb1zAF1q9iOxew4Fz4&dib_tag=se&keywords=zero+waste+kitchen&qid=1741332453&sr=8-48,23.99,https://m.media-amazon.com/images/I/910pb+R-1UL._AC_UL320_.jpg,tieralia 5-piece eco-friendly bamboo dish brush set with compostable wood pulp sponges | bamboo kitchen cleaning set,"['compostable', 'eco-friendly', 'bamboo']",6,Strong,Likely Product,Sustainable
"Citrus Essential Oil Dish Soap Bar - Organic - Pack of 3 (3.8 oz each), Skin-Safe, Non-Toxic, Sustainable Kitchen Soap - Zero Waste",3.7,23,50+ bought in past month,https://www.amazon.com/KELEBS-Citrus-Essential-Dish-Soap/dp/B0CTKKPP4T/ref=sr_1_49?dib=eyJ2IjoiMSJ9.U1wHwKlLyHHLWQbQ9R8hZ5DrL1jPAgXDLgUo6jtSDktNwkxBSbmnUIHberAMuKRicM7MwUAqYaVjVY-bb4DdzRIsSSPnE2XE_2y68zfc8WiC-lw1zO0V3WJ0WwUNA29M6OlvMtIv8J1jnN_E1YbJ5SWYmSy1G0ZL8rW-BFBYAQPpKUHC9ZGOsEnl8xflMYV3hFFM_esxmQWKlt4-73JmZBXIXNty8Ylqm2QSgdr1toygz_fsu7X_7WfqWExHxvzKZqk9JlUDpI6N4sCp1Uy3pE9yQt3TZorZ8SlieFXq3xApnxRGwYPDvQJbLcQMciFPJLM_p60LLAIn5nlY85UzQwcXD7g2FRSdirFc2-b-tlpkG8v0r_7JmqUIKIpCOHaV3K2kJREB5Jk-_rdyiEtb5hOwcZ9yxC4LWSXnUyc4R3EHaEnUmn-WsfwXsy1rFPK7.U7Z_UBS1ua2RDXkMurjEb_44Ikb1zAF1q9iOxew4Fz4&dib_tag=se&keywords=zero+waste+kitchen&qid=1741332453&sr=8-49,12.99,https://m.media-amazon.com/images/I/61yc2qVkxfL._AC_UL320_.jpg,"citrus essential oil dish soap bar - organic - pack of 3 (3.8 oz each), skin-safe, non-toxic, sustainable kitchen soap - zero waste","['zero waste', 'sustainable', 'organic']",7,Strong,Likely Product,Sustainable
| Premium Natural Kitchen Sponge | Non Scratch | Long Lasting | Waste Free | Compostable Sponge Kitchen | Natural Fiber | Eco-Friendly | Eartch Friendly | Vegan | 6 Pack,4.3,326,500+ bought in past month,https://www.amazon.com/s?k=zero+waste+kitchen#,12.99,https://m.media-amazon.com/images/I/71g+Afy5T9L._AC_UL320_.jpg,| premium natural kitchen sponge | non scratch | long lasting | waste free | compostable sponge kitchen | natural fiber | eco-friendly | eartch friendly | vegan | 6 pack,"['compostable', 'eco-friendly', 'natural', 'vegan']",7,Strong,Likely Product,Sustainable
"Electric Kitchen Composter for Indoor: 2.5L Large Capacity Odorless Smart Compost Bin with Detachable Carbon Filter, Updated Grinding Blade Turn Waste into Pre-Compost for Plants More Effectively",4.6,137,50+ bought in past month,https://www.amazon.com/s?k=zero+waste+kitchen#,12.99,https://m.media-amazon.com/images/I/71W6yfdY+qL._AC_UL320_.jpg,"electric kitchen composter for indoor: 2.5l large capacity odorless smart compost bin with detachable carbon filter, updated grinding blade turn waste into pre-compost for plants more effectively",[],0,Low,Likely Product,Not Sustainable
"HAPBIO Small Compostable Trash Bags 2.6 Gallon, 100 Count/Roll, 0.67 Mils, Pack 1, Unscented, Biodegradable Trash Bags, BPI OK Compost Home, Recycle Food Scrap Waste Bags for Countertop Bin, Kitchen",4.6,35,50+ bought in past month,https://www.amazon.com/s?k=zero+waste+kitchen#,12.99,https://m.media-amazon.com/images/I/71UNldf4Q3L._AC_UL320_.jpg,"hapbio small compostable trash bags 2.6 gallon, 100 count/roll, 0.67 mils, pack 1, unscented, biodegradable trash bags, bpi ok compost home, recycle food scrap waste bags for countertop bin, kitchen","['biodegradable', 'compostable']",6,Strong,Likely Product,Sustainable
"BOS Odor-Sealing Kitchen, Home & Food Small Trash Bags for Waste- Disposable Bags - Scent & Smell Free [Size XL, Color White] (50 Count, Pack of 2) (100 Bags)",4.0,1,50+ bought in past month,https://www.amazon.com/s?k=zero+waste+kitchen#,12.99,https://m.media-amazon.com/images/I/611I2iRHf0L._AC_UL320_.jpg,"bos odor-sealing kitchen, home & food small trash bags for waste- disposable bags - scent & smell free [size xl, color white] (50 count, pack of 2) (100 bags)",[],0,Low,Likely Product,Not Sustainable
"Stainless Steel Hanging Trash Can with Lid and Inner Bucket, 2 Gallon Kitchen Compost Bin for Counter Top, Under Sink or Wall Mount, Small Garbage Can for Cupboard/Bathroom/Bedroom/RV",4.6,312,200+ bought in past month,https://www.amazon.com/s?k=zero+waste+kitchen#,12.99,https://m.media-amazon.com/images/I/71E0lM9EYQL._AC_UL320_.jpg,"stainless steel hanging trash can with lid and inner bucket, 2 gallon kitchen compost bin for counter top, under sink or wall mount, small garbage can for cupboard/bathroom/bedroom/rv",[],0,Low,Likely Product,Not Sustainable
"Compostable Garbage Bags | 4 Gallons, 100 Count, 19.6"" x 17.7"" | Waste Disposal bags for Kitchen | Plant-Based with Drawstring Cans | Indoor & Outdoor | Food Scrap Wastege",3.9,66,50+ bought in past month,https://www.amazon.com/s?k=zero+waste+kitchen#,12.99,https://m.media-amazon.com/images/I/71G-N0zJkZL._AC_UL320_.jpg,"compostable garbage bags | 4 gallons, 100 count, 19.6"" x 17.7"" | waste disposal bags for kitchen | plant-based with drawstring cans | indoor & outdoor | food scrap wastege","['compostable', 'plant-based']",5,Moderate,Likely Product,Potentially Sustainable
"Reusable Silicone Sous Vide Bag - 1 Gallon, 135oz. XXL - 1 pcs Food Storage Bag, Freezer Container, Zero Waste Alternative for Sous Vide Cooker, Kitchen Organization, and Meal Prep Bags",4.2,227,50+ bought in past month,https://www.amazon.com/s?k=zero+waste+kitchen#,12.99,https://m.media-amazon.com/images/I/81AU1QyPRUL._AC_UL320_.jpg,"reusable silicone sous vide bag - 1 gallon, 135oz. xxl - 1 pcs food storage bag, freezer container, zero waste alternative for sous vide cooker, kitchen organization, and meal prep bags","['zero waste', 'reusable']",6,Strong,Likely Product,Sustainable
"BOS Odor-Sealing Kitchen, Home & Food Small Trash Bags for Waste- Disposable Bags - Scent & Smell Free (90 Bags) [Size S, Color White] ★Brand-new packaging!",4.6,3,50+ bought in past month,https://www.amazon.com/s?k=zero+waste+kitchen#,12.99,https://m.media-amazon.com/images/I/61V-PZdieOL._AC_UL320_.jpg,"bos odor-sealing kitchen, home & food small trash bags for waste- disposable bags - scent & smell free (90 bags) [size s, color white] ★brand-new packaging!",[],0,Low,Likely Product,Not Sustainable
Coconut Fiber Kitchen Sponges - Pack of 6 Cellulose and Coconut Scrubber Sponges - Dish Cleaning Sponges | Plastic-Free | Planet-Friendly| Odor Free,5.0,2,50+ bought in past month,https://www.amazon.com/s?k=eco+friendly+cleaning+products#,12.99,https://m.media-amazon.com/images/I/81264SKMq+L._AC_UL320_.jpg,coconut fiber kitchen sponges - pack of 6 cellulose and coconut scrubber sponges - dish cleaning sponges | plastic-free | planet-friendly| odor free,['plastic-free'],3,Moderate,Likely Product,Potentially Sustainable
Natural Kitchen Sponge - Biodegradable Compostable Cellulose and Coconut Scrubber Sponge - Pack of 12 Eco Friendly Sponges for Dishes,4.6,4984,10K+ bought in past month,https://www.amazon.com/AIRNEX-Biodegradable-Natural-Kitchen-Sponge/dp/B0917GV13P/ref=sr_1_2?dib=eyJ2IjoiMSJ9.GBJnUoCqP2Z1ChOttOdnYL2yDVT4f079k0Gv62JgoH-UO1r-8dG8iRfFzK_fGAIi84HQV3iIO2pQyKU3vxIhsjuaoZ5VXIJtStKqiOgRfWIQ2zvIBitaD6MpOILQ3ELhXV4cK45VDRd5NwiAFGZiLW9WOR-o1BLSnimT7ecLKEHNWt4S5JEhRMNpg1xIPPGbMEDD9YoPo6ouKKFUAFNa_Hjewju8f3FR_f3veJ7_8Xy08-Ip5bu2M1FidCCWw8c53dBYiuErlN3CaWTlz-lw3iYGxUbwRtdfQU0Oajry01UjWSvhk2xisfAmlR_pIpXM3pXZSTqFtOMznFlIt7JCC5rlISA-pJoxKSciGPH3U0greDZGEjHuqjBmESNFSTZA3rIp-vprhSthReQOhvrFfmwgVuFN0QEUcPlrBEylomcS-d6dbz439cdDzeHNAijP.af8k3mEcsOiBWy-mOIJj7QjTLzEg36zG5laRBr_fra8&dib_tag=se&keywords=eco+friendly+cleaning+products&qid=1741332468&sr=8-2,14.95,https://m.media-amazon.com/images/I/91zidZ1V1VL._AC_UL320_.jpg,natural kitchen sponge - biodegradable compostable cellulose and coconut scrubber sponge - pack of 12 eco friendly sponges for dishes,"['biodegradable', 'compostable', 'eco friendly', 'natural']",9,Strong,Likely Product,Sustainable
"Plant-Based Kitchen Sponges - FSC Certified and PETA Approved, Natural, Eco-Friendly, Biodegradable Sisal Hemp Sponges for Dishes, Cleaning Sponge for Kitchen, Bathroom, Household - 12 Count",4.6,248,3K+ bought in past month,https://www.amazon.com/Isshah-Plant-Based-Kitchen-Sponges-Biodegradable/dp/B0CSBG92MF/ref=sr_1_3?dib=eyJ2IjoiMSJ9.GBJnUoCqP2Z1ChOttOdnYL2yDVT4f079k0Gv62JgoH-UO1r-8dG8iRfFzK_fGAIi84HQV3iIO2pQyKU3vxIhsjuaoZ5VXIJtStKqiOgRfWIQ2zvIBitaD6MpOILQ3ELhXV4cK45VDRd5NwiAFGZiLW9WOR-o1BLSnimT7ecLKEHNWt4S5JEhRMNpg1xIPPGbMEDD9YoPo6ouKKFUAFNa_Hjewju8f3FR_f3veJ7_8Xy08-Ip5bu2M1FidCCWw8c53dBYiuErlN3CaWTlz-lw3iYGxUbwRtdfQU0Oajry01UjWSvhk2xisfAmlR_pIpXM3pXZSTqFtOMznFlIt7JCC5rlISA-pJoxKSciGPH3U0greDZGEjHuqjBmESNFSTZA3rIp-vprhSthReQOhvrFfmwgVuFN0QEUcPlrBEylomcS-d6dbz439cdDzeHNAijP.af8k3mEcsOiBWy-mOIJj7QjTLzEg36zG5laRBr_fra8&dib_tag=se&keywords=eco+friendly+cleaning+products&qid=1741332468&sr=8-3,9.99,https://m.media-amazon.com/images/I/81GEZUgvk2L._AC_UL320_.jpg,"plant-based kitchen sponges - fsc certified and peta approved, natural, eco-friendly, biodegradable sisal hemp sponges for dishes, cleaning sponge for kitchen, bathroom, household - 12 count","['biodegradable', 'eco-friendly', 'plant-based', 'fsc certified', 'natural']",10,Strong,Likely Product,Sustainable
"Palm Pot Brush- Bamboo Round 3 Packs Mini Dish Brush Natural Scrub Brush Durable Scrubber Cleaning Kit with Union Fiber and Tampico Fiber for Cleaning Pots, Pans and Vegetables",4.5,6396,4K+ bought in past month,https://www.amazon.com/Natural-Durable-Scrubber-Cleaning-Vegetables/dp/B07V43JT35/ref=sr_1_5?dib=eyJ2IjoiMSJ9.GBJnUoCqP2Z1ChOttOdnYL2yDVT4f079k0Gv62JgoH-UO1r-8dG8iRfFzK_fGAIi84HQV3iIO2pQyKU3vxIhsjuaoZ5VXIJtStKqiOgRfWIQ2zvIBitaD6MpOILQ3ELhXV4cK45VDRd5NwiAFGZiLW9WOR-o1BLSnimT7ecLKEHNWt4S5JEhRMNpg1xIPPGbMEDD9YoPo6ouKKFUAFNa_Hjewju8f3FR_f3veJ7_8Xy08-Ip5bu2M1FidCCWw8c53dBYiuErlN3CaWTlz-lw3iYGxUbwRtdfQU0Oajry01UjWSvhk2xisfAmlR_pIpXM3pXZSTqFtOMznFlIt7JCC5rlISA-pJoxKSciGPH3U0greDZGEjHuqjBmESNFSTZA3rIp-vprhSthReQOhvrFfmwgVuFN0QEUcPlrBEylomcS-d6dbz439cdDzeHNAijP.af8k3mEcsOiBWy-mOIJj7QjTLzEg36zG5laRBr_fra8&dib_tag=se&keywords=eco+friendly+cleaning+products&qid=1741332468&sr=8-5,9.99,https://m.media-amazon.com/images/I/71HBCiwXz+L._AC_UL320_.jpg,"palm pot brush- bamboo round 3 packs mini dish brush natural scrub brush durable scrubber cleaning kit with union fiber and tampico fiber for cleaning pots, pans and vegetables","['bamboo', 'natural']",2,Low,Likely Product,Not Sustainable
"Skoy Scrub, 4-Pack Reusable, Non-Scratching Dish Scrubber for Kitchen and Household Cleaning, Planet-Friendly, Dishwasher Safe Soft Scrub, Monochromatic Colors",4.7,17559,500+ bought in past month,https://www.amazon.com/Skoy-Non-Scratching-Environmentally-Friendly-Dishwasher-Monochromatic/dp/B0CCHWSZ88/ref=sr_1_6?dib=eyJ2IjoiMSJ9.GBJnUoCqP2Z1ChOttOdnYL2yDVT4f079k0Gv62JgoH-UO1r-8dG8iRfFzK_fGAIi84HQV3iIO2pQyKU3vxIhsjuaoZ5VXIJtStKqiOgRfWIQ2zvIBitaD6MpOILQ3ELhXV4cK45VDRd5NwiAFGZiLW9WOR-o1BLSnimT7ecLKEHNWt4S5JEhRMNpg1xIPPGbMEDD9YoPo6ouKKFUAFNa_Hjewju8f3FR_f3veJ7_8Xy08-Ip5bu2M1FidCCWw8c53dBYiuErlN3CaWTlz-lw3iYGxUbwRtdfQU0Oajry01UjWSvhk2xisfAmlR_pIpXM3pXZSTqFtOMznFlIt7JCC5rlISA-pJoxKSciGPH3U0greDZGEjHuqjBmESNFSTZA3rIp-vprhSthReQOhvrFfmwgVuFN0QEUcPlrBEylomcS-d6dbz439cdDzeHNAijP.af8k3mEcsOiBWy-mOIJj7QjTLzEg36zG5laRBr_fra8&dib_tag=se&keywords=eco+friendly+cleaning+products&qid=1741332468&sr=8-6,13.98,https://m.media-amazon.com/images/I/81BmMXBSiZL._AC_UL320_.jpg,"skoy scrub, 4-pack reusable, non-scratching dish scrubber for kitchen and household cleaning, planet-friendly, dishwasher safe soft scrub, monochromatic colors",['reusable'],3,Moderate,Likely Product,Potentially Sustainable
"Skoy Scrub, 4-Pack Reusable, Non-Scratching Dish Scrubber for Kitchen and Household Cleaning, Planet-Friendly, Dishwasher Safe Soft Scrub, Assorted Colors and Designs",4.8,6188,5K+ bought in past month,https://www.amazon.com/Skoy-Non-Scratching-Household-Environmentally-Friendly-Dishwasher/dp/B07DXB29BF/ref=sr_1_7?dib=eyJ2IjoiMSJ9.GBJnUoCqP2Z1ChOttOdnYL2yDVT4f079k0Gv62JgoH-UO1r-8dG8iRfFzK_fGAIi84HQV3iIO2pQyKU3vxIhsjuaoZ5VXIJtStKqiOgRfWIQ2zvIBitaD6MpOILQ3ELhXV4cK45VDRd5NwiAFGZiLW9WOR-o1BLSnimT7ecLKEHNWt4S5JEhRMNpg1xIPPGbMEDD9YoPo6ouKKFUAFNa_Hjewju8f3FR_f3veJ7_8Xy08-Ip5bu2M1FidCCWw8c53dBYiuErlN3CaWTlz-lw3iYGxUbwRtdfQU0Oajry01UjWSvhk2xisfAmlR_pIpXM3pXZSTqFtOMznFlIt7JCC5rlISA-pJoxKSciGPH3U0greDZGEjHuqjBmESNFSTZA3rIp-vprhSthReQOhvrFfmwgVuFN0QEUcPlrBEylomcS-d6dbz439cdDzeHNAijP.af8k3mEcsOiBWy-mOIJj7QjTLzEg36zG5laRBr_fra8&dib_tag=se&keywords=eco+friendly+cleaning+products&qid=1741332468&sr=8-7,13.98,https://m.media-amazon.com/images/I/71c5ThK6PFL._AC_UL320_.jpg,"skoy scrub, 4-pack reusable, non-scratching dish scrubber for kitchen and household cleaning, planet-friendly, dishwasher safe soft scrub, assorted colors and designs",['reusable'],3,Moderate,Likely Product,Potentially Sustainable
"FRAMAR Biodegradable Green Gloves Latex Free Large – Disposable Nitrile Gloves Large, Large Rubber Gloves Disposable, Disposable Cleaning Gloves Large, Non Latex Gloves Large, Hair Dye Gloves 100 Pk",4.6,828,300+ bought in past month,https://www.amazon.com/FRAMAR-Biodegradable-Green-Gloves-Latex/dp/B0CNF8F5S7/ref=sr_1_8?dib=eyJ2IjoiMSJ9.GBJnUoCqP2Z1ChOttOdnYL2yDVT4f079k0Gv62JgoH-UO1r-8dG8iRfFzK_fGAIi84HQV3iIO2pQyKU3vxIhsjuaoZ5VXIJtStKqiOgRfWIQ2zvIBitaD6MpOILQ3ELhXV4cK45VDRd5NwiAFGZiLW9WOR-o1BLSnimT7ecLKEHNWt4S5JEhRMNpg1xIPPGbMEDD9YoPo6ouKKFUAFNa_Hjewju8f3FR_f3veJ7_8Xy08-Ip5bu2M1FidCCWw8c53dBYiuErlN3CaWTlz-lw3iYGxUbwRtdfQU0Oajry01UjWSvhk2xisfAmlR_pIpXM3pXZSTqFtOMznFlIt7JCC5rlISA-pJoxKSciGPH3U0greDZGEjHuqjBmESNFSTZA3rIp-vprhSthReQOhvrFfmwgVuFN0QEUcPlrBEylomcS-d6dbz439cdDzeHNAijP.af8k3mEcsOiBWy-mOIJj7QjTLzEg36zG5laRBr_fra8&dib_tag=se&keywords=eco+friendly+cleaning+products&qid=1741332468&sr=8-8,16.99,https://m.media-amazon.com/images/I/71lmS2wA2lL._AC_UL320_.jpg,"framar biodegradable green gloves latex free large – disposable nitrile gloves large, large rubber gloves disposable, disposable cleaning gloves large, non latex gloves large, hair dye gloves 100 pk",['biodegradable'],3,Moderate,Likely Product,Potentially Sustainable
Tieralia 5-Piece Eco-Friendly Bamboo Dish Brush Set with Compostable Wood Pulp Sponges | Bamboo Kitchen Cleaning Set,4.4,232,200+ bought in past month,https://www.amazon.com/Tieralia-Bamboo-Kitchen-Sustainable-Eco-Friendly/dp/B098CYHJ34/ref=sr_1_9?dib=eyJ2IjoiMSJ9.GBJnUoCqP2Z1ChOttOdnYL2yDVT4f079k0Gv62JgoH-UO1r-8dG8iRfFzK_fGAIi84HQV3iIO2pQyKU3vxIhsjuaoZ5VXIJtStKqiOgRfWIQ2zvIBitaD6MpOILQ3ELhXV4cK45VDRd5NwiAFGZiLW9WOR-o1BLSnimT7ecLKEHNWt4S5JEhRMNpg1xIPPGbMEDD9YoPo6ouKKFUAFNa_Hjewju8f3FR_f3veJ7_8Xy08-Ip5bu2M1FidCCWw8c53dBYiuErlN3CaWTlz-lw3iYGxUbwRtdfQU0Oajry01UjWSvhk2xisfAmlR_pIpXM3pXZSTqFtOMznFlIt7JCC5rlISA-pJoxKSciGPH3U0greDZGEjHuqjBmESNFSTZA3rIp-vprhSthReQOhvrFfmwgVuFN0QEUcPlrBEylomcS-d6dbz439cdDzeHNAijP.af8k3mEcsOiBWy-mOIJj7QjTLzEg36zG5laRBr_fra8&dib_tag=se&keywords=eco+friendly+cleaning+products&qid=1741332468&sr=8-9,23.99,https://m.media-amazon.com/images/I/910pb+R-1UL._AC_UL320_.jpg,tieralia 5-piece eco-friendly bamboo dish brush set with compostable wood pulp sponges | bamboo kitchen cleaning set,"['compostable', 'eco-friendly', 'bamboo']",6,Strong,Likely Product,Sustainable
Jungle Culture® 6 Piece Natural Dish Brushes for Washing Up • Eco Dish Brush Kitchen Cleaning Set • Plant Based Coconut Scrubbers • Bottle/Pot Brush & Eco Friendly Scourer Sponge for Pans & Dishes,4.4,632,300+ bought in past month,https://www.amazon.com/Jungle-Culture-Eco-Friendly-Plastic-Free-Scrubbers/dp/B08YXYVZ7C/ref=sr_1_10?dib=eyJ2IjoiMSJ9.GBJnUoCqP2Z1ChOttOdnYL2yDVT4f079k0Gv62JgoH-UO1r-8dG8iRfFzK_fGAIi84HQV3iIO2pQyKU3vxIhsjuaoZ5VXIJtStKqiOgRfWIQ2zvIBitaD6MpOILQ3ELhXV4cK45VDRd5NwiAFGZiLW9WOR-o1BLSnimT7ecLKEHNWt4S5JEhRMNpg1xIPPGbMEDD9YoPo6ouKKFUAFNa_Hjewju8f3FR_f3veJ7_8Xy08-Ip5bu2M1FidCCWw8c53dBYiuErlN3CaWTlz-lw3iYGxUbwRtdfQU0Oajry01UjWSvhk2xisfAmlR_pIpXM3pXZSTqFtOMznFlIt7JCC5rlISA-pJoxKSciGPH3U0greDZGEjHuqjBmESNFSTZA3rIp-vprhSthReQOhvrFfmwgVuFN0QEUcPlrBEylomcS-d6dbz439cdDzeHNAijP.af8k3mEcsOiBWy-mOIJj7QjTLzEg36zG5laRBr_fra8&dib_tag=se&keywords=eco+friendly+cleaning+products&qid=1741332468&sr=8-10,25.99,https://m.media-amazon.com/images/I/913AlyfjIcL._AC_UL320_.jpg,jungle culture® 6 piece natural dish brushes for washing up • eco dish brush kitchen cleaning set • plant based coconut scrubbers • bottle/pot brush & eco friendly scourer sponge for pans & dishes,"['eco friendly', 'plant based', 'natural']",5,Moderate,Likely Product,Potentially Sustainable
| Premium Natural Kitchen Sponge | Non Scratch | Long Lasting | Waste Free | Compostable Sponge Kitchen | Natural Fiber | Eco-Friendly | Eartch Friendly | Vegan | 6 Pack,4.3,326,500+ bought in past month,https://www.amazon.com/Vove-Premium-Compostable-Eco-Friendly-Friendly/dp/B07TP2VBGV/ref=sr_1_11?dib=eyJ2IjoiMSJ9.GBJnUoCqP2Z1ChOttOdnYL2yDVT4f079k0Gv62JgoH-UO1r-8dG8iRfFzK_fGAIi84HQV3iIO2pQyKU3vxIhsjuaoZ5VXIJtStKqiOgRfWIQ2zvIBitaD6MpOILQ3ELhXV4cK45VDRd5NwiAFGZiLW9WOR-o1BLSnimT7ecLKEHNWt4S5JEhRMNpg1xIPPGbMEDD9YoPo6ouKKFUAFNa_Hjewju8f3FR_f3veJ7_8Xy08-Ip5bu2M1FidCCWw8c53dBYiuErlN3CaWTlz-lw3iYGxUbwRtdfQU0Oajry01UjWSvhk2xisfAmlR_pIpXM3pXZSTqFtOMznFlIt7JCC5rlISA-pJoxKSciGPH3U0greDZGEjHuqjBmESNFSTZA3rIp-vprhSthReQOhvrFfmwgVuFN0QEUcPlrBEylomcS-d6dbz439cdDzeHNAijP.af8k3mEcsOiBWy-mOIJj7QjTLzEg36zG5laRBr_fra8&dib_tag=se&keywords=eco+friendly+cleaning+products&qid=1741332468&sr=8-11,13.45,https://m.media-amazon.com/images/I/71g+Afy5T9L._AC_UL320_.jpg,| premium natural kitchen sponge | non scratch | long lasting | waste free | compostable sponge kitchen | natural fiber | eco-friendly | eartch friendly | vegan | 6 pack,"['compostable', 'eco-friendly', 'natural', 'vegan']",7,Strong,Likely Product,Sustainable
| Organic Cotton Dish Cloth | Eco-Friendly Kitchen Cloth | Biodegradable & Compostable Cleaning Cloth | Beach Sand,4.5,177,50+ bought in past month,https://www.amazon.com/Wild-Stone-Eco-Friendly-Biodegradable-Compostable/dp/B0BZ56WQYC/ref=sr_1_12?dib=eyJ2IjoiMSJ9.GBJnUoCqP2Z1ChOttOdnYL2yDVT4f079k0Gv62JgoH-UO1r-8dG8iRfFzK_fGAIi84HQV3iIO2pQyKU3vxIhsjuaoZ5VXIJtStKqiOgRfWIQ2zvIBitaD6MpOILQ3ELhXV4cK45VDRd5NwiAFGZiLW9WOR-o1BLSnimT7ecLKEHNWt4S5JEhRMNpg1xIPPGbMEDD9YoPo6ouKKFUAFNa_Hjewju8f3FR_f3veJ7_8Xy08-Ip5bu2M1FidCCWw8c53dBYiuErlN3CaWTlz-lw3iYGxUbwRtdfQU0Oajry01UjWSvhk2xisfAmlR_pIpXM3pXZSTqFtOMznFlIt7JCC5rlISA-pJoxKSciGPH3U0greDZGEjHuqjBmESNFSTZA3rIp-vprhSthReQOhvrFfmwgVuFN0QEUcPlrBEylomcS-d6dbz439cdDzeHNAijP.af8k3mEcsOiBWy-mOIJj7QjTLzEg36zG5laRBr_fra8&dib_tag=se&keywords=eco+friendly+cleaning+products&qid=1741332468&sr=8-12,6.99,https://m.media-amazon.com/images/I/81FLJnwpCqL._AC_UL320_.jpg,| organic cotton dish cloth | eco-friendly kitchen cloth | biodegradable & compostable cleaning cloth | beach sand,"['biodegradable', 'compostable', 'eco-friendly', 'organic']",10,Strong,Likely Product,Sustainable
"ECOLULU Eco Friendly Toilet Brush, 2 Pack Wood Toilet Brush Made of Beechwood, Strong Hemp Bristles with 360° Cleaning Power, Biodegradable Zero Waste Eco Friendly Products",4.2,156,50+ bought in past month,https://www.amazon.com/Beechwood-Biodegradable-Zero-Waste-Products/dp/B08F2DY3R4/ref=sr_1_13?dib=eyJ2IjoiMSJ9.GBJnUoCqP2Z1ChOttOdnYL2yDVT4f079k0Gv62JgoH-UO1r-8dG8iRfFzK_fGAIi84HQV3iIO2pQyKU3vxIhsjuaoZ5VXIJtStKqiOgRfWIQ2zvIBitaD6MpOILQ3ELhXV4cK45VDRd5NwiAFGZiLW9WOR-o1BLSnimT7ecLKEHNWt4S5JEhRMNpg1xIPPGbMEDD9YoPo6ouKKFUAFNa_Hjewju8f3FR_f3veJ7_8Xy08-Ip5bu2M1FidCCWw8c53dBYiuErlN3CaWTlz-lw3iYGxUbwRtdfQU0Oajry01UjWSvhk2xisfAmlR_pIpXM3pXZSTqFtOMznFlIt7JCC5rlISA-pJoxKSciGPH3U0greDZGEjHuqjBmESNFSTZA3rIp-vprhSthReQOhvrFfmwgVuFN0QEUcPlrBEylomcS-d6dbz439cdDzeHNAijP.af8k3mEcsOiBWy-mOIJj7QjTLzEg36zG5laRBr_fra8&dib_tag=se&keywords=eco+friendly+cleaning+products&qid=1741332468&sr=8-13,16.99,https://m.media-amazon.com/images/I/71GkuHA-VIL._AC_UL320_.jpg,"ecolulu eco friendly toilet brush, 2 pack wood toilet brush made of beechwood, strong hemp bristles with 360° cleaning power, biodegradable zero waste eco friendly products","['biodegradable', 'zero waste', 'eco friendly']",8,Strong,Likely Product,Sustainable
"Scrub Sponges (30-Pack), Eco-Friendly, All-Purpose Household Natural Loofah Sponges, for Dishes, Cleaning, Biodegradable, Non-Scratch",4.2,492,500+ bought in past month,https://www.amazon.com/Scrub-Throw-Eco-Friendly-All-Purpose-Biodegradable/dp/B09T4JS8LV/ref=sr_1_14?dib=eyJ2IjoiMSJ9.GBJnUoCqP2Z1ChOttOdnYL2yDVT4f079k0Gv62JgoH-UO1r-8dG8iRfFzK_fGAIi84HQV3iIO2pQyKU3vxIhsjuaoZ5VXIJtStKqiOgRfWIQ2zvIBitaD6MpOILQ3ELhXV4cK45VDRd5NwiAFGZiLW9WOR-o1BLSnimT7ecLKEHNWt4S5JEhRMNpg1xIPPGbMEDD9YoPo6ouKKFUAFNa_Hjewju8f3FR_f3veJ7_8Xy08-Ip5bu2M1FidCCWw8c53dBYiuErlN3CaWTlz-lw3iYGxUbwRtdfQU0Oajry01UjWSvhk2xisfAmlR_pIpXM3pXZSTqFtOMznFlIt7JCC5rlISA-pJoxKSciGPH3U0greDZGEjHuqjBmESNFSTZA3rIp-vprhSthReQOhvrFfmwgVuFN0QEUcPlrBEylomcS-d6dbz439cdDzeHNAijP.af8k3mEcsOiBWy-mOIJj7QjTLzEg36zG5laRBr_fra8&dib_tag=se&keywords=eco+friendly+cleaning+products&qid=1741332468&sr=8-14,19.99,https://m.media-amazon.com/images/I/71kmKutm1JL._AC_UL320_.jpg,"scrub sponges (30-pack), eco-friendly, all-purpose household natural loofah sponges, for dishes, cleaning, biodegradable, non-scratch","['biodegradable', 'eco-friendly', 'natural']",6,Strong,Likely Product,Sustainable
"SmartLifeco Biodegradable Dental Floss Picks - Plant Based Handle, Thin Thread Tooth Flossers for Adults & Kids, Eco Friendly Toothpick Soft on Gum & Teeth, Compostable Zero Waste Vegan, 1 Bag - 50pk",4.7,5101,1K+ bought in past month,https://www.amazon.com/SmartLifeco-Biodegradable-Dental-Floss-Picks/dp/B0D94YG9RS/ref=sr_1_15?dib=eyJ2IjoiMSJ9.GBJnUoCqP2Z1ChOttOdnYL2yDVT4f079k0Gv62JgoH-UO1r-8dG8iRfFzK_fGAIi84HQV3iIO2pQyKU3vxIhsjuaoZ5VXIJtStKqiOgRfWIQ2zvIBitaD6MpOILQ3ELhXV4cK45VDRd5NwiAFGZiLW9WOR-o1BLSnimT7ecLKEHNWt4S5JEhRMNpg1xIPPGbMEDD9YoPo6ouKKFUAFNa_Hjewju8f3FR_f3veJ7_8Xy08-Ip5bu2M1FidCCWw8c53dBYiuErlN3CaWTlz-lw3iYGxUbwRtdfQU0Oajry01UjWSvhk2xisfAmlR_pIpXM3pXZSTqFtOMznFlIt7JCC5rlISA-pJoxKSciGPH3U0greDZGEjHuqjBmESNFSTZA3rIp-vprhSthReQOhvrFfmwgVuFN0QEUcPlrBEylomcS-d6dbz439cdDzeHNAijP.af8k3mEcsOiBWy-mOIJj7QjTLzEg36zG5laRBr_fra8&dib_tag=se&keywords=eco+friendly+cleaning+products&qid=1741332468&sr=8-15,5.49,https://m.media-amazon.com/images/I/71lu5G7-OxL._AC_UL320_.jpg,"smartlifeco biodegradable dental floss picks - plant based handle, thin thread tooth flossers for adults & kids, eco friendly toothpick soft on gum & teeth, compostable zero waste vegan, 1 bag - 50pk","['biodegradable', 'compostable', 'zero waste', 'eco friendly', 'plant based', 'vegan']",14,Strong,Likely Product,Sustainable
"BLUELAND Foaming Hand Soap Refill Tablets, 4-Pack, Variety Scents, Eco Friendly Cleaning Products, 4 x 9 Fl oz",4.4,2023,4K+ bought in past month,https://www.amazon.com/BLUELAND-Foaming-Hand-Tablet-Refills/dp/B0C1MQV7SF/ref=sr_1_16?dib=eyJ2IjoiMSJ9.GBJnUoCqP2Z1ChOttOdnYL2yDVT4f079k0Gv62JgoH-UO1r-8dG8iRfFzK_fGAIi84HQV3iIO2pQyKU3vxIhsjuaoZ5VXIJtStKqiOgRfWIQ2zvIBitaD6MpOILQ3ELhXV4cK45VDRd5NwiAFGZiLW9WOR-o1BLSnimT7ecLKEHNWt4S5JEhRMNpg1xIPPGbMEDD9YoPo6ouKKFUAFNa_Hjewju8f3FR_f3veJ7_8Xy08-Ip5bu2M1FidCCWw8c53dBYiuErlN3CaWTlz-lw3iYGxUbwRtdfQU0Oajry01UjWSvhk2xisfAmlR_pIpXM3pXZSTqFtOMznFlIt7JCC5rlISA-pJoxKSciGPH3U0greDZGEjHuqjBmESNFSTZA3rIp-vprhSthReQOhvrFfmwgVuFN0QEUcPlrBEylomcS-d6dbz439cdDzeHNAijP.af8k3mEcsOiBWy-mOIJj7QjTLzEg36zG5laRBr_fra8&dib_tag=se&keywords=eco+friendly+cleaning+products&qid=1741332468&sr=8-16,9.99,https://m.media-amazon.com/images/I/71PiVBPpsSL._AC_UL320_.jpg,"blueland foaming hand soap refill tablets, 4-pack, variety scents, eco friendly cleaning products, 4 x 9 fl oz",['eco friendly'],2,Low,Likely Product,Not Sustainable
Natural Sponges for Dishes 12 Pack - Keep Soap Biodegradable Kitchen Sponge Compostable Coconut Scrubber - Eco Friendly Cleaning Sponges,4.7,139,700+ bought in past month,https://www.amazon.com/Natural-Sponges-Dishes-Pack-Biodegradable/dp/B0CPM1ZYS4/ref=sr_1_17?dib=eyJ2IjoiMSJ9.GBJnUoCqP2Z1ChOttOdnYL2yDVT4f079k0Gv62JgoH-UO1r-8dG8iRfFzK_fGAIi84HQV3iIO2pQyKU3vxIhsjuaoZ5VXIJtStKqiOgRfWIQ2zvIBitaD6MpOILQ3ELhXV4cK45VDRd5NwiAFGZiLW9WOR-o1BLSnimT7ecLKEHNWt4S5JEhRMNpg1xIPPGbMEDD9YoPo6ouKKFUAFNa_Hjewju8f3FR_f3veJ7_8Xy08-Ip5bu2M1FidCCWw8c53dBYiuErlN3CaWTlz-lw3iYGxUbwRtdfQU0Oajry01UjWSvhk2xisfAmlR_pIpXM3pXZSTqFtOMznFlIt7JCC5rlISA-pJoxKSciGPH3U0greDZGEjHuqjBmESNFSTZA3rIp-vprhSthReQOhvrFfmwgVuFN0QEUcPlrBEylomcS-d6dbz439cdDzeHNAijP.af8k3mEcsOiBWy-mOIJj7QjTLzEg36zG5laRBr_fra8&dib_tag=se&keywords=eco+friendly+cleaning+products&qid=1741332468&sr=8-17,13.99,https://m.media-amazon.com/images/I/81N6wGdmqfL._AC_UL320_.jpg,natural sponges for dishes 12 pack - keep soap biodegradable kitchen sponge compostable coconut scrubber - eco friendly cleaning sponges,"['biodegradable', 'compostable', 'eco friendly', 'natural']",9,Strong,Likely Product,Sustainable
"Truly Free All-In-One Kitchen Cleaning Supplies Bundle, 9-Item Natural and Organic Cleaning Supplies Set, Home Cleaning Kit with Pet Safe Products, Plant Based Cleaning Products",4.0,27,50+ bought in past month,https://www.amazon.com/Truly-Free-Cleaning-Chemical-everything/dp/B0C3J9PX3F/ref=sr_1_18?dib=eyJ2IjoiMSJ9.GBJnUoCqP2Z1ChOttOdnYL2yDVT4f079k0Gv62JgoH-UO1r-8dG8iRfFzK_fGAIi84HQV3iIO2pQyKU3vxIhsjuaoZ5VXIJtStKqiOgRfWIQ2zvIBitaD6MpOILQ3ELhXV4cK45VDRd5NwiAFGZiLW9WOR-o1BLSnimT7ecLKEHNWt4S5JEhRMNpg1xIPPGbMEDD9YoPo6ouKKFUAFNa_Hjewju8f3FR_f3veJ7_8Xy08-Ip5bu2M1FidCCWw8c53dBYiuErlN3CaWTlz-lw3iYGxUbwRtdfQU0Oajry01UjWSvhk2xisfAmlR_pIpXM3pXZSTqFtOMznFlIt7JCC5rlISA-pJoxKSciGPH3U0greDZGEjHuqjBmESNFSTZA3rIp-vprhSthReQOhvrFfmwgVuFN0QEUcPlrBEylomcS-d6dbz439cdDzeHNAijP.af8k3mEcsOiBWy-mOIJj7QjTLzEg36zG5laRBr_fra8&dib_tag=se&keywords=eco+friendly+cleaning+products&qid=1741332468&sr=8-18,88.99,https://m.media-amazon.com/images/I/61Nns-rCsLL._AC_UL320_.jpg,"truly free all-in-one kitchen cleaning supplies bundle, 9-item natural and organic cleaning supplies set, home cleaning kit with pet safe products, plant based cleaning products","['organic', 'plant based', 'natural']",5,Moderate,Likely Product,Potentially Sustainable
"Bamboo Dish Brush Set, Complete Sustainable & Compostable Sponge and Scrubber Set, Eco Friendly Cleaning Products, Bamboo Cleaning Brush, Wooden Kitchen Scrub Brush for Dishes, Dish Brush Set",4.2,117,50+ bought in past month,https://www.amazon.com/Complete-Sustainable-Compostable-Scrubber-Friendly/dp/B09MPTG6MJ/ref=sr_1_19?dib=eyJ2IjoiMSJ9.GBJnUoCqP2Z1ChOttOdnYL2yDVT4f079k0Gv62JgoH-UO1r-8dG8iRfFzK_fGAIi84HQV3iIO2pQyKU3vxIhsjuaoZ5VXIJtStKqiOgRfWIQ2zvIBitaD6MpOILQ3ELhXV4cK45VDRd5NwiAFGZiLW9WOR-o1BLSnimT7ecLKEHNWt4S5JEhRMNpg1xIPPGbMEDD9YoPo6ouKKFUAFNa_Hjewju8f3FR_f3veJ7_8Xy08-Ip5bu2M1FidCCWw8c53dBYiuErlN3CaWTlz-lw3iYGxUbwRtdfQU0Oajry01UjWSvhk2xisfAmlR_pIpXM3pXZSTqFtOMznFlIt7JCC5rlISA-pJoxKSciGPH3U0greDZGEjHuqjBmESNFSTZA3rIp-vprhSthReQOhvrFfmwgVuFN0QEUcPlrBEylomcS-d6dbz439cdDzeHNAijP.af8k3mEcsOiBWy-mOIJj7QjTLzEg36zG5laRBr_fra8&dib_tag=se&keywords=eco+friendly+cleaning+products&qid=1741332468&sr=8-19,17.98,https://m.media-amazon.com/images/I/A1mfVtT8TAL._AC_UL320_.jpg,"bamboo dish brush set, complete sustainable & compostable sponge and scrubber set, eco friendly cleaning products, bamboo cleaning brush, wooden kitchen scrub brush for dishes, dish brush set","['compostable', 'sustainable', 'eco friendly', 'bamboo']",8,Strong,Likely Product,Sustainable
"Lucomb Swedish Dishcloths for Kitchen Dishes, 8 Pack Reusable Cleaning Cloths Replace Paper Towels Swedish Towels Cleaning Rags Eco Friendly Biodegradable for Home Office Wipes",4.7,4368,500+ bought in past month,https://www.amazon.com/Lucomb-Dishcloths-Reusable-Cleaning-Biodegradable/dp/B0CC99HWBG/ref=sr_1_20?dib=eyJ2IjoiMSJ9.GBJnUoCqP2Z1ChOttOdnYL2yDVT4f079k0Gv62JgoH-UO1r-8dG8iRfFzK_fGAIi84HQV3iIO2pQyKU3vxIhsjuaoZ5VXIJtStKqiOgRfWIQ2zvIBitaD6MpOILQ3ELhXV4cK45VDRd5NwiAFGZiLW9WOR-o1BLSnimT7ecLKEHNWt4S5JEhRMNpg1xIPPGbMEDD9YoPo6ouKKFUAFNa_Hjewju8f3FR_f3veJ7_8Xy08-Ip5bu2M1FidCCWw8c53dBYiuErlN3CaWTlz-lw3iYGxUbwRtdfQU0Oajry01UjWSvhk2xisfAmlR_pIpXM3pXZSTqFtOMznFlIt7JCC5rlISA-pJoxKSciGPH3U0greDZGEjHuqjBmESNFSTZA3rIp-vprhSthReQOhvrFfmwgVuFN0QEUcPlrBEylomcS-d6dbz439cdDzeHNAijP.af8k3mEcsOiBWy-mOIJj7QjTLzEg36zG5laRBr_fra8&dib_tag=se&keywords=eco+friendly+cleaning+products&qid=1741332468&sr=8-20,13.99,https://m.media-amazon.com/images/I/81F20rnzUZL._AC_UL320_.jpg,"lucomb swedish dishcloths for kitchen dishes, 8 pack reusable cleaning cloths replace paper towels swedish towels cleaning rags eco friendly biodegradable for home office wipes","['biodegradable', 'reusable', 'eco friendly']",8,Strong,Likely Product,Sustainable
"FIXSMITH Microfiber Cleaning Cloth, 50 Pack Cleaning Rags, Cleaning Towels for Housekeeping, Kitchen, Car, Lint-Free, Reusable Shop Towels with 5 Colors (Green/Blue/Yellow/Orange/Pink), 12""X12""",4.5,16208,200+ bought in past month,https://www.amazon.com/FIXSMITH-Microfiber-Cleaning-Housekeeping-Lint-Free/dp/B0CXHX237G/ref=sr_1_25?dib=eyJ2IjoiMSJ9.GBJnUoCqP2Z1ChOttOdnYL2yDVT4f079k0Gv62JgoH-UO1r-8dG8iRfFzK_fGAIi84HQV3iIO2pQyKU3vxIhsjuaoZ5VXIJtStKqiOgRfWIQ2zvIBitaD6MpOILQ3ELhXV4cK45VDRd5NwiAFGZiLW9WOR-o1BLSnimT7ecLKEHNWt4S5JEhRMNpg1xIPPGbMEDD9YoPo6ouKKFUAFNa_Hjewju8f3FR_f3veJ7_8Xy08-Ip5bu2M1FidCCWw8c53dBYiuErlN3CaWTlz-lw3iYGxUbwRtdfQU0Oajry01UjWSvhk2xisfAmlR_pIpXM3pXZSTqFtOMznFlIt7JCC5rlISA-pJoxKSciGPH3U0greDZGEjHuqjBmESNFSTZA3rIp-vprhSthReQOhvrFfmwgVuFN0QEUcPlrBEylomcS-d6dbz439cdDzeHNAijP.af8k3mEcsOiBWy-mOIJj7QjTLzEg36zG5laRBr_fra8&dib_tag=se&keywords=eco+friendly+cleaning+products&qid=1741332468&sr=8-25,18.99,https://m.media-amazon.com/images/I/91cjiqwssIL._AC_UL320_.jpg,"fixsmith microfiber cleaning cloth, 50 pack cleaning rags, cleaning towels for housekeeping, kitchen, car, lint-free, reusable shop towels with 5 colors (green/blue/yellow/orange/pink), 12""x12""",['reusable'],3,Moderate,Likely Product,Potentially Sustainable
"6 Pack Natural Kitchen Sponges, Compostable White Cellulose & Organic Coconut Scrubber Sponge for Washing Dishes, Kind Eco Friendly Non-Scratch & Biodegradable Dish Sponges",4.6,169,1K+ bought in past month,https://www.amazon.com/Pack-Compostable-Cellulose-Non-Scratch-Biodegradable/dp/B0D2LSL2Z9/ref=sr_1_26?dib=eyJ2IjoiMSJ9.GBJnUoCqP2Z1ChOttOdnYL2yDVT4f079k0Gv62JgoH-UO1r-8dG8iRfFzK_fGAIi84HQV3iIO2pQyKU3vxIhsjuaoZ5VXIJtStKqiOgRfWIQ2zvIBitaD6MpOILQ3ELhXV4cK45VDRd5NwiAFGZiLW9WOR-o1BLSnimT7ecLKEHNWt4S5JEhRMNpg1xIPPGbMEDD9YoPo6ouKKFUAFNa_Hjewju8f3FR_f3veJ7_8Xy08-Ip5bu2M1FidCCWw8c53dBYiuErlN3CaWTlz-lw3iYGxUbwRtdfQU0Oajry01UjWSvhk2xisfAmlR_pIpXM3pXZSTqFtOMznFlIt7JCC5rlISA-pJoxKSciGPH3U0greDZGEjHuqjBmESNFSTZA3rIp-vprhSthReQOhvrFfmwgVuFN0QEUcPlrBEylomcS-d6dbz439cdDzeHNAijP.af8k3mEcsOiBWy-mOIJj7QjTLzEg36zG5laRBr_fra8&dib_tag=se&keywords=eco+friendly+cleaning+products&qid=1741332468&sr=8-26,7.99,https://m.media-amazon.com/images/I/910poEibyxL._AC_UL320_.jpg,"6 pack natural kitchen sponges, compostable white cellulose & organic coconut scrubber sponge for washing dishes, kind eco friendly non-scratch & biodegradable dish sponges","['biodegradable', 'compostable', 'eco friendly', 'organic', 'natural']",11,Strong,Likely Product,Sustainable
All-Natural Wooden Scrub Brush Set | Wooden Handle | Palmyra Bristle Brush for Cleaning | Eco Friendly Cleaning Products | Scrub Brush Set of 2,4.6,145,100+ bought in past month,https://www.amazon.com/Naturolic-All-Natural-bristles-Friendly-Cleaning/dp/B0B5S42TDZ/ref=sr_1_27?dib=eyJ2IjoiMSJ9.GBJnUoCqP2Z1ChOttOdnYL2yDVT4f079k0Gv62JgoH-UO1r-8dG8iRfFzK_fGAIi84HQV3iIO2pQyKU3vxIhsjuaoZ5VXIJtStKqiOgRfWIQ2zvIBitaD6MpOILQ3ELhXV4cK45VDRd5NwiAFGZiLW9WOR-o1BLSnimT7ecLKEHNWt4S5JEhRMNpg1xIPPGbMEDD9YoPo6ouKKFUAFNa_Hjewju8f3FR_f3veJ7_8Xy08-Ip5bu2M1FidCCWw8c53dBYiuErlN3CaWTlz-lw3iYGxUbwRtdfQU0Oajry01UjWSvhk2xisfAmlR_pIpXM3pXZSTqFtOMznFlIt7JCC5rlISA-pJoxKSciGPH3U0greDZGEjHuqjBmESNFSTZA3rIp-vprhSthReQOhvrFfmwgVuFN0QEUcPlrBEylomcS-d6dbz439cdDzeHNAijP.af8k3mEcsOiBWy-mOIJj7QjTLzEg36zG5laRBr_fra8&dib_tag=se&keywords=eco+friendly+cleaning+products&qid=1741332468&sr=8-27,17.99,https://m.media-amazon.com/images/I/71DNGRZCN-L._AC_UL320_.jpg,all-natural wooden scrub brush set | wooden handle | palmyra bristle brush for cleaning | eco friendly cleaning products | scrub brush set of 2,"['eco friendly', 'natural']",3,Moderate,Likely Product,Potentially Sustainable
"The Honest Company Plant-Based Flushable Wipes | 99% Water, Hypoallergenic, EWG Verified, Safe to Flush | Fragrance Free, 336 Count",4.5,794,10K+ bought in past month,https://www.amazon.com/Honest-Company-Plant-Based-Flushable-Hypoallergenic/dp/B0C9H2F7PV/ref=sr_1_28?dib=eyJ2IjoiMSJ9.GBJnUoCqP2Z1ChOttOdnYL2yDVT4f079k0Gv62JgoH-UO1r-8dG8iRfFzK_fGAIi84HQV3iIO2pQyKU3vxIhsjuaoZ5VXIJtStKqiOgRfWIQ2zvIBitaD6MpOILQ3ELhXV4cK45VDRd5NwiAFGZiLW9WOR-o1BLSnimT7ecLKEHNWt4S5JEhRMNpg1xIPPGbMEDD9YoPo6ouKKFUAFNa_Hjewju8f3FR_f3veJ7_8Xy08-Ip5bu2M1FidCCWw8c53dBYiuErlN3CaWTlz-lw3iYGxUbwRtdfQU0Oajry01UjWSvhk2xisfAmlR_pIpXM3pXZSTqFtOMznFlIt7JCC5rlISA-pJoxKSciGPH3U0greDZGEjHuqjBmESNFSTZA3rIp-vprhSthReQOhvrFfmwgVuFN0QEUcPlrBEylomcS-d6dbz439cdDzeHNAijP.af8k3mEcsOiBWy-mOIJj7QjTLzEg36zG5laRBr_fra8&dib_tag=se&keywords=eco+friendly+cleaning+products&qid=1741332468&sr=8-28,17.99,https://m.media-amazon.com/images/I/811J43oKO6L._AC_UL320_.jpg,"the honest company plant-based flushable wipes | 99% water, hypoallergenic, ewg verified, safe to flush | fragrance free, 336 count",['plant-based'],2,Low,Likely Product,Not Sustainable
"6 Layer Fleece Duster Refills for Swiffer Hand Duster, Zero Waste, Reusable and Washable Replacement Dusters for Cleaning Ceiling Fan Hardwoods (6 Pack-Multicolour-A)",4.5,161,50+ bought in past month,https://www.amazon.com/Reusable-Washable-Replacement-Hardwoods-Pack-Multicolour/dp/B0CMLNRVT3/ref=sr_1_33?dib=eyJ2IjoiMSJ9.GBJnUoCqP2Z1ChOttOdnYL2yDVT4f079k0Gv62JgoH-UO1r-8dG8iRfFzK_fGAIi84HQV3iIO2pQyKU3vxIhsjuaoZ5VXIJtStKqiOgRfWIQ2zvIBitaD6MpOILQ3ELhXV4cK45VDRd5NwiAFGZiLW9WOR-o1BLSnimT7ecLKEHNWt4S5JEhRMNpg1xIPPGbMEDD9YoPo6ouKKFUAFNa_Hjewju8f3FR_f3veJ7_8Xy08-Ip5bu2M1FidCCWw8c53dBYiuErlN3CaWTlz-lw3iYGxUbwRtdfQU0Oajry01UjWSvhk2xisfAmlR_pIpXM3pXZSTqFtOMznFlIt7JCC5rlISA-pJoxKSciGPH3U0greDZGEjHuqjBmESNFSTZA3rIp-vprhSthReQOhvrFfmwgVuFN0QEUcPlrBEylomcS-d6dbz439cdDzeHNAijP.af8k3mEcsOiBWy-mOIJj7QjTLzEg36zG5laRBr_fra8&dib_tag=se&keywords=eco+friendly+cleaning+products&qid=1741332468&sr=8-33,13.99,https://m.media-amazon.com/images/I/71et3onJIqL._AC_UL320_.jpg,"6 layer fleece duster refills for swiffer hand duster, zero waste, reusable and washable replacement dusters for cleaning ceiling fan hardwoods (6 pack-multicolour-a)","['zero waste', 'reusable', 'washable']",7,Strong,Likely Product,Sustainable
"ECOLULU Natural Bamboo Dish Brush & Wood Bottle Brush for Wide Mouth Bottles, Cups and Jars, 2 Replacement Heads included (4 units total) Biodegradable, Eco Friendly Products",4.5,191,50+ bought in past month,https://www.amazon.com/Replacement-included-Biodegradable-Friendly-Products/dp/B08D9SB118/ref=sr_1_34?dib=eyJ2IjoiMSJ9.GBJnUoCqP2Z1ChOttOdnYL2yDVT4f079k0Gv62JgoH-UO1r-8dG8iRfFzK_fGAIi84HQV3iIO2pQyKU3vxIhsjuaoZ5VXIJtStKqiOgRfWIQ2zvIBitaD6MpOILQ3ELhXV4cK45VDRd5NwiAFGZiLW9WOR-o1BLSnimT7ecLKEHNWt4S5JEhRMNpg1xIPPGbMEDD9YoPo6ouKKFUAFNa_Hjewju8f3FR_f3veJ7_8Xy08-Ip5bu2M1FidCCWw8c53dBYiuErlN3CaWTlz-lw3iYGxUbwRtdfQU0Oajry01UjWSvhk2xisfAmlR_pIpXM3pXZSTqFtOMznFlIt7JCC5rlISA-pJoxKSciGPH3U0greDZGEjHuqjBmESNFSTZA3rIp-vprhSthReQOhvrFfmwgVuFN0QEUcPlrBEylomcS-d6dbz439cdDzeHNAijP.af8k3mEcsOiBWy-mOIJj7QjTLzEg36zG5laRBr_fra8&dib_tag=se&keywords=eco+friendly+cleaning+products&qid=1741332468&sr=8-34,17.99,https://m.media-amazon.com/images/I/61+28brfeKL._AC_UL320_.jpg,"ecolulu natural bamboo dish brush & wood bottle brush for wide mouth bottles, cups and jars, 2 replacement heads included (4 units total) biodegradable, eco friendly products","['biodegradable', 'eco friendly', 'bamboo', 'natural']",7,Strong,Likely Product,Sustainable
"Naeterra Aromatherapy Cleaning Concentrate 64 oz makes 24 Gallons of Natural, Eco-Friendly Multi-Surface Cleaner loaded with Essential Oils – Non-Toxic, Synthetic Free Powerful & Refreshing Clean",4.5,500,50+ bought in past month,https://www.amazon.com/Makes-Gallons-Aromatherapy-Concentrate-Eucalyptus/dp/B086RS9H7Y/ref=sr_1_35?dib=eyJ2IjoiMSJ9.GBJnUoCqP2Z1ChOttOdnYL2yDVT4f079k0Gv62JgoH-UO1r-8dG8iRfFzK_fGAIi84HQV3iIO2pQyKU3vxIhsjuaoZ5VXIJtStKqiOgRfWIQ2zvIBitaD6MpOILQ3ELhXV4cK45VDRd5NwiAFGZiLW9WOR-o1BLSnimT7ecLKEHNWt4S5JEhRMNpg1xIPPGbMEDD9YoPo6ouKKFUAFNa_Hjewju8f3FR_f3veJ7_8Xy08-Ip5bu2M1FidCCWw8c53dBYiuErlN3CaWTlz-lw3iYGxUbwRtdfQU0Oajry01UjWSvhk2xisfAmlR_pIpXM3pXZSTqFtOMznFlIt7JCC5rlISA-pJoxKSciGPH3U0greDZGEjHuqjBmESNFSTZA3rIp-vprhSthReQOhvrFfmwgVuFN0QEUcPlrBEylomcS-d6dbz439cdDzeHNAijP.af8k3mEcsOiBWy-mOIJj7QjTLzEg36zG5laRBr_fra8&dib_tag=se&keywords=eco+friendly+cleaning+products&qid=1741332468&sr=8-35,59.95,https://m.media-amazon.com/images/I/61vJPnd9G7L._AC_UL320_.jpg,"naeterra aromatherapy cleaning concentrate 64 oz makes 24 gallons of natural, eco-friendly multi-surface cleaner loaded with essential oils – non-toxic, synthetic free powerful & refreshing clean","['eco-friendly', 'natural']",3,Moderate,Likely Product,Potentially Sustainable
"All-Natural Grout Brush Set | Grout Cleaner Tool for Tile, Shower, and Bathtub | Works as a Grout Scrubber, Grout Cleaning Brush, and Tile and Grout Cleaner | Eco Friendly Cleaning",4.4,19,50+ bought in past month,https://www.amazon.com/All-Natural-Cleaner-Scrubber-Cleaning-Friendly/dp/B0DR63H656/ref=sr_1_36?dib=eyJ2IjoiMSJ9.GBJnUoCqP2Z1ChOttOdnYL2yDVT4f079k0Gv62JgoH-UO1r-8dG8iRfFzK_fGAIi84HQV3iIO2pQyKU3vxIhsjuaoZ5VXIJtStKqiOgRfWIQ2zvIBitaD6MpOILQ3ELhXV4cK45VDRd5NwiAFGZiLW9WOR-o1BLSnimT7ecLKEHNWt4S5JEhRMNpg1xIPPGbMEDD9YoPo6ouKKFUAFNa_Hjewju8f3FR_f3veJ7_8Xy08-Ip5bu2M1FidCCWw8c53dBYiuErlN3CaWTlz-lw3iYGxUbwRtdfQU0Oajry01UjWSvhk2xisfAmlR_pIpXM3pXZSTqFtOMznFlIt7JCC5rlISA-pJoxKSciGPH3U0greDZGEjHuqjBmESNFSTZA3rIp-vprhSthReQOhvrFfmwgVuFN0QEUcPlrBEylomcS-d6dbz439cdDzeHNAijP.af8k3mEcsOiBWy-mOIJj7QjTLzEg36zG5laRBr_fra8&dib_tag=se&keywords=eco+friendly+cleaning+products&qid=1741332468&sr=8-36,12.49,https://m.media-amazon.com/images/I/410WWFOlgSL._AC_UL320_.jpg,"all-natural grout brush set | grout cleaner tool for tile, shower, and bathtub | works as a grout scrubber, grout cleaning brush, and tile and grout cleaner | eco friendly cleaning","['eco friendly', 'natural']",3,Moderate,Likely Product,Potentially Sustainable
"Bottle Brush Set - Ergonomic & Plastic Free Bamboo Bottle Brush, All in One Bottle And Straw Brush Cleaning Set, Sturdy Eco Friendly Water Bottle Cleaner Brush Set, Great Baby Bottle Cleaner Brush Set",4.4,79,200+ bought in past month,https://www.amazon.com/Cleaning-Brushes-Tumbler-Bottles-Bristles/dp/B0B7521N73/ref=sr_1_41?dib=eyJ2IjoiMSJ9.GBJnUoCqP2Z1ChOttOdnYL2yDVT4f079k0Gv62JgoH-UO1r-8dG8iRfFzK_fGAIi84HQV3iIO2pQyKU3vxIhsjuaoZ5VXIJtStKqiOgRfWIQ2zvIBitaD6MpOILQ3ELhXV4cK45VDRd5NwiAFGZiLW9WOR-o1BLSnimT7ecLKEHNWt4S5JEhRMNpg1xIPPGbMEDD9YoPo6ouKKFUAFNa_Hjewju8f3FR_f3veJ7_8Xy08-Ip5bu2M1FidCCWw8c53dBYiuErlN3CaWTlz-lw3iYGxUbwRtdfQU0Oajry01UjWSvhk2xisfAmlR_pIpXM3pXZSTqFtOMznFlIt7JCC5rlISA-pJoxKSciGPH3U0greDZGEjHuqjBmESNFSTZA3rIp-vprhSthReQOhvrFfmwgVuFN0QEUcPlrBEylomcS-d6dbz439cdDzeHNAijP.af8k3mEcsOiBWy-mOIJj7QjTLzEg36zG5laRBr_fra8&dib_tag=se&keywords=eco+friendly+cleaning+products&qid=1741332468&sr=8-41,20.98,https://m.media-amazon.com/images/I/71Pzz8uHomL._AC_UL320_.jpg,"bottle brush set - ergonomic & plastic free bamboo bottle brush, all in one bottle and straw brush cleaning set, sturdy eco friendly water bottle cleaner brush set, great baby bottle cleaner brush set","['plastic free', 'eco friendly', 'bamboo']",6,Strong,Likely Product,Sustainable
"AIDEA Non Scratch Scrub Sponge, 24Count, Natural Sponges for Non Stick Cookware, Sponges Kitchen, Cellulose Sponges for Dishes, Cleaning Sponge for Kitchen, Bathroom, Household",4.2,16033,2K+ bought in past month,https://www.amazon.com/AIDEA-Non-Scratch-Sponge-24Count-Non-Stick-Cellulose/dp/B0CB84MVNC/ref=sr_1_42?dib=eyJ2IjoiMSJ9.GBJnUoCqP2Z1ChOttOdnYL2yDVT4f079k0Gv62JgoH-UO1r-8dG8iRfFzK_fGAIi84HQV3iIO2pQyKU3vxIhsjuaoZ5VXIJtStKqiOgRfWIQ2zvIBitaD6MpOILQ3ELhXV4cK45VDRd5NwiAFGZiLW9WOR-o1BLSnimT7ecLKEHNWt4S5JEhRMNpg1xIPPGbMEDD9YoPo6ouKKFUAFNa_Hjewju8f3FR_f3veJ7_8Xy08-Ip5bu2M1FidCCWw8c53dBYiuErlN3CaWTlz-lw3iYGxUbwRtdfQU0Oajry01UjWSvhk2xisfAmlR_pIpXM3pXZSTqFtOMznFlIt7JCC5rlISA-pJoxKSciGPH3U0greDZGEjHuqjBmESNFSTZA3rIp-vprhSthReQOhvrFfmwgVuFN0QEUcPlrBEylomcS-d6dbz439cdDzeHNAijP.af8k3mEcsOiBWy-mOIJj7QjTLzEg36zG5laRBr_fra8&dib_tag=se&keywords=eco+friendly+cleaning+products&qid=1741332468&sr=8-42,12.99,https://m.media-amazon.com/images/I/81LxAuBM72L._AC_UL320_.jpg,"aidea non scratch scrub sponge, 24count, natural sponges for non stick cookware, sponges kitchen, cellulose sponges for dishes, cleaning sponge for kitchen, bathroom, household",['natural'],1,Low,Likely Product,Not Sustainable
"Bamboo Cotton Swabs - 500 Count - FSC Certified and PETA Approved, Eco Friendly Double Tips, Plastic Free Ear Sticks, All Natural 100% Biodegradable Organic Cotton buds by Isshah",4.5,2817,2K+ bought in past month,https://www.amazon.com/Bamboo-Cotton-Swabs-Friendly-Biodegradable/dp/B09DPYR67T/ref=sr_1_43?dib=eyJ2IjoiMSJ9.GBJnUoCqP2Z1ChOttOdnYL2yDVT4f079k0Gv62JgoH-UO1r-8dG8iRfFzK_fGAIi84HQV3iIO2pQyKU3vxIhsjuaoZ5VXIJtStKqiOgRfWIQ2zvIBitaD6MpOILQ3ELhXV4cK45VDRd5NwiAFGZiLW9WOR-o1BLSnimT7ecLKEHNWt4S5JEhRMNpg1xIPPGbMEDD9YoPo6ouKKFUAFNa_Hjewju8f3FR_f3veJ7_8Xy08-Ip5bu2M1FidCCWw8c53dBYiuErlN3CaWTlz-lw3iYGxUbwRtdfQU0Oajry01UjWSvhk2xisfAmlR_pIpXM3pXZSTqFtOMznFlIt7JCC5rlISA-pJoxKSciGPH3U0greDZGEjHuqjBmESNFSTZA3rIp-vprhSthReQOhvrFfmwgVuFN0QEUcPlrBEylomcS-d6dbz439cdDzeHNAijP.af8k3mEcsOiBWy-mOIJj7QjTLzEg36zG5laRBr_fra8&dib_tag=se&keywords=eco+friendly+cleaning+products&qid=1741332468&sr=8-43,8.49,https://m.media-amazon.com/images/I/71pPetxSC-L._AC_UL320_.jpg,"bamboo cotton swabs - 500 count - fsc certified and peta approved, eco friendly double tips, plastic free ear sticks, all natural 100% biodegradable organic cotton buds by isshah","['biodegradable', 'plastic free', 'eco friendly', 'organic', 'fsc certified', 'bamboo', 'natural']",14,Strong,Likely Product,Sustainable
"Akeeko Reusable Beeswax Food Wraps - Assorted 9 Packs, Reusable, Plastic-Free Food Storage, 5 Small, 3 Medium, 1 Large Wraps with Plants and Boho Birds Pattern",4.4,2426,50+ bought in past month,https://www.amazon.com/Reusable-Wraps-Beeswax-Assorted-Packs/dp/B09W19JZTL/ref=sr_1_44?dib=eyJ2IjoiMSJ9.GBJnUoCqP2Z1ChOttOdnYL2yDVT4f079k0Gv62JgoH-UO1r-8dG8iRfFzK_fGAIi84HQV3iIO2pQyKU3vxIhsjuaoZ5VXIJtStKqiOgRfWIQ2zvIBitaD6MpOILQ3ELhXV4cK45VDRd5NwiAFGZiLW9WOR-o1BLSnimT7ecLKEHNWt4S5JEhRMNpg1xIPPGbMEDD9YoPo6ouKKFUAFNa_Hjewju8f3FR_f3veJ7_8Xy08-Ip5bu2M1FidCCWw8c53dBYiuErlN3CaWTlz-lw3iYGxUbwRtdfQU0Oajry01UjWSvhk2xisfAmlR_pIpXM3pXZSTqFtOMznFlIt7JCC5rlISA-pJoxKSciGPH3U0greDZGEjHuqjBmESNFSTZA3rIp-vprhSthReQOhvrFfmwgVuFN0QEUcPlrBEylomcS-d6dbz439cdDzeHNAijP.af8k3mEcsOiBWy-mOIJj7QjTLzEg36zG5laRBr_fra8&dib_tag=se&keywords=eco+friendly+cleaning+products&qid=1741332468&sr=8-44,13.99,https://m.media-amazon.com/images/I/91zyYEd-pSL._AC_UL320_.jpg,"akeeko reusable beeswax food wraps - assorted 9 packs, reusable, plastic-free food storage, 5 small, 3 medium, 1 large wraps with plants and boho birds pattern","['plastic-free', 'reusable']",6,Strong,Likely Product,Sustainable
"Ultimate Cleaning Kit, 7 Piece: Includes 2 Swedish Dishcloths, 2 Cellulose Sponges, 2 Glass Cleaning Microfiber Cloths, 1 Scrubbing Cloth; Eco & Travel Friendly, Cute & Strong Cleaning",4.7,33,50+ bought in past month,https://www.amazon.com/Blumix-Ultimate-Cleaning-Kit-Piece/dp/B0D9HZM93Z/ref=sr_1_45?dib=eyJ2IjoiMSJ9.GBJnUoCqP2Z1ChOttOdnYL2yDVT4f079k0Gv62JgoH-UO1r-8dG8iRfFzK_fGAIi84HQV3iIO2pQyKU3vxIhsjuaoZ5VXIJtStKqiOgRfWIQ2zvIBitaD6MpOILQ3ELhXV4cK45VDRd5NwiAFGZiLW9WOR-o1BLSnimT7ecLKEHNWt4S5JEhRMNpg1xIPPGbMEDD9YoPo6ouKKFUAFNa_Hjewju8f3FR_f3veJ7_8Xy08-Ip5bu2M1FidCCWw8c53dBYiuErlN3CaWTlz-lw3iYGxUbwRtdfQU0Oajry01UjWSvhk2xisfAmlR_pIpXM3pXZSTqFtOMznFlIt7JCC5rlISA-pJoxKSciGPH3U0greDZGEjHuqjBmESNFSTZA3rIp-vprhSthReQOhvrFfmwgVuFN0QEUcPlrBEylomcS-d6dbz439cdDzeHNAijP.af8k3mEcsOiBWy-mOIJj7QjTLzEg36zG5laRBr_fra8&dib_tag=se&keywords=eco+friendly+cleaning+products&qid=1741332468&sr=8-45,8.98,https://m.media-amazon.com/images/I/91kFXZMd0eL._AC_UL320_.jpg,"ultimate cleaning kit, 7 piece: includes 2 swedish dishcloths, 2 cellulose sponges, 2 glass cleaning microfiber cloths, 1 scrubbing cloth; eco & travel friendly, cute & strong cleaning",[],0,Low,Likely Product,Not Sustainable
10 Pack Biodegradable Natural Sponges Kitchen - Compostable Cellulose and Coconut Walnut Scrubber Sponge - Eco Friendly Sponges for Dishes,5.0,3,50+ bought in past month,https://www.amazon.com/Rasket-Biodegradable-Natural-Sponges-Kitchen/dp/B0DKNMPCT6/ref=sr_1_46?dib=eyJ2IjoiMSJ9.GBJnUoCqP2Z1ChOttOdnYL2yDVT4f079k0Gv62JgoH-UO1r-8dG8iRfFzK_fGAIi84HQV3iIO2pQyKU3vxIhsjuaoZ5VXIJtStKqiOgRfWIQ2zvIBitaD6MpOILQ3ELhXV4cK45VDRd5NwiAFGZiLW9WOR-o1BLSnimT7ecLKEHNWt4S5JEhRMNpg1xIPPGbMEDD9YoPo6ouKKFUAFNa_Hjewju8f3FR_f3veJ7_8Xy08-Ip5bu2M1FidCCWw8c53dBYiuErlN3CaWTlz-lw3iYGxUbwRtdfQU0Oajry01UjWSvhk2xisfAmlR_pIpXM3pXZSTqFtOMznFlIt7JCC5rlISA-pJoxKSciGPH3U0greDZGEjHuqjBmESNFSTZA3rIp-vprhSthReQOhvrFfmwgVuFN0QEUcPlrBEylomcS-d6dbz439cdDzeHNAijP.af8k3mEcsOiBWy-mOIJj7QjTLzEg36zG5laRBr_fra8&dib_tag=se&keywords=eco+friendly+cleaning+products&qid=1741332468&sr=8-46,13.99,https://m.media-amazon.com/images/I/91uEI3VZQML._AC_UL320_.jpg,10 pack biodegradable natural sponges kitchen - compostable cellulose and coconut walnut scrubber sponge - eco friendly sponges for dishes,"['biodegradable', 'compostable', 'eco friendly', 'natural']",9,Strong,Likely Product,Sustainable
Nellie's Forever Brush - The Ultimate Sponge-Brush Hybrid for Eco-Friendly Dishwashing - Sustainable Design - Versatile Scrubbing Power - Long-Lasting Handle - Eco-Conscious Kitchen Essential,3.4,32,50+ bought in past month,https://www.amazon.com/Nellies-Forever-Brush-Sponge-Brush-Eco-Conscious/dp/B0CV4JLXRS/ref=sr_1_47?dib=eyJ2IjoiMSJ9.GBJnUoCqP2Z1ChOttOdnYL2yDVT4f079k0Gv62JgoH-UO1r-8dG8iRfFzK_fGAIi84HQV3iIO2pQyKU3vxIhsjuaoZ5VXIJtStKqiOgRfWIQ2zvIBitaD6MpOILQ3ELhXV4cK45VDRd5NwiAFGZiLW9WOR-o1BLSnimT7ecLKEHNWt4S5JEhRMNpg1xIPPGbMEDD9YoPo6ouKKFUAFNa_Hjewju8f3FR_f3veJ7_8Xy08-Ip5bu2M1FidCCWw8c53dBYiuErlN3CaWTlz-lw3iYGxUbwRtdfQU0Oajry01UjWSvhk2xisfAmlR_pIpXM3pXZSTqFtOMznFlIt7JCC5rlISA-pJoxKSciGPH3U0greDZGEjHuqjBmESNFSTZA3rIp-vprhSthReQOhvrFfmwgVuFN0QEUcPlrBEylomcS-d6dbz439cdDzeHNAijP.af8k3mEcsOiBWy-mOIJj7QjTLzEg36zG5laRBr_fra8&dib_tag=se&keywords=eco+friendly+cleaning+products&qid=1741332468&sr=8-47,14.0,https://m.media-amazon.com/images/I/61yP4Arxr1L._AC_UL320_.jpg,nellie's forever brush - the ultimate sponge-brush hybrid for eco-friendly dishwashing - sustainable design - versatile scrubbing power - long-lasting handle - eco-conscious kitchen essential,"['sustainable', 'eco-friendly']",4,Moderate,Likely Product,Potentially Sustainable
"Loofah Natural Kitchen Sponge (5 Pcs), No Scratch Scrubber for Dish Cleaning, 100% Plant Based Vegetable Scrubber, Zero Waste and Eco Friendly Sponge for Kitchen (3 Pcs Oval+2 Pcs Rectangular)",4.3,42,50+ bought in past month,https://www.amazon.com/HONSVA-Scrubbies-Cleaning-Vegetable-Scrubber/dp/B0CN8YDM64/ref=sr_1_48?dib=eyJ2IjoiMSJ9.GBJnUoCqP2Z1ChOttOdnYL2yDVT4f079k0Gv62JgoH-UO1r-8dG8iRfFzK_fGAIi84HQV3iIO2pQyKU3vxIhsjuaoZ5VXIJtStKqiOgRfWIQ2zvIBitaD6MpOILQ3ELhXV4cK45VDRd5NwiAFGZiLW9WOR-o1BLSnimT7ecLKEHNWt4S5JEhRMNpg1xIPPGbMEDD9YoPo6ouKKFUAFNa_Hjewju8f3FR_f3veJ7_8Xy08-Ip5bu2M1FidCCWw8c53dBYiuErlN3CaWTlz-lw3iYGxUbwRtdfQU0Oajry01UjWSvhk2xisfAmlR_pIpXM3pXZSTqFtOMznFlIt7JCC5rlISA-pJoxKSciGPH3U0greDZGEjHuqjBmESNFSTZA3rIp-vprhSthReQOhvrFfmwgVuFN0QEUcPlrBEylomcS-d6dbz439cdDzeHNAijP.af8k3mEcsOiBWy-mOIJj7QjTLzEg36zG5laRBr_fra8&dib_tag=se&keywords=eco+friendly+cleaning+products&qid=1741332468&sr=8-48,10.99,https://m.media-amazon.com/images/I/81bPv2vBYaL._AC_UL320_.jpg,"loofah natural kitchen sponge (5 pcs), no scratch scrubber for dish cleaning, 100% plant based vegetable scrubber, zero waste and eco friendly sponge for kitchen (3 pcs oval+2 pcs rectangular)","['zero waste', 'eco friendly', 'plant based', 'natural']",8,Strong,Likely Product,Sustainable
"Plant Based Kitchen Scouring Pads - Pack of 24 Coconut Husk Non Abrasive Scrubbing Pads - Multipurpose Scrubbies for Dishes - Heavy Duty Dishes, Pan and Pot Scrubbers for Kitchen Non Scratch",4.2,603,500+ bought in past month,https://www.amazon.com/AIRNEX-Plant-Based-Kitchen-Scouring/dp/B09ZLXDS6L/ref=sr_1_49?dib=eyJ2IjoiMSJ9.GBJnUoCqP2Z1ChOttOdnYL2yDVT4f079k0Gv62JgoH-UO1r-8dG8iRfFzK_fGAIi84HQV3iIO2pQyKU3vxIhsjuaoZ5VXIJtStKqiOgRfWIQ2zvIBitaD6MpOILQ3ELhXV4cK45VDRd5NwiAFGZiLW9WOR-o1BLSnimT7ecLKEHNWt4S5JEhRMNpg1xIPPGbMEDD9YoPo6ouKKFUAFNa_Hjewju8f3FR_f3veJ7_8Xy08-Ip5bu2M1FidCCWw8c53dBYiuErlN3CaWTlz-lw3iYGxUbwRtdfQU0Oajry01UjWSvhk2xisfAmlR_pIpXM3pXZSTqFtOMznFlIt7JCC5rlISA-pJoxKSciGPH3U0greDZGEjHuqjBmESNFSTZA3rIp-vprhSthReQOhvrFfmwgVuFN0QEUcPlrBEylomcS-d6dbz439cdDzeHNAijP.af8k3mEcsOiBWy-mOIJj7QjTLzEg36zG5laRBr_fra8&dib_tag=se&keywords=eco+friendly+cleaning+products&qid=1741332468&sr=8-49,13.95,https://m.media-amazon.com/images/I/81ANFTp3l1L._AC_UL320_.jpg,"plant based kitchen scouring pads - pack of 24 coconut husk non abrasive scrubbing pads - multipurpose scrubbies for dishes - heavy duty dishes, pan and pot scrubbers for kitchen non scratch",['plant based'],2,Low,Likely Product,Not Sustainable
"Clean Home Kit,Multi-Surface Cleaner, Starter Set, Reusable Bottles with 24 Foaming Hand Soap Refill Tablets, All-Purpose, Eco-Friendly Cleaning Supplies, 24 x 8 Fl oz",5.0,1,50+ bought in past month,https://www.amazon.com/Multi-Surface-Reusable-All-Purpose-Eco-Friendly-Cleaning/dp/B0DHZS9XW8/ref=sr_1_50?dib=eyJ2IjoiMSJ9.GBJnUoCqP2Z1ChOttOdnYL2yDVT4f079k0Gv62JgoH-UO1r-8dG8iRfFzK_fGAIi84HQV3iIO2pQyKU3vxIhsjuaoZ5VXIJtStKqiOgRfWIQ2zvIBitaD6MpOILQ3ELhXV4cK45VDRd5NwiAFGZiLW9WOR-o1BLSnimT7ecLKEHNWt4S5JEhRMNpg1xIPPGbMEDD9YoPo6ouKKFUAFNa_Hjewju8f3FR_f3veJ7_8Xy08-Ip5bu2M1FidCCWw8c53dBYiuErlN3CaWTlz-lw3iYGxUbwRtdfQU0Oajry01UjWSvhk2xisfAmlR_pIpXM3pXZSTqFtOMznFlIt7JCC5rlISA-pJoxKSciGPH3U0greDZGEjHuqjBmESNFSTZA3rIp-vprhSthReQOhvrFfmwgVuFN0QEUcPlrBEylomcS-d6dbz439cdDzeHNAijP.af8k3mEcsOiBWy-mOIJj7QjTLzEg36zG5laRBr_fra8&dib_tag=se&keywords=eco+friendly+cleaning+products&qid=1741332468&sr=8-50,18.99,https://m.media-amazon.com/images/I/81A8qopWmyL._AC_UL320_.jpg,"clean home kit,multi-surface cleaner, starter set, reusable bottles with 24 foaming hand soap refill tablets, all-purpose, eco-friendly cleaning supplies, 24 x 8 fl oz","['reusable', 'eco-friendly']",5,Moderate,Likely Product,Potentially Sustainable
"EcoTools Makeup Brush Cleansing Pad + Deep Clean Shampoo Bundle, Brush Cleaner Mat & Makeup Brush Cleanser For Deep Cleaning Tools, Clean Formula, Cruelty-Free, & Vegan, 2 Piece Set",4.8,24,1K+ bought in past month,https://www.amazon.com/EcoTools-Cleansing-Cleanser-Cleaning-Cruelty-Free/dp/B08P22K36P/ref=sr_1_51?dib=eyJ2IjoiMSJ9.GBJnUoCqP2Z1ChOttOdnYL2yDVT4f079k0Gv62JgoH-UO1r-8dG8iRfFzK_fGAIi84HQV3iIO2pQyKU3vxIhsjuaoZ5VXIJtStKqiOgRfWIQ2zvIBitaD6MpOILQ3ELhXV4cK45VDRd5NwiAFGZiLW9WOR-o1BLSnimT7ecLKEHNWt4S5JEhRMNpg1xIPPGbMEDD9YoPo6ouKKFUAFNa_Hjewju8f3FR_f3veJ7_8Xy08-Ip5bu2M1FidCCWw8c53dBYiuErlN3CaWTlz-lw3iYGxUbwRtdfQU0Oajry01UjWSvhk2xisfAmlR_pIpXM3pXZSTqFtOMznFlIt7JCC5rlISA-pJoxKSciGPH3U0greDZGEjHuqjBmESNFSTZA3rIp-vprhSthReQOhvrFfmwgVuFN0QEUcPlrBEylomcS-d6dbz439cdDzeHNAijP.af8k3mEcsOiBWy-mOIJj7QjTLzEg36zG5laRBr_fra8&dib_tag=se&keywords=eco+friendly+cleaning+products&qid=1741332468&sr=8-51,18.99,https://m.media-amazon.com/images/I/71gtCZHOouL._AC_UL320_.jpg,"ecotools makeup brush cleansing pad + deep clean shampoo bundle, brush cleaner mat & makeup brush cleanser for deep cleaning tools, clean formula, cruelty-free, & vegan, 2 piece set",['vegan'],1,Low,Likely Product,Not Sustainable
Natural Hemp Sponges for Dishes - Biodegradable Scrubber for dishwashing -Organic Reusable Unsponges Hand Knitted- Eco Friendly 100%-Compostable Set of 3,4.2,597,100+ bought in past month,https://www.amazon.com/Natural-Hemp-Sponges-Dishes-100-Compostable/dp/B07T168RBR/ref=sr_1_52?dib=eyJ2IjoiMSJ9.GBJnUoCqP2Z1ChOttOdnYL2yDVT4f079k0Gv62JgoH-UO1r-8dG8iRfFzK_fGAIi84HQV3iIO2pQyKU3vxIhsjuaoZ5VXIJtStKqiOgRfWIQ2zvIBitaD6MpOILQ3ELhXV4cK45VDRd5NwiAFGZiLW9WOR-o1BLSnimT7ecLKEHNWt4S5JEhRMNpg1xIPPGbMEDD9YoPo6ouKKFUAFNa_Hjewju8f3FR_f3veJ7_8Xy08-Ip5bu2M1FidCCWw8c53dBYiuErlN3CaWTlz-lw3iYGxUbwRtdfQU0Oajry01UjWSvhk2xisfAmlR_pIpXM3pXZSTqFtOMznFlIt7JCC5rlISA-pJoxKSciGPH3U0greDZGEjHuqjBmESNFSTZA3rIp-vprhSthReQOhvrFfmwgVuFN0QEUcPlrBEylomcS-d6dbz439cdDzeHNAijP.af8k3mEcsOiBWy-mOIJj7QjTLzEg36zG5laRBr_fra8&dib_tag=se&keywords=eco+friendly+cleaning+products&qid=1741332468&sr=8-52,17.0,https://m.media-amazon.com/images/I/912Ukzx09SL._AC_UL320_.jpg,natural hemp sponges for dishes - biodegradable scrubber for dishwashing -organic reusable unsponges hand knitted- eco friendly 100%-compostable set of 3,"['biodegradable', 'compostable', 'reusable', 'eco friendly', 'organic', 'natural']",14,Strong,Likely Product,Sustainable
"20 Pack Reusable Paper Towels Washable - Nature Friendly - Organic Cotton Alternative - Thick, Strong, Paperless Kitchen Dish Cloths - Reusable Napkins - Dish Towels - Cloth Napkin - Kitchen Towels",4.4,3274,900+ bought in past month,https://www.amazon.com/Reusable-Alternative-Washable-Paperless-Zerowaste/dp/B07PQ4W45S/ref=sr_1_54?dib=eyJ2IjoiMSJ9.GBJnUoCqP2Z1ChOttOdnYL2yDVT4f079k0Gv62JgoH-UO1r-8dG8iRfFzK_fGAIi84HQV3iIO2pQyKU3vxIhsjuaoZ5VXIJtStKqiOgRfWIQ2zvIBitaD6MpOILQ3ELhXV4cK45VDRd5NwiAFGZiLW9WOR-o1BLSnimT7ecLKEHNWt4S5JEhRMNpg1xIPPGbMEDD9YoPo6ouKKFUAFNa_Hjewju8f3FR_f3veJ7_8Xy08-Ip5bu2M1FidCCWw8c53dBYiuErlN3CaWTlz-lw3iYGxUbwRtdfQU0Oajry01UjWSvhk2xisfAmlR_pIpXM3pXZSTqFtOMznFlIt7JCC5rlISA-pJoxKSciGPH3U0greDZGEjHuqjBmESNFSTZA3rIp-vprhSthReQOhvrFfmwgVuFN0QEUcPlrBEylomcS-d6dbz439cdDzeHNAijP.af8k3mEcsOiBWy-mOIJj7QjTLzEg36zG5laRBr_fra8&dib_tag=se&keywords=eco+friendly+cleaning+products&qid=1741332468&sr=8-54,31.94,https://m.media-amazon.com/images/I/81WV3GCPceL._AC_UL320_.jpg,"20 pack reusable paper towels washable - nature friendly - organic cotton alternative - thick, strong, paperless kitchen dish cloths - reusable napkins - dish towels - cloth napkin - kitchen towels","['reusable', 'organic', 'washable']",6,Strong,Likely Product,Sustainable
"Mother-Earth Cotton Dish Cloths, Ultra Absorbent Quick-Drying Cleaning Cloths, Reusable and Eco-Friendly Dish Rags for Kitchen Use (6)",4.6,41,50+ bought in past month,https://www.amazon.com/Mother-Earth-Absorbent-Quick-Drying-Cleaning-Eco-Friendly/dp/B0D9J6VHVX/ref=sr_1_55?dib=eyJ2IjoiMSJ9.GBJnUoCqP2Z1ChOttOdnYL2yDVT4f079k0Gv62JgoH-UO1r-8dG8iRfFzK_fGAIi84HQV3iIO2pQyKU3vxIhsjuaoZ5VXIJtStKqiOgRfWIQ2zvIBitaD6MpOILQ3ELhXV4cK45VDRd5NwiAFGZiLW9WOR-o1BLSnimT7ecLKEHNWt4S5JEhRMNpg1xIPPGbMEDD9YoPo6ouKKFUAFNa_Hjewju8f3FR_f3veJ7_8Xy08-Ip5bu2M1FidCCWw8c53dBYiuErlN3CaWTlz-lw3iYGxUbwRtdfQU0Oajry01UjWSvhk2xisfAmlR_pIpXM3pXZSTqFtOMznFlIt7JCC5rlISA-pJoxKSciGPH3U0greDZGEjHuqjBmESNFSTZA3rIp-vprhSthReQOhvrFfmwgVuFN0QEUcPlrBEylomcS-d6dbz439cdDzeHNAijP.af8k3mEcsOiBWy-mOIJj7QjTLzEg36zG5laRBr_fra8&dib_tag=se&keywords=eco+friendly+cleaning+products&qid=1741332468&sr=8-55,6.99,https://m.media-amazon.com/images/I/71hMZJItfjL._AC_UL320_.jpg,"mother-earth cotton dish cloths, ultra absorbent quick-drying cleaning cloths, reusable and eco-friendly dish rags for kitchen use (6)","['reusable', 'eco-friendly']",5,Moderate,Likely Product,Potentially Sustainable
"Scrub Daddy Damp Duster Towel - Durable Sponge-Like Dust Cleaner for Multisurface Dusting, Picking Up Pet Hair, Dirt & Grime of All Kinds - Reusable, Soft, Flexible, Absorbent Cleaning Supplies (2ct)",4.2,836,1K+ bought in past month,https://www.amazon.com/Scrub-Daddy-Damp-Duster-Towel/dp/B0C2T9HK4Q/ref=sr_1_56?dib=eyJ2IjoiMSJ9.GBJnUoCqP2Z1ChOttOdnYL2yDVT4f079k0Gv62JgoH-UO1r-8dG8iRfFzK_fGAIi84HQV3iIO2pQyKU3vxIhsjuaoZ5VXIJtStKqiOgRfWIQ2zvIBitaD6MpOILQ3ELhXV4cK45VDRd5NwiAFGZiLW9WOR-o1BLSnimT7ecLKEHNWt4S5JEhRMNpg1xIPPGbMEDD9YoPo6ouKKFUAFNa_Hjewju8f3FR_f3veJ7_8Xy08-Ip5bu2M1FidCCWw8c53dBYiuErlN3CaWTlz-lw3iYGxUbwRtdfQU0Oajry01UjWSvhk2xisfAmlR_pIpXM3pXZSTqFtOMznFlIt7JCC5rlISA-pJoxKSciGPH3U0greDZGEjHuqjBmESNFSTZA3rIp-vprhSthReQOhvrFfmwgVuFN0QEUcPlrBEylomcS-d6dbz439cdDzeHNAijP.af8k3mEcsOiBWy-mOIJj7QjTLzEg36zG5laRBr_fra8&dib_tag=se&keywords=eco+friendly+cleaning+products&qid=1741332468&sr=8-56,11.6,https://m.media-amazon.com/images/I/61O1AUGOeNL._AC_UL320_.jpg,"scrub daddy damp duster towel - durable sponge-like dust cleaner for multisurface dusting, picking up pet hair, dirt & grime of all kinds - reusable, soft, flexible, absorbent cleaning supplies (2ct)",['reusable'],3,Moderate,Likely Product,Potentially Sustainable
"Hair brush, Vented Detangling Brush, Quickly Detangles and Smooths hair for Curly, Thick, and Straight Hair, Hair Brush for Women and Men, Blue, Eco Friendly, Sustainable Material",4.6,899,200+ bought in past month,https://www.amazon.com/Degradable-Detangling-Detangler-Straight-Detangles/dp/B0C6JHT8NF/ref=sr_1_57?dib=eyJ2IjoiMSJ9.GBJnUoCqP2Z1ChOttOdnYL2yDVT4f079k0Gv62JgoH-UO1r-8dG8iRfFzK_fGAIi84HQV3iIO2pQyKU3vxIhsjuaoZ5VXIJtStKqiOgRfWIQ2zvIBitaD6MpOILQ3ELhXV4cK45VDRd5NwiAFGZiLW9WOR-o1BLSnimT7ecLKEHNWt4S5JEhRMNpg1xIPPGbMEDD9YoPo6ouKKFUAFNa_Hjewju8f3FR_f3veJ7_8Xy08-Ip5bu2M1FidCCWw8c53dBYiuErlN3CaWTlz-lw3iYGxUbwRtdfQU0Oajry01UjWSvhk2xisfAmlR_pIpXM3pXZSTqFtOMznFlIt7JCC5rlISA-pJoxKSciGPH3U0greDZGEjHuqjBmESNFSTZA3rIp-vprhSthReQOhvrFfmwgVuFN0QEUcPlrBEylomcS-d6dbz439cdDzeHNAijP.af8k3mEcsOiBWy-mOIJj7QjTLzEg36zG5laRBr_fra8&dib_tag=se&keywords=eco+friendly+cleaning+products&qid=1741332468&sr=8-57,6.99,https://m.media-amazon.com/images/I/61AiVYGXjOL._AC_UL320_.jpg,"hair brush, vented detangling brush, quickly detangles and smooths hair for curly, thick, and straight hair, hair brush for women and men, blue, eco friendly, sustainable material","['sustainable', 'eco friendly']",4,Moderate,Likely Product,Potentially Sustainable
"Biodegradable Bamboo Toothbrushes Soft Bristles 10 Pack - BPA Free Soft Bristles Toothbrushes for Adults, Eco-Friendly, Compostable Natural Wooden Toothbrush",4.6,270,1K+ bought in past month,https://www.amazon.com/VIVAGO-Biodegradable-Bamboo-Toothbrushes-Bristles/dp/B0DHVV7DMX/ref=sr_1_58?dib=eyJ2IjoiMSJ9.GBJnUoCqP2Z1ChOttOdnYL2yDVT4f079k0Gv62JgoH-UO1r-8dG8iRfFzK_fGAIi84HQV3iIO2pQyKU3vxIhsjuaoZ5VXIJtStKqiOgRfWIQ2zvIBitaD6MpOILQ3ELhXV4cK45VDRd5NwiAFGZiLW9WOR-o1BLSnimT7ecLKEHNWt4S5JEhRMNpg1xIPPGbMEDD9YoPo6ouKKFUAFNa_Hjewju8f3FR_f3veJ7_8Xy08-Ip5bu2M1FidCCWw8c53dBYiuErlN3CaWTlz-lw3iYGxUbwRtdfQU0Oajry01UjWSvhk2xisfAmlR_pIpXM3pXZSTqFtOMznFlIt7JCC5rlISA-pJoxKSciGPH3U0greDZGEjHuqjBmESNFSTZA3rIp-vprhSthReQOhvrFfmwgVuFN0QEUcPlrBEylomcS-d6dbz439cdDzeHNAijP.af8k3mEcsOiBWy-mOIJj7QjTLzEg36zG5laRBr_fra8&dib_tag=se&keywords=eco+friendly+cleaning+products&qid=1741332468&sr=8-58,8.98,https://m.media-amazon.com/images/I/81s0DqvxgbL._AC_UL320_.jpg,"biodegradable bamboo toothbrushes soft bristles 10 pack - bpa free soft bristles toothbrushes for adults, eco-friendly, compostable natural wooden toothbrush","['biodegradable', 'compostable', 'eco-friendly', 'bamboo', 'natural']",10,Strong,Likely Product,Sustainable
"Wall Cleaner, Max 66'' Wall Mop with Long Handle, Ceiling Dust Mop with 15° Labor-Saving Elbow Extension Pole, Baseboard Duster Washer Scrubber, High Reach Window Cleaning Brush, Roof Cleaning Tool-GN",4.5,1252,1K+ bought in past month,https://www.amazon.com/Labor-Saving-Extension-Baseboard-Scrubber-Cleaning/dp/B09YJLL1B9/ref=sr_1_59?dib=eyJ2IjoiMSJ9.GBJnUoCqP2Z1ChOttOdnYL2yDVT4f079k0Gv62JgoH-UO1r-8dG8iRfFzK_fGAIi84HQV3iIO2pQyKU3vxIhsjuaoZ5VXIJtStKqiOgRfWIQ2zvIBitaD6MpOILQ3ELhXV4cK45VDRd5NwiAFGZiLW9WOR-o1BLSnimT7ecLKEHNWt4S5JEhRMNpg1xIPPGbMEDD9YoPo6ouKKFUAFNa_Hjewju8f3FR_f3veJ7_8Xy08-Ip5bu2M1FidCCWw8c53dBYiuErlN3CaWTlz-lw3iYGxUbwRtdfQU0Oajry01UjWSvhk2xisfAmlR_pIpXM3pXZSTqFtOMznFlIt7JCC5rlISA-pJoxKSciGPH3U0greDZGEjHuqjBmESNFSTZA3rIp-vprhSthReQOhvrFfmwgVuFN0QEUcPlrBEylomcS-d6dbz439cdDzeHNAijP.af8k3mEcsOiBWy-mOIJj7QjTLzEg36zG5laRBr_fra8&dib_tag=se&keywords=eco+friendly+cleaning+products&qid=1741332468&sr=8-59,22.64,https://m.media-amazon.com/images/I/71goM+vat8L._AC_UL320_.jpg,"wall cleaner, max 66'' wall mop with long handle, ceiling dust mop with 15° labor-saving elbow extension pole, baseboard duster washer scrubber, high reach window cleaning brush, roof cleaning tool-gn",[],0,Low,Likely Product,Not Sustainable
"Kitsch Spray Bottle for Hair - Continuous Water Mister with Ultra Fine Mist for Hairstyling, Barbers, Salons, Cleaning, Plants, Versatile Spray Bottles - Made from Recycled Plastic - Terracotta, 5 oz",4.1,3651,20K+ bought in past month,https://www.amazon.com/Kitsch-Spray-Bottle-Hair-Hairstyling/dp/B0CVZWMD34/ref=sr_1_60?dib=eyJ2IjoiMSJ9.GBJnUoCqP2Z1ChOttOdnYL2yDVT4f079k0Gv62JgoH-UO1r-8dG8iRfFzK_fGAIi84HQV3iIO2pQyKU3vxIhsjuaoZ5VXIJtStKqiOgRfWIQ2zvIBitaD6MpOILQ3ELhXV4cK45VDRd5NwiAFGZiLW9WOR-o1BLSnimT7ecLKEHNWt4S5JEhRMNpg1xIPPGbMEDD9YoPo6ouKKFUAFNa_Hjewju8f3FR_f3veJ7_8Xy08-Ip5bu2M1FidCCWw8c53dBYiuErlN3CaWTlz-lw3iYGxUbwRtdfQU0Oajry01UjWSvhk2xisfAmlR_pIpXM3pXZSTqFtOMznFlIt7JCC5rlISA-pJoxKSciGPH3U0greDZGEjHuqjBmESNFSTZA3rIp-vprhSthReQOhvrFfmwgVuFN0QEUcPlrBEylomcS-d6dbz439cdDzeHNAijP.af8k3mEcsOiBWy-mOIJj7QjTLzEg36zG5laRBr_fra8&dib_tag=se&keywords=eco+friendly+cleaning+products&qid=1741332468&sr=8-60,8.99,https://m.media-amazon.com/images/I/51u3yqZIjWL._AC_UL320_.jpg,"kitsch spray bottle for hair - continuous water mister with ultra fine mist for hairstyling, barbers, salons, cleaning, plants, versatile spray bottles - made from recycled plastic - terracotta, 5 oz",[],0,Low,Likely Product,Not Sustainable
"Be Good Bamboo Handle Dish Brush – Sustainable Kitchen Cleaning with Tough Bristles - Natural Dish Scrubber & Cast Iron Cleaner - Long Handle Brush for Dishes, Pots, and Pans, White",4.7,11788,3K+ bought in past month,https://www.amazon.com/Full-Circle-Kitchen-Bamboo-Handle/dp/B016RZF24A/ref=sr_1_1?dib=eyJ2IjoiMSJ9.yvTz3BeM8G_6r6EBlEtdDXgMhpu7Azj6djSgOBwXldQ90y3o2pY1G9HkPc_YaqQ4qnM51fpK2cd_wIuM_e_CKj-833bAzgxS4P1NrQQMz0UD1vJUis-ewC7HHYhAUU7962rlKRzqHpkEw-jYsWnwWXyT__4SiipKdhpWukJStso2t0_Rhx2WFwRd_jEwZowykHfKTk8vDDBRMjqi7sFQPxVSKo-oKxaoB3V44632jn4OIXG-lzCYte0-_QbZJSUec6G95vdo_o6r7Chcvtd-sMaVGshdeXkLDk2mPMXbnY_Hy6Ko9_VozSTXJCF5lkIkBOa3QdwOTmFmKkTsKjswVm56HESk37jzO-2RQYzw7hOZARer1l07FIdtl5iYq8UgCELTHG9EqSA4gWfbz62-Mdwawg4JlKWXcTWTstTwUtfgU6I538WDef2iI66Ig0BM.QNT0t1XZfODm1VprR7NSzwq99HTddbHbZdhngkf_ANg&dib_tag=se&keywords=sustainable+home+goods&qid=1741332594&sr=8-1,8.99,https://m.media-amazon.com/images/I/61oiWj5CeLL._AC_UL320_.jpg,"be good bamboo handle dish brush – sustainable kitchen cleaning with tough bristles - natural dish scrubber & cast iron cleaner - long handle brush for dishes, pots, and pans, white","['sustainable', 'bamboo', 'natural']",4,Moderate,Likely Product,Potentially Sustainable
"Plant-Based Kitchen Sponges - FSC Certified and PETA Approved, Natural, Eco-Friendly, Biodegradable Sisal Hemp Sponges for Dishes, Cleaning Sponge for Kitchen, Bathroom, Household - 12 Count",4.6,248,3K+ bought in past month,https://www.amazon.com/Isshah-Plant-Based-Kitchen-Sponges-Biodegradable/dp/B0CSBG92MF/ref=sr_1_2?dib=eyJ2IjoiMSJ9.yvTz3BeM8G_6r6EBlEtdDXgMhpu7Azj6djSgOBwXldQ90y3o2pY1G9HkPc_YaqQ4qnM51fpK2cd_wIuM_e_CKj-833bAzgxS4P1NrQQMz0UD1vJUis-ewC7HHYhAUU7962rlKRzqHpkEw-jYsWnwWXyT__4SiipKdhpWukJStso2t0_Rhx2WFwRd_jEwZowykHfKTk8vDDBRMjqi7sFQPxVSKo-oKxaoB3V44632jn4OIXG-lzCYte0-_QbZJSUec6G95vdo_o6r7Chcvtd-sMaVGshdeXkLDk2mPMXbnY_Hy6Ko9_VozSTXJCF5lkIkBOa3QdwOTmFmKkTsKjswVm56HESk37jzO-2RQYzw7hOZARer1l07FIdtl5iYq8UgCELTHG9EqSA4gWfbz62-Mdwawg4JlKWXcTWTstTwUtfgU6I538WDef2iI66Ig0BM.QNT0t1XZfODm1VprR7NSzwq99HTddbHbZdhngkf_ANg&dib_tag=se&keywords=sustainable+home+goods&qid=1741332594&sr=8-2,9.99,https://m.media-amazon.com/images/I/81GEZUgvk2L._AC_UL320_.jpg,"plant-based kitchen sponges - fsc certified and peta approved, natural, eco-friendly, biodegradable sisal hemp sponges for dishes, cleaning sponge for kitchen, bathroom, household - 12 count","['biodegradable', 'eco-friendly', 'plant-based', 'fsc certified', 'natural']",10,Strong,Likely Product,Sustainable
"40 Projects for Building Your Backyard Homestead: A Hands-on, Step-by-Step Sustainable-Living Guide (Creative Homeowner) Fences, Chicken Coops, Sheds, Gardening, and More for Becoming Self-Sufficient",4.6,6185,50+ bought in past month,https://www.amazon.com/dp/B08BTK8WV3?binding=paperback&searchxofy=true&ref_=dbs_s_aps_series_rwt_tpbk&qid=1741332594&sr=8-3,9.99,https://m.media-amazon.com/images/I/91P0uxu-37L._AC_UL320_.jpg,"40 projects for building your backyard homestead: a hands-on, step-by-step sustainable-living guide (creative homeowner) fences, chicken coops, sheds, gardening, and more for becoming self-sufficient",['sustainable'],2,Low,Possible Non-Product,Not Sustainable
"Original Adjustable Pillow, Queen Size Bed Pillows for Sleeping, Cross Cut Memory Foam Pillows - Medium Firm Back, Stomach and Side Sleeper Pillow, CertiPUR-US/GREENGUARD Gold",4.5,62043,10K+ bought in past month,https://www.amazon.com/Coop-Home-Goods-Memory-Foam-Pillow-For-Side-Back-Stomach-Sleeper/dp/B00EINBSEW/ref=sr_1_4?dib=eyJ2IjoiMSJ9.yvTz3BeM8G_6r6EBlEtdDXgMhpu7Azj6djSgOBwXldQ90y3o2pY1G9HkPc_YaqQ4qnM51fpK2cd_wIuM_e_CKj-833bAzgxS4P1NrQQMz0UD1vJUis-ewC7HHYhAUU7962rlKRzqHpkEw-jYsWnwWXyT__4SiipKdhpWukJStso2t0_Rhx2WFwRd_jEwZowykHfKTk8vDDBRMjqi7sFQPxVSKo-oKxaoB3V44632jn4OIXG-lzCYte0-_QbZJSUec6G95vdo_o6r7Chcvtd-sMaVGshdeXkLDk2mPMXbnY_Hy6Ko9_VozSTXJCF5lkIkBOa3QdwOTmFmKkTsKjswVm56HESk37jzO-2RQYzw7hOZARer1l07FIdtl5iYq8UgCELTHG9EqSA4gWfbz62-Mdwawg4JlKWXcTWTstTwUtfgU6I538WDef2iI66Ig0BM.QNT0t1XZfODm1VprR7NSzwq99HTddbHbZdhngkf_ANg&dib_tag=se&keywords=sustainable+home+goods&qid=1741332594&sr=8-4,79.0,https://m.media-amazon.com/images/I/81jChYY+-fL._AC_UL320_.jpg,"original adjustable pillow, queen size bed pillows for sleeping, cross cut memory foam pillows - medium firm back, stomach and side sleeper pillow, certipur-us/greenguard gold",[],0,Low,Likely Product,Not Sustainable
"Simply Living Well: A Guide to Creating a Natural, Low-Waste Home",4.8,1486,50+ bought in past month,https://www.amazon.com/Julia-Watkins/e/B0851KVD9H?ref=sr_ntt_srch_lnk_5&qid=1741332594&sr=8-5,79.0,https://m.media-amazon.com/images/I/718c6kdBL2L._AC_UL320_.jpg,"simply living well: a guide to creating a natural, low-waste home",['natural'],1,Low,Possible Non-Product,Not Sustainable
"Sustainable Badass: A Zero-Waste Lifestyle Guide (Sustainable at home, Eco friendly living, Sustainable home goods, Sustainable gift)",4.7,45,50+ bought in past month,https://www.amazon.com/Gittemarie-Johansen/e/B09PF2VPNR?ref=sr_ntt_srch_lnk_6&qid=1741332594&sr=8-6,79.0,https://m.media-amazon.com/images/I/81IEmN0zJdL._AC_UL320_.jpg,"sustainable badass: a zero-waste lifestyle guide (sustainable at home, eco friendly living, sustainable home goods, sustainable gift)","['sustainable', 'eco friendly']",4,Moderate,Possible Non-Product,Potentially Sustainable
"Reusable Beeswax Wrap - 9 Pack Beeswax Wraps For Food, Organic, Sustainable, Biodegradable, Zero Waste, Plastic-Free Food Storage, 1L Strawberry, 3M Orange, 5S Lemon Patterns",4.4,1213,600+ bought in past month,https://www.amazon.com/Reusable-Beeswax-Wrap-Eco-Friendly-Biodegradable/dp/B09WRHLCFG/ref=sr_1_7?dib=eyJ2IjoiMSJ9.yvTz3BeM8G_6r6EBlEtdDXgMhpu7Azj6djSgOBwXldQ90y3o2pY1G9HkPc_YaqQ4qnM51fpK2cd_wIuM_e_CKj-833bAzgxS4P1NrQQMz0UD1vJUis-ewC7HHYhAUU7962rlKRzqHpkEw-jYsWnwWXyT__4SiipKdhpWukJStso2t0_Rhx2WFwRd_jEwZowykHfKTk8vDDBRMjqi7sFQPxVSKo-oKxaoB3V44632jn4OIXG-lzCYte0-_QbZJSUec6G95vdo_o6r7Chcvtd-sMaVGshdeXkLDk2mPMXbnY_Hy6Ko9_VozSTXJCF5lkIkBOa3QdwOTmFmKkTsKjswVm56HESk37jzO-2RQYzw7hOZARer1l07FIdtl5iYq8UgCELTHG9EqSA4gWfbz62-Mdwawg4JlKWXcTWTstTwUtfgU6I538WDef2iI66Ig0BM.QNT0t1XZfODm1VprR7NSzwq99HTddbHbZdhngkf_ANg&dib_tag=se&keywords=sustainable+home+goods&qid=1741332594&sr=8-7,13.99,https://m.media-amazon.com/images/I/81-cLbynG7L._AC_UL320_.jpg,"reusable beeswax wrap - 9 pack beeswax wraps for food, organic, sustainable, biodegradable, zero waste, plastic-free food storage, 1l strawberry, 3m orange, 5s lemon patterns","['biodegradable', 'zero waste', 'plastic-free', 'reusable', 'sustainable', 'organic']",16,Strong,Likely Product,Sustainable
"Reusable Beeswax Food Wraps Made in the USA, Eco Friendly Beeswax, Sustainable Organic Cotton Wraps, XL Bread Wrap for Homemade Bread",4.5,2189,400+ bought in past month,https://www.amazon.com/Bees-Wrap-Reusable-Sustainable-Containers/dp/B0CV64B1V2/ref=sr_1_8?dib=eyJ2IjoiMSJ9.yvTz3BeM8G_6r6EBlEtdDXgMhpu7Azj6djSgOBwXldQ90y3o2pY1G9HkPc_YaqQ4qnM51fpK2cd_wIuM_e_CKj-833bAzgxS4P1NrQQMz0UD1vJUis-ewC7HHYhAUU7962rlKRzqHpkEw-jYsWnwWXyT__4SiipKdhpWukJStso2t0_Rhx2WFwRd_jEwZowykHfKTk8vDDBRMjqi7sFQPxVSKo-oKxaoB3V44632jn4OIXG-lzCYte0-_QbZJSUec6G95vdo_o6r7Chcvtd-sMaVGshdeXkLDk2mPMXbnY_Hy6Ko9_VozSTXJCF5lkIkBOa3QdwOTmFmKkTsKjswVm56HESk37jzO-2RQYzw7hOZARer1l07FIdtl5iYq8UgCELTHG9EqSA4gWfbz62-Mdwawg4JlKWXcTWTstTwUtfgU6I538WDef2iI66Ig0BM.QNT0t1XZfODm1VprR7NSzwq99HTddbHbZdhngkf_ANg&dib_tag=se&keywords=sustainable+home+goods&qid=1741332594&sr=8-8,14.99,https://m.media-amazon.com/images/I/81Cv3R04EOL._AC_UL320_.jpg,"reusable beeswax food wraps made in the usa, eco friendly beeswax, sustainable organic cotton wraps, xl bread wrap for homemade bread","['reusable', 'sustainable', 'eco friendly', 'organic']",9,Strong,Likely Product,Sustainable
"Reusable Beeswax Food Wraps - Assorted 9 Packs, Eco-Friendly Reusable Wrap, Biodegradable, Zero Waste, Organic Cloth, Sustainable, Plastic-Free Food Storage, 1Large, 3Medium, 5Small Sizes",4.4,2426,50+ bought in past month,https://www.amazon.com/Reusable-Wraps-Beeswax-Assorted-Packs/dp/B092CBDKWG/ref=sr_1_9?dib=eyJ2IjoiMSJ9.yvTz3BeM8G_6r6EBlEtdDXgMhpu7Azj6djSgOBwXldQ90y3o2pY1G9HkPc_YaqQ4qnM51fpK2cd_wIuM_e_CKj-833bAzgxS4P1NrQQMz0UD1vJUis-ewC7HHYhAUU7962rlKRzqHpkEw-jYsWnwWXyT__4SiipKdhpWukJStso2t0_Rhx2WFwRd_jEwZowykHfKTk8vDDBRMjqi7sFQPxVSKo-oKxaoB3V44632jn4OIXG-lzCYte0-_QbZJSUec6G95vdo_o6r7Chcvtd-sMaVGshdeXkLDk2mPMXbnY_Hy6Ko9_VozSTXJCF5lkIkBOa3QdwOTmFmKkTsKjswVm56HESk37jzO-2RQYzw7hOZARer1l07FIdtl5iYq8UgCELTHG9EqSA4gWfbz62-Mdwawg4JlKWXcTWTstTwUtfgU6I538WDef2iI66Ig0BM.QNT0t1XZfODm1VprR7NSzwq99HTddbHbZdhngkf_ANg&dib_tag=se&keywords=sustainable+home+goods&qid=1741332594&sr=8-9,13.99,https://m.media-amazon.com/images/I/91UpDUvsk-L._AC_UL320_.jpg,"reusable beeswax food wraps - assorted 9 packs, eco-friendly reusable wrap, biodegradable, zero waste, organic cloth, sustainable, plastic-free food storage, 1large, 3medium, 5small sizes","['biodegradable', 'zero waste', 'plastic-free', 'reusable', 'sustainable', 'eco-friendly', 'organic']",18,Strong,Likely Product,Sustainable
"32 Pieces Food Storage Containers Set with Snap Lids (16 Lids + 16 Containers), Plastic Containers, BPA-Free Lunch Container Bento Box for Home, Black",4.5,1485,1K+ bought in past month,https://www.amazon.com/HOMBERKING-Storage-Containers-Airtight-BPA-Free/dp/B0C39P8ZKN/ref=sr_1_10?dib=eyJ2IjoiMSJ9.yvTz3BeM8G_6r6EBlEtdDXgMhpu7Azj6djSgOBwXldQ90y3o2pY1G9HkPc_YaqQ4qnM51fpK2cd_wIuM_e_CKj-833bAzgxS4P1NrQQMz0UD1vJUis-ewC7HHYhAUU7962rlKRzqHpkEw-jYsWnwWXyT__4SiipKdhpWukJStso2t0_Rhx2WFwRd_jEwZowykHfKTk8vDDBRMjqi7sFQPxVSKo-oKxaoB3V44632jn4OIXG-lzCYte0-_QbZJSUec6G95vdo_o6r7Chcvtd-sMaVGshdeXkLDk2mPMXbnY_Hy6Ko9_VozSTXJCF5lkIkBOa3QdwOTmFmKkTsKjswVm56HESk37jzO-2RQYzw7hOZARer1l07FIdtl5iYq8UgCELTHG9EqSA4gWfbz62-Mdwawg4JlKWXcTWTstTwUtfgU6I538WDef2iI66Ig0BM.QNT0t1XZfODm1VprR7NSzwq99HTddbHbZdhngkf_ANg&dib_tag=se&keywords=sustainable+home+goods&qid=1741332594&sr=8-10,17.99,https://m.media-amazon.com/images/I/815-lhz9frL._AC_UL320_.jpg,"32 pieces food storage containers set with snap lids (16 lids + 16 containers), plastic containers, bpa-free lunch container bento box for home, black",[],0,Low,Likely Product,Not Sustainable
Humane Home: Easy Steps for Sustainable & Green Living,4.8,13,50+ bought in past month,https://www.amazon.com/Sarah-Lozanova/e/B08WLB4YR5?ref=sr_ntt_srch_lnk_11&qid=1741332594&sr=8-11,17.99,https://m.media-amazon.com/images/I/71DF5zxP8JL._AC_UL320_.jpg,humane home: easy steps for sustainable & green living,['sustainable'],2,Low,Likely Product,Not Sustainable
"Green from the Ground Up: Sustainable, Healthy, and Energy-Efficient Home Construction (Builder's Guide)",4.5,172,50+ bought in past month,https://www.amazon.com/Scott-Gibson/e/B001JPBVN0?ref=sr_ntt_srch_lnk_12&qid=1741332594&sr=8-12,2.23,https://m.media-amazon.com/images/I/71fweXhTFuL._AC_UL320_.jpg,"green from the ground up: sustainable, healthy, and energy-efficient home construction (builder's guide)",['sustainable'],2,Low,Possible Non-Product,Not Sustainable
"Bamboo Toilet Paper -24 Rolls Of Septic Safe Organic Toilet Paper 3-ply, 300 Sheets Per Roll - PFAs Free, FSC Certified, Plastic & Chemical Free - For Home, Boat & RV Use",4.6,1388,4K+ bought in past month,https://www.amazon.com/Cloud-Paper-Bamboo-Toilet-Certified/dp/B09R2BX9FY/ref=sr_1_13?dib=eyJ2IjoiMSJ9.yvTz3BeM8G_6r6EBlEtdDXgMhpu7Azj6djSgOBwXldQ90y3o2pY1G9HkPc_YaqQ4qnM51fpK2cd_wIuM_e_CKj-833bAzgxS4P1NrQQMz0UD1vJUis-ewC7HHYhAUU7962rlKRzqHpkEw-jYsWnwWXyT__4SiipKdhpWukJStso2t0_Rhx2WFwRd_jEwZowykHfKTk8vDDBRMjqi7sFQPxVSKo-oKxaoB3V44632jn4OIXG-lzCYte0-_QbZJSUec6G95vdo_o6r7Chcvtd-sMaVGshdeXkLDk2mPMXbnY_Hy6Ko9_VozSTXJCF5lkIkBOa3QdwOTmFmKkTsKjswVm56HESk37jzO-2RQYzw7hOZARer1l07FIdtl5iYq8UgCELTHG9EqSA4gWfbz62-Mdwawg4JlKWXcTWTstTwUtfgU6I538WDef2iI66Ig0BM.QNT0t1XZfODm1VprR7NSzwq99HTddbHbZdhngkf_ANg&dib_tag=se&keywords=sustainable+home+goods&qid=1741332594&sr=8-13,49.99,https://m.media-amazon.com/images/I/812qXtsKc6L._AC_UL320_.jpg,"bamboo toilet paper -24 rolls of septic safe organic toilet paper 3-ply, 300 sheets per roll - pfas free, fsc certified, plastic & chemical free - for home, boat & rv use","['organic', 'fsc certified', 'bamboo']",5,Moderate,Likely Product,Potentially Sustainable
"2 Packs Bread Bags, Zipper Reusable Bread Bags for Homemade Bread Loaf, Freezer Bread Storage Bag, Bread Container, Fresh Keeping Extra Large Bread Bags, Reusable Food Storage Bag",4.5,1524,3K+ bought in past month,https://www.amazon.com/GRIN-Reusable-Homemade-Freezer-Container/dp/B09N3M4BDJ/ref=sr_1_14?dib=eyJ2IjoiMSJ9.yvTz3BeM8G_6r6EBlEtdDXgMhpu7Azj6djSgOBwXldQ90y3o2pY1G9HkPc_YaqQ4qnM51fpK2cd_wIuM_e_CKj-833bAzgxS4P1NrQQMz0UD1vJUis-ewC7HHYhAUU7962rlKRzqHpkEw-jYsWnwWXyT__4SiipKdhpWukJStso2t0_Rhx2WFwRd_jEwZowykHfKTk8vDDBRMjqi7sFQPxVSKo-oKxaoB3V44632jn4OIXG-lzCYte0-_QbZJSUec6G95vdo_o6r7Chcvtd-sMaVGshdeXkLDk2mPMXbnY_Hy6Ko9_VozSTXJCF5lkIkBOa3QdwOTmFmKkTsKjswVm56HESk37jzO-2RQYzw7hOZARer1l07FIdtl5iYq8UgCELTHG9EqSA4gWfbz62-Mdwawg4JlKWXcTWTstTwUtfgU6I538WDef2iI66Ig0BM.QNT0t1XZfODm1VprR7NSzwq99HTddbHbZdhngkf_ANg&dib_tag=se&keywords=sustainable+home+goods&qid=1741332594&sr=8-14,23.99,https://m.media-amazon.com/images/I/81M-4oiT5BL._AC_UL320_.jpg,"2 packs bread bags, zipper reusable bread bags for homemade bread loaf, freezer bread storage bag, bread container, fresh keeping extra large bread bags, reusable food storage bag",['reusable'],3,Moderate,Likely Product,Potentially Sustainable
"The Organic Country Home Handbook: How to Make Your Own Healthy Soaps, Sprays, Wipes, and Other Cleaning Products",4.8,110,50+ bought in past month,https://www.amazon.com/Natalie-Wise/e/B07G51NVZ1?ref=sr_ntt_srch_lnk_15&qid=1741332594&sr=8-15,23.99,https://m.media-amazon.com/images/I/719A7-npSlL._AC_UL320_.jpg,"the organic country home handbook: how to make your own healthy soaps, sprays, wipes, and other cleaning products",['organic'],2,Low,Possible Non-Product,Not Sustainable
"Make Your Place: Affordable, Sustainable Nesting Skills (DIY)",4.5,323,50+ bought in past month,https://www.amazon.com/Raleigh-Briggs/e/B00LZ6AUZ8?ref=sr_ntt_srch_lnk_16&qid=1741332594&sr=8-16,23.99,https://m.media-amazon.com/images/I/81GI0-XQldL._AC_UL320_.jpg,"make your place: affordable, sustainable nesting skills (diy)",['sustainable'],2,Low,Likely Product,Not Sustainable
Plant Based Tall Kitchen Garbage Bags with Ergonomic Handles - 13 Gallon Trash Bags - Recyclable & Eco Friendly - Super Strong and Leak Proof Tall Kitchen Trash Bags (45 Count),4.8,8837,2K+ bought in past month,https://www.amazon.com/Hippo-Sak-Ergonomic-Recyclable-Friendly/dp/B071JMFKM5/ref=sr_1_17?dib=eyJ2IjoiMSJ9.yvTz3BeM8G_6r6EBlEtdDXgMhpu7Azj6djSgOBwXldQ90y3o2pY1G9HkPc_YaqQ4qnM51fpK2cd_wIuM_e_CKj-833bAzgxS4P1NrQQMz0UD1vJUis-ewC7HHYhAUU7962rlKRzqHpkEw-jYsWnwWXyT__4SiipKdhpWukJStso2t0_Rhx2WFwRd_jEwZowykHfKTk8vDDBRMjqi7sFQPxVSKo-oKxaoB3V44632jn4OIXG-lzCYte0-_QbZJSUec6G95vdo_o6r7Chcvtd-sMaVGshdeXkLDk2mPMXbnY_Hy6Ko9_VozSTXJCF5lkIkBOa3QdwOTmFmKkTsKjswVm56HESk37jzO-2RQYzw7hOZARer1l07FIdtl5iYq8UgCELTHG9EqSA4gWfbz62-Mdwawg4JlKWXcTWTstTwUtfgU6I538WDef2iI66Ig0BM.QNT0t1XZfODm1VprR7NSzwq99HTddbHbZdhngkf_ANg&dib_tag=se&keywords=sustainable+home+goods&qid=1741332594&sr=8-17,22.45,https://m.media-amazon.com/images/I/71AC1L+FAwL._AC_UL320_.jpg,plant based tall kitchen garbage bags with ergonomic handles - 13 gallon trash bags - recyclable & eco friendly - super strong and leak proof tall kitchen trash bags (45 count),"['eco friendly', 'plant based', 'recyclable']",5,Moderate,Likely Product,Potentially Sustainable
"Dish Drying Rack - Collapsible 2-Tier Bamboo Dish Rack for Kitchen Counter, Wooden Dish Drainer with Foldable Space-Saving Design - Drying Rack for Dishes, Plates, and Cups",4.6,7879,1K+ bought in past month,https://www.amazon.com/Bambusi-Collapsible-Dish-Drying-Rack/dp/B016CQ2RR4/ref=sr_1_18?dib=eyJ2IjoiMSJ9.yvTz3BeM8G_6r6EBlEtdDXgMhpu7Azj6djSgOBwXldQ90y3o2pY1G9HkPc_YaqQ4qnM51fpK2cd_wIuM_e_CKj-833bAzgxS4P1NrQQMz0UD1vJUis-ewC7HHYhAUU7962rlKRzqHpkEw-jYsWnwWXyT__4SiipKdhpWukJStso2t0_Rhx2WFwRd_jEwZowykHfKTk8vDDBRMjqi7sFQPxVSKo-oKxaoB3V44632jn4OIXG-lzCYte0-_QbZJSUec6G95vdo_o6r7Chcvtd-sMaVGshdeXkLDk2mPMXbnY_Hy6Ko9_VozSTXJCF5lkIkBOa3QdwOTmFmKkTsKjswVm56HESk37jzO-2RQYzw7hOZARer1l07FIdtl5iYq8UgCELTHG9EqSA4gWfbz62-Mdwawg4JlKWXcTWTstTwUtfgU6I538WDef2iI66Ig0BM.QNT0t1XZfODm1VprR7NSzwq99HTddbHbZdhngkf_ANg&dib_tag=se&keywords=sustainable+home+goods&qid=1741332594&sr=8-18,12.59,https://m.media-amazon.com/images/I/7151WHHBuxL._AC_UL320_.jpg,"dish drying rack - collapsible 2-tier bamboo dish rack for kitchen counter, wooden dish drainer with foldable space-saving design - drying rack for dishes, plates, and cups",['bamboo'],1,Low,Likely Product,Not Sustainable
Zero Waste Home: The Ultimate Guide to Simplifying Your Life by Reducing Your Waste,4.6,1730,50+ bought in past month,https://www.amazon.com/Bea-Johnson/e/B00E6KPBB8?ref=sr_ntt_srch_lnk_19&qid=1741332594&sr=8-19,12.59,https://m.media-amazon.com/images/I/71JP7eCnlDL._AC_UL320_.jpg,zero waste home: the ultimate guide to simplifying your life by reducing your waste,['zero waste'],3,Moderate,Possible Non-Product,Potentially Sustainable
5-Piece Eco-Friendly Bamboo Dish Brush Set with Compostable Wood Pulp Sponges | Bamboo Kitchen Cleaning Set,4.4,232,200+ bought in past month,https://www.amazon.com/Tieralia-Bamboo-Kitchen-Sustainable-Eco-Friendly/dp/B098CYHJ34/ref=sr_1_20?dib=eyJ2IjoiMSJ9.yvTz3BeM8G_6r6EBlEtdDXgMhpu7Azj6djSgOBwXldQ90y3o2pY1G9HkPc_YaqQ4qnM51fpK2cd_wIuM_e_CKj-833bAzgxS4P1NrQQMz0UD1vJUis-ewC7HHYhAUU7962rlKRzqHpkEw-jYsWnwWXyT__4SiipKdhpWukJStso2t0_Rhx2WFwRd_jEwZowykHfKTk8vDDBRMjqi7sFQPxVSKo-oKxaoB3V44632jn4OIXG-lzCYte0-_QbZJSUec6G95vdo_o6r7Chcvtd-sMaVGshdeXkLDk2mPMXbnY_Hy6Ko9_VozSTXJCF5lkIkBOa3QdwOTmFmKkTsKjswVm56HESk37jzO-2RQYzw7hOZARer1l07FIdtl5iYq8UgCELTHG9EqSA4gWfbz62-Mdwawg4JlKWXcTWTstTwUtfgU6I538WDef2iI66Ig0BM.QNT0t1XZfODm1VprR7NSzwq99HTddbHbZdhngkf_ANg&dib_tag=se&keywords=sustainable+home+goods&qid=1741332594&sr=8-20,23.99,https://m.media-amazon.com/images/I/910pb+R-1UL._AC_UL320_.jpg,5-piece eco-friendly bamboo dish brush set with compostable wood pulp sponges | bamboo kitchen cleaning set,"['compostable', 'eco-friendly', 'bamboo']",6,Strong,Likely Product,Sustainable
"Building a Sustainable Home: Practical Green Design Choices for Your Health, Wealth, and Soul",4.5,114,50+ bought in past month,https://www.amazon.com/Melissa-Rappaport-Schifman/e/B00NODYQY6?ref=sr_ntt_srch_lnk_25&qid=1741332594&sr=8-25,23.99,https://m.media-amazon.com/images/I/81hb6HtpWML._AC_UL320_.jpg,"building a sustainable home: practical green design choices for your health, wealth, and soul",['sustainable'],2,Low,Likely Product,Not Sustainable
"Reusable Cotton Mesh Produce Bags - 100% Organic Cotton, Durable, Double Stitched, Washable with Tare Weight & Drawstring - Mesh Bags for Grocery Shopping, Vegetables & Fruits | 6 Bags (2L, 2M, 2S)",4.7,1790,500+ bought in past month,https://www.amazon.com/Best-Reusable-Produce-Organic-Cotton/dp/B07CK2TJKL/ref=sr_1_26?dib=eyJ2IjoiMSJ9.yvTz3BeM8G_6r6EBlEtdDXgMhpu7Azj6djSgOBwXldQ90y3o2pY1G9HkPc_YaqQ4qnM51fpK2cd_wIuM_e_CKj-833bAzgxS4P1NrQQMz0UD1vJUis-ewC7HHYhAUU7962rlKRzqHpkEw-jYsWnwWXyT__4SiipKdhpWukJStso2t0_Rhx2WFwRd_jEwZowykHfKTk8vDDBRMjqi7sFQPxVSKo-oKxaoB3V44632jn4OIXG-lzCYte0-_QbZJSUec6G95vdo_o6r7Chcvtd-sMaVGshdeXkLDk2mPMXbnY_Hy6Ko9_VozSTXJCF5lkIkBOa3QdwOTmFmKkTsKjswVm56HESk37jzO-2RQYzw7hOZARer1l07FIdtl5iYq8UgCELTHG9EqSA4gWfbz62-Mdwawg4JlKWXcTWTstTwUtfgU6I538WDef2iI66Ig0BM.QNT0t1XZfODm1VprR7NSzwq99HTddbHbZdhngkf_ANg&dib_tag=se&keywords=sustainable+home+goods&qid=1741332594&sr=8-26,17.09,https://m.media-amazon.com/images/I/91s7sLcqZtL._AC_UL320_.jpg,"reusable cotton mesh produce bags - 100% organic cotton, durable, double stitched, washable with tare weight & drawstring - mesh bags for grocery shopping, vegetables & fruits | 6 bags (2l, 2m, 2s)","['reusable', 'organic', 'washable']",6,Strong,Likely Product,Sustainable
Pretty Good House,4.7,191,50+ bought in past month,https://www.amazon.com/Michael-Maines/e/B0BCHC91FK?ref=sr_ntt_srch_lnk_27&qid=1741332594&sr=8-27,25.99,https://m.media-amazon.com/images/I/81Cr-brjbFL._AC_UL320_.jpg,pretty good house,[],0,Low,Likely Product,Not Sustainable
"Bierfilzl Felt Coasters - Square - 100% Merino Wool - Moisture Wicking - Heat Resistant - Sustainable - Home Decor - Housewarming Gift - 4 Coaster Set - 4"" x 4"" x 5 mm - Flowerbed",4.7,263,50+ bought in past month,https://www.amazon.com/Graf-Lantz-Bierfilzl-Sustainable-Housewarming/dp/B0D5C1347J/ref=sr_1_28?dib=eyJ2IjoiMSJ9.yvTz3BeM8G_6r6EBlEtdDXgMhpu7Azj6djSgOBwXldQ90y3o2pY1G9HkPc_YaqQ4qnM51fpK2cd_wIuM_e_CKj-833bAzgxS4P1NrQQMz0UD1vJUis-ewC7HHYhAUU7962rlKRzqHpkEw-jYsWnwWXyT__4SiipKdhpWukJStso2t0_Rhx2WFwRd_jEwZowykHfKTk8vDDBRMjqi7sFQPxVSKo-oKxaoB3V44632jn4OIXG-lzCYte0-_QbZJSUec6G95vdo_o6r7Chcvtd-sMaVGshdeXkLDk2mPMXbnY_Hy6Ko9_VozSTXJCF5lkIkBOa3QdwOTmFmKkTsKjswVm56HESk37jzO-2RQYzw7hOZARer1l07FIdtl5iYq8UgCELTHG9EqSA4gWfbz62-Mdwawg4JlKWXcTWTstTwUtfgU6I538WDef2iI66Ig0BM.QNT0t1XZfODm1VprR7NSzwq99HTddbHbZdhngkf_ANg&dib_tag=se&keywords=sustainable+home+goods&qid=1741332594&sr=8-28,28.0,https://m.media-amazon.com/images/I/71Es3qnbyZL._AC_UL320_.jpg,"bierfilzl felt coasters - square - 100% merino wool - moisture wicking - heat resistant - sustainable - home decor - housewarming gift - 4 coaster set - 4"" x 4"" x 5 mm - flowerbed",['sustainable'],2,Low,Likely Product,Not Sustainable
"Never Home Alone: From Microbes to Millipedes, Camel Crickets, and Honeybees, the Natural History of Where We Live",4.6,364,50+ bought in past month,https://www.amazon.com/Never-Home-Alone-Rob-Dunn-audiobook/dp/B07KPLHYJZ/ref=sr_1_33?dib=eyJ2IjoiMSJ9.yvTz3BeM8G_6r6EBlEtdDXgMhpu7Azj6djSgOBwXldQ90y3o2pY1G9HkPc_YaqQ4qnM51fpK2cd_wIuM_e_CKj-833bAzgxS4P1NrQQMz0UD1vJUis-ewC7HHYhAUU7962rlKRzqHpkEw-jYsWnwWXyT__4SiipKdhpWukJStso2t0_Rhx2WFwRd_jEwZowykHfKTk8vDDBRMjqi7sFQPxVSKo-oKxaoB3V44632jn4OIXG-lzCYte0-_QbZJSUec6G95vdo_o6r7Chcvtd-sMaVGshdeXkLDk2mPMXbnY_Hy6Ko9_VozSTXJCF5lkIkBOa3QdwOTmFmKkTsKjswVm56HESk37jzO-2RQYzw7hOZARer1l07FIdtl5iYq8UgCELTHG9EqSA4gWfbz62-Mdwawg4JlKWXcTWTstTwUtfgU6I538WDef2iI66Ig0BM.QNT0t1XZfODm1VprR7NSzwq99HTddbHbZdhngkf_ANg&dib_tag=se&keywords=sustainable+home+goods&qid=1741332594&sr=8-33,28.0,https://m.media-amazon.com/images/I/91j3+orIU6L._AC_UL320_.jpg,"never home alone: from microbes to millipedes, camel crickets, and honeybees, the natural history of where we live",['natural'],1,Low,Possible Non-Product,Not Sustainable
Swedish Dishcloths 5 Pack | Reusable Paper Towels | Eco-Friendly Cleaning Cloths | Designer Prints | Absorbent Natural Cellulose & Cotton | Sustainable Kitchen Sponge Cloth | Washable,4.5,56,50+ bought in past month,https://www.amazon.com/s?k=sustainable+home+goods#,28.0,https://m.media-amazon.com/images/I/81MjC9vnaZL._AC_UL320_.jpg,swedish dishcloths 5 pack | reusable paper towels | eco-friendly cleaning cloths | designer prints | absorbent natural cellulose & cotton | sustainable kitchen sponge cloth | washable,"['reusable', 'sustainable', 'eco-friendly', 'natural', 'washable']",9,Strong,Likely Product,Sustainable
"Down Alternative Duvet Comforter 100% Peruvian Alpaca Wool Fill - All-Season Hypoallergenic Thermal Control - All natural sustainable, King/Cal King",4.1,102,50+ bought in past month,https://www.amazon.com/s?k=sustainable+home+goods#,28.0,https://m.media-amazon.com/images/I/918cakwWaRL._AC_UL320_.jpg,"down alternative duvet comforter 100% peruvian alpaca wool fill - all-season hypoallergenic thermal control - all natural sustainable, king/cal king","['sustainable', 'natural']",3,Moderate,Likely Product,Potentially Sustainable
"Kitchen Witch: Natural Remedies and Crafts for Home, Health, and Beauty (Good Life)",4.8,13,50+ bought in past month,https://www.amazon.com/Kitchen-Witch-Natural-Remedies-Crafts/dp/1648410413/ref=sr_1_36?dib=eyJ2IjoiMSJ9.yvTz3BeM8G_6r6EBlEtdDXgMhpu7Azj6djSgOBwXldQ90y3o2pY1G9HkPc_YaqQ4qnM51fpK2cd_wIuM_e_CKj-833bAzgxS4P1NrQQMz0UD1vJUis-ewC7HHYhAUU7962rlKRzqHpkEw-jYsWnwWXyT__4SiipKdhpWukJStso2t0_Rhx2WFwRd_jEwZowykHfKTk8vDDBRMjqi7sFQPxVSKo-oKxaoB3V44632jn4OIXG-lzCYte0-_QbZJSUec6G95vdo_o6r7Chcvtd-sMaVGshdeXkLDk2mPMXbnY_Hy6Ko9_VozSTXJCF5lkIkBOa3QdwOTmFmKkTsKjswVm56HESk37jzO-2RQYzw7hOZARer1l07FIdtl5iYq8UgCELTHG9EqSA4gWfbz62-Mdwawg4JlKWXcTWTstTwUtfgU6I538WDef2iI66Ig0BM.QNT0t1XZfODm1VprR7NSzwq99HTddbHbZdhngkf_ANg&dib_tag=se&keywords=sustainable+home+goods&qid=1741332594&sr=8-36,28.0,https://m.media-amazon.com/images/I/715aPcByRrL._AC_UL320_.jpg,"kitchen witch: natural remedies and crafts for home, health, and beauty (good life)",['natural'],1,Low,Likely Product,Not Sustainable
"Holistic Homesteading | Mind Body Soil: Transform Your Life with Self-Sufficient Practices in Gardening, Herbal Remedies, Canning & Preservation for a Modern Sustainable Home",4.9,104,50+ bought in past month,https://www.amazon.com/Mitchell-Hoverman/e/B0DFHT2BJ9?ref=sr_ntt_srch_lnk_41&qid=1741332594&sr=8-41,28.0,https://m.media-amazon.com/images/I/71WuGrtKjnL._AC_UL320_.jpg,"holistic homesteading | mind body soil: transform your life with self-sufficient practices in gardening, herbal remedies, canning & preservation for a modern sustainable home",['sustainable'],2,Low,Likely Product,Not Sustainable
"L’OCCITANE Shea Butter Hand Cream: Nourishes Very Dry Hands, Protects Skin, With 20% Organic Shea Butter, Vegan",4.6,18932,10K+ bought in past month,https://www.amazon.com/LOccitane-Fast-Absorbing-Shea-Butter-Cream/dp/B006UEOQ5K/ref=sr_1_42?dib=eyJ2IjoiMSJ9.yvTz3BeM8G_6r6EBlEtdDXgMhpu7Azj6djSgOBwXldQ90y3o2pY1G9HkPc_YaqQ4qnM51fpK2cd_wIuM_e_CKj-833bAzgxS4P1NrQQMz0UD1vJUis-ewC7HHYhAUU7962rlKRzqHpkEw-jYsWnwWXyT__4SiipKdhpWukJStso2t0_Rhx2WFwRd_jEwZowykHfKTk8vDDBRMjqi7sFQPxVSKo-oKxaoB3V44632jn4OIXG-lzCYte0-_QbZJSUec6G95vdo_o6r7Chcvtd-sMaVGshdeXkLDk2mPMXbnY_Hy6Ko9_VozSTXJCF5lkIkBOa3QdwOTmFmKkTsKjswVm56HESk37jzO-2RQYzw7hOZARer1l07FIdtl5iYq8UgCELTHG9EqSA4gWfbz62-Mdwawg4JlKWXcTWTstTwUtfgU6I538WDef2iI66Ig0BM.QNT0t1XZfODm1VprR7NSzwq99HTddbHbZdhngkf_ANg&dib_tag=se&keywords=sustainable+home+goods&qid=1741332594&sr=8-42,28.0,https://m.media-amazon.com/images/I/51A5YYSXj0L._AC_UL320_.jpg,"l’occitane shea butter hand cream: nourishes very dry hands, protects skin, with 20% organic shea butter, vegan","['organic', 'vegan']",3,Moderate,Likely Product,Potentially Sustainable
"Sustainable Reusable Indoor Recycling Bin for Kitchen, Multipurpose Recycle Bin, Large Recycling Bins for Home, Washable Paper Bag for Recycling (Grey)",4.6,113,50+ bought in past month,https://www.amazon.com/Deeablo-New-York-Sustainable-Multipurpose/dp/B0D83W57N2/ref=sr_1_43?dib=eyJ2IjoiMSJ9.yvTz3BeM8G_6r6EBlEtdDXgMhpu7Azj6djSgOBwXldQ90y3o2pY1G9HkPc_YaqQ4qnM51fpK2cd_wIuM_e_CKj-833bAzgxS4P1NrQQMz0UD1vJUis-ewC7HHYhAUU7962rlKRzqHpkEw-jYsWnwWXyT__4SiipKdhpWukJStso2t0_Rhx2WFwRd_jEwZowykHfKTk8vDDBRMjqi7sFQPxVSKo-oKxaoB3V44632jn4OIXG-lzCYte0-_QbZJSUec6G95vdo_o6r7Chcvtd-sMaVGshdeXkLDk2mPMXbnY_Hy6Ko9_VozSTXJCF5lkIkBOa3QdwOTmFmKkTsKjswVm56HESk37jzO-2RQYzw7hOZARer1l07FIdtl5iYq8UgCELTHG9EqSA4gWfbz62-Mdwawg4JlKWXcTWTstTwUtfgU6I538WDef2iI66Ig0BM.QNT0t1XZfODm1VprR7NSzwq99HTddbHbZdhngkf_ANg&dib_tag=se&keywords=sustainable+home+goods&qid=1741332594&sr=8-43,29.99,https://m.media-amazon.com/images/I/51345g4mcOL._AC_UL320_.jpg,"sustainable reusable indoor recycling bin for kitchen, multipurpose recycle bin, large recycling bins for home, washable paper bag for recycling (grey)","['reusable', 'sustainable', 'washable']",6,Strong,Likely Product,Sustainable
"Bamboo Cutting Board, Durable Wood Cutting Boards for Kitchen with Deep Juice Grooves & Built-in Handles, Ideal Charcuterie & Chopping for Meat, Vegetables - Perfect Kitchen Gift for Home Cooks",4.5,670,10K+ bought in past month,https://www.amazon.com/Cutting-Durable-Charcuterie-Chopping-Vegetables/dp/B0D7M8QB9Y/ref=sr_1_44?dib=eyJ2IjoiMSJ9.yvTz3BeM8G_6r6EBlEtdDXgMhpu7Azj6djSgOBwXldQ90y3o2pY1G9HkPc_YaqQ4qnM51fpK2cd_wIuM_e_CKj-833bAzgxS4P1NrQQMz0UD1vJUis-ewC7HHYhAUU7962rlKRzqHpkEw-jYsWnwWXyT__4SiipKdhpWukJStso2t0_Rhx2WFwRd_jEwZowykHfKTk8vDDBRMjqi7sFQPxVSKo-oKxaoB3V44632jn4OIXG-lzCYte0-_QbZJSUec6G95vdo_o6r7Chcvtd-sMaVGshdeXkLDk2mPMXbnY_Hy6Ko9_VozSTXJCF5lkIkBOa3QdwOTmFmKkTsKjswVm56HESk37jzO-2RQYzw7hOZARer1l07FIdtl5iYq8UgCELTHG9EqSA4gWfbz62-Mdwawg4JlKWXcTWTstTwUtfgU6I538WDef2iI66Ig0BM.QNT0t1XZfODm1VprR7NSzwq99HTddbHbZdhngkf_ANg&dib_tag=se&keywords=sustainable+home+goods&qid=1741332594&sr=8-44,39.95,https://m.media-amazon.com/images/I/81rF0i715fL._AC_UL320_.jpg,"bamboo cutting board, durable wood cutting boards for kitchen with deep juice grooves & built-in handles, ideal charcuterie & chopping for meat, vegetables - perfect kitchen gift for home cooks",['bamboo'],1,Low,Likely Product,Not Sustainable
"The Big Book of Homemade Products for Your Skin, Health and Home: Easy, All-Natural DIY Projects Using Herbs, Flowers and Other Plants",4.8,1567,50+ bought in past month,https://www.amazon.com/Jan-Berry/e/B00M1AWDF2?ref=sr_ntt_srch_lnk_45&qid=1741332594&sr=8-45,39.95,https://m.media-amazon.com/images/I/910sa-WLz3L._AC_UL320_.jpg,"the big book of homemade products for your skin, health and home: easy, all-natural diy projects using herbs, flowers and other plants",['natural'],1,Low,Likely Product,Not Sustainable
Throwbacks Home Interiors: One of a Kind Home Design from Reclaimed and Salvaged Goods,4.3,18,50+ bought in past month,https://www.amazon.com/Bo-Shepherd/e/B0CP887TZ1?ref=sr_ntt_srch_lnk_46&qid=1741332594&sr=8-46,39.95,https://m.media-amazon.com/images/I/81NsHZKRaFL._AC_UL320_.jpg,throwbacks home interiors: one of a kind home design from reclaimed and salvaged goods,[],0,Low,Likely Product,Not Sustainable
"Swedish Dishcloths for Kitchen | 5 Pack Watercolor Reusable Paper Towels Washable | Swedish Dish Towels | Non-Scratch Cellulose Sponge Cloths | No Odor, Biodegradable Cleaning Cloths",4.6,5751,1K+ bought in past month,https://www.amazon.com/FEBU-Dishcloths-Watercolor-Cellulose-Biodegradable/dp/B09JPC3688/ref=sr_1_47?dib=eyJ2IjoiMSJ9.yvTz3BeM8G_6r6EBlEtdDXgMhpu7Azj6djSgOBwXldQ90y3o2pY1G9HkPc_YaqQ4qnM51fpK2cd_wIuM_e_CKj-833bAzgxS4P1NrQQMz0UD1vJUis-ewC7HHYhAUU7962rlKRzqHpkEw-jYsWnwWXyT__4SiipKdhpWukJStso2t0_Rhx2WFwRd_jEwZowykHfKTk8vDDBRMjqi7sFQPxVSKo-oKxaoB3V44632jn4OIXG-lzCYte0-_QbZJSUec6G95vdo_o6r7Chcvtd-sMaVGshdeXkLDk2mPMXbnY_Hy6Ko9_VozSTXJCF5lkIkBOa3QdwOTmFmKkTsKjswVm56HESk37jzO-2RQYzw7hOZARer1l07FIdtl5iYq8UgCELTHG9EqSA4gWfbz62-Mdwawg4JlKWXcTWTstTwUtfgU6I538WDef2iI66Ig0BM.QNT0t1XZfODm1VprR7NSzwq99HTddbHbZdhngkf_ANg&dib_tag=se&keywords=sustainable+home+goods&qid=1741332594&sr=8-47,11.2,https://m.media-amazon.com/images/I/81FBh8uXs-L._AC_UL320_.jpg,"swedish dishcloths for kitchen | 5 pack watercolor reusable paper towels washable | swedish dish towels | non-scratch cellulose sponge cloths | no odor, biodegradable cleaning cloths","['biodegradable', 'reusable', 'washable']",7,Strong,Likely Product,Sustainable
Back to Basics: A Complete Guide to Traditional Skills (Back to Basics Guides),4.8,4883,50+ bought in past month,https://www.amazon.com/dp/B0843PT62R?binding=hardcover&searchxofy=true&ref_=dbs_s_aps_series_rwt_thcv&qid=1741332594&sr=8-49,11.2,https://m.media-amazon.com/images/I/81VgfaAWITL._AC_UL320_.jpg,back to basics: a complete guide to traditional skills (back to basics guides),[],0,Low,Possible Non-Product,Not Sustainable
Potato Onion Garlic Storage Containers - Farmhouse Kitchen Storage Organization Pots - Sustainable Jute Cotton Vegetable Baskets Bins - Drawstring Holder,4.3,61,50+ bought in past month,https://www.amazon.com/MERAKI-Potato-Garlic-Storage-Containers/dp/B09X84B6XT/ref=sr_1_50?dib=eyJ2IjoiMSJ9.yvTz3BeM8G_6r6EBlEtdDXgMhpu7Azj6djSgOBwXldQ90y3o2pY1G9HkPc_YaqQ4qnM51fpK2cd_wIuM_e_CKj-833bAzgxS4P1NrQQMz0UD1vJUis-ewC7HHYhAUU7962rlKRzqHpkEw-jYsWnwWXyT__4SiipKdhpWukJStso2t0_Rhx2WFwRd_jEwZowykHfKTk8vDDBRMjqi7sFQPxVSKo-oKxaoB3V44632jn4OIXG-lzCYte0-_QbZJSUec6G95vdo_o6r7Chcvtd-sMaVGshdeXkLDk2mPMXbnY_Hy6Ko9_VozSTXJCF5lkIkBOa3QdwOTmFmKkTsKjswVm56HESk37jzO-2RQYzw7hOZARer1l07FIdtl5iYq8UgCELTHG9EqSA4gWfbz62-Mdwawg4JlKWXcTWTstTwUtfgU6I538WDef2iI66Ig0BM.QNT0t1XZfODm1VprR7NSzwq99HTddbHbZdhngkf_ANg&dib_tag=se&keywords=sustainable+home+goods&qid=1741332594&sr=8-50,29.97,https://m.media-amazon.com/images/I/91h+tvQPxCL._AC_UL320_.jpg,potato onion garlic storage containers - farmhouse kitchen storage organization pots - sustainable jute cotton vegetable baskets bins - drawstring holder,['sustainable'],2,Low,Likely Product,Not Sustainable
"New Good Food Pocket Guide, rev: Shopper's Pocket Guide to Organic, Sustainable, and Seasonal Whole Foods",4.5,26,50+ bought in past month,https://www.amazon.com/Margaret-M-Wittenberg/e/B001JRVBH4?ref=sr_ntt_srch_lnk_51&qid=1741332594&sr=8-51,29.97,https://m.media-amazon.com/images/I/71D8FtwRKXL._AC_UL320_.jpg,"new good food pocket guide, rev: shopper's pocket guide to organic, sustainable, and seasonal whole foods","['sustainable', 'organic']",4,Moderate,Possible Non-Product,Potentially Sustainable
"Signature Pillow w/Adjustable Loft • Shredded Memory Foam Fill • Neutral Alignment for Side, Back, and Stomach Sleepers • Washable Bamboo Rayon Cover • CertiPUR-US Certified Foam (Queen)",4.5,18303,3K+ bought in past month,https://www.amazon.com/s?k=sustainable+home+goods#,29.97,https://m.media-amazon.com/images/I/71CbcHNiiVL._AC_UL320_.jpg,"signature pillow w/adjustable loft • shredded memory foam fill • neutral alignment for side, back, and stomach sleepers • washable bamboo rayon cover • certipur-us certified foam (queen)","['bamboo', 'washable']",2,Low,Likely Product,Not Sustainable
Premium Natural Kitchen Sponge | Non Scratch | Long Lasting | Waste Free | Compostable Sponge Kitchen | Natural Fiber | Eco-Friendly | Eartch Friendly | Vegan | 6 Pack,4.3,326,500+ bought in past month,https://www.amazon.com/s?k=sustainable+home+goods#,29.97,https://m.media-amazon.com/images/I/71g+Afy5T9L._AC_UL320_.jpg,premium natural kitchen sponge | non scratch | long lasting | waste free | compostable sponge kitchen | natural fiber | eco-friendly | eartch friendly | vegan | 6 pack,"['compostable', 'eco-friendly', 'natural', 'vegan']",7,Strong,Likely Product,Sustainable
"Luxury Rayon Derived from Bamboo Shredded Memory Foam Pillow - Adjustable & Removable Fill - Cool & Breathable Cover with Zipper for Side, Back, & Stomach Sleepers (Queen)",4.3,5491,600+ bought in past month,https://www.amazon.com/s?k=sustainable+home+goods#,29.97,https://m.media-amazon.com/images/I/81bPc3LytCL._AC_UL320_.jpg,"luxury rayon derived from bamboo shredded memory foam pillow - adjustable & removable fill - cool & breathable cover with zipper for side, back, & stomach sleepers (queen)",['bamboo'],1,Low,Likely Product,Not Sustainable
"Shredded Memory Foam Pillows Queen Size Set, Cooling Pillows for Sleeping, Adjustable Loft Bed Firm or Soft, Side, Back, Stomach, Hot Sleepers (20""x 30"")",4.4,4015,1K+ bought in past month,https://www.amazon.com/s?k=sustainable+home+goods#,29.97,https://m.media-amazon.com/images/I/71F5+5WLIGL._AC_UL320_.jpg,"shredded memory foam pillows queen size set, cooling pillows for sleeping, adjustable loft bed firm or soft, side, back, stomach, hot sleepers (20""x 30"")",[],0,Low,Likely Product,Not Sustainable
"Shredded Memory Foam Pillow- Allergy-Friendly & Cooling Pillow Cover for Side, Back & Stomach Sleepers- Machine Washable - Foam Pillows for Sleeping & Neck Pain Relief (Queen)",4.1,8166,200+ bought in past month,https://www.amazon.com/s?k=sustainable+home+goods#,29.97,https://m.media-amazon.com/images/I/91Tu5XlktxL._AC_UL320_.jpg,"shredded memory foam pillow- allergy-friendly & cooling pillow cover for side, back & stomach sleepers- machine washable - foam pillows for sleeping & neck pain relief (queen)",['washable'],1,Low,Likely Product,Not Sustainable
"Microfiber Kitchen Towels and Dishcloths Set, 12 Pack Soft and Absorbent Dish Hand Towels Bulk, 28 x 16 Inch & 12 x 12 Inch Quick Drying Rags for Washing Dishes, Grey",4.3,26,700+ bought in past month,https://www.amazon.com/s?k=sustainable+home+goods#,29.97,https://m.media-amazon.com/images/I/81gphnn2ogL._AC_UL320_.jpg,"microfiber kitchen towels and dishcloths set, 12 pack soft and absorbent dish hand towels bulk, 28 x 16 inch & 12 x 12 inch quick drying rags for washing dishes, grey",[],0,Low,Likely Product,Not Sustainable
"2 Pillows, Shredded Memory Foam Bed Pillows for Sleeping, with Washable Removable Cooling Hypoallergenic Sleep Pillow for Back and Side Sleeper, Queen (2-Pack)",4.5,2152,1K+ bought in past month,https://www.amazon.com/s?k=sustainable+home+goods#,29.97,https://m.media-amazon.com/images/I/51E3IUhCAOL._AC_UL320_.jpg,"2 pillows, shredded memory foam bed pillows for sleeping, with washable removable cooling hypoallergenic sleep pillow for back and side sleeper, queen (2-pack)",['washable'],1,Low,Likely Product,Not Sustainable
"FlexCool Adjustable Bed Pillow, Lasting Cooling Surface, Shredded Memory Foam, Best Pillow for Neck Pain by Better Homes Gardens, Medium Firm, Perfect for Back, Side, Stomach Sleeper (King)",4.7,62,50+ bought in past month,https://www.amazon.com/s?k=sustainable+home+goods#,29.97,https://m.media-amazon.com/images/I/51Ot4k-KHlL._AC_UL320_.jpg,"flexcool adjustable bed pillow, lasting cooling surface, shredded memory foam, best pillow for neck pain by better homes gardens, medium firm, perfect for back, side, stomach sleeper (king)",[],0,Low,Likely Product,Not Sustainable
"Biodegradable Bamboo Toothbrushes, 10 Piece BPA Free Soft Bristles Toothbrushes, Natural, Eco-Friendly, Green and Compostable",4.5,17140,2K+ bought in past month,https://www.amazon.com/Nuduko-Biodegradable-Toothbrushes-Toothbrush-Eco-Friendly/dp/B07V4CW682/ref=sr_1_1?dib=eyJ2IjoiMSJ9.ESuuGx7BCGG4iD0-_RlXKNxUaYMfcmQsWJDkm6EBljH8N_fBjOIYy0nWRxSRL0XUv_-msRuelYn-6oJhpPsJrbzoxMoENUlTZHrzJ8mfY_5Ki6Cua8gENB-eZjvAoVI47IlWsrGifoKDgpI2QuL7a5vP2J-g4c9IsHl8tITy_UIJ3GsTKly8HTbLhx2MRFz2b-jxxkRqE-dVYjX74y98bczt5DGJvi44tpZ-4o3jBNuXJlWb3_vO_ix_QDo0It7rVVNnEjxYyLc-7IaolnzpVWGnRQhPh_m3udAJXoanXBLS3mqa8lWukkOxyd0pYVcJjE0vP5ybXI2lHJCUPMwvF95XCAlqRY9VbsloWdN-dqd2x7vp8l6Z6e1QQjeuKFyA80uO_yJ4IdwVdtQzB8ajes3Gw-pk-iRZdL0VkKVqhJyvgnFSiB5c1YreeY9U8y4V.SM-AeEHAfnWdT3lWy88N1GAwxCGwZabp1Ng2vbxaBbw&dib_tag=se&keywords=bamboo+home+products&qid=1741332727&sr=8-1,29.97,https://m.media-amazon.com/images/I/716ZQnEWyUL._AC_UL320_.jpg,"biodegradable bamboo toothbrushes, 10 piece bpa free soft bristles toothbrushes, natural, eco-friendly, green and compostable","['biodegradable', 'compostable', 'eco-friendly', 'bamboo', 'natural']",10,Strong,Likely Product,Sustainable
"Bamboo Cutting Board, Durable Wood Cutting Boards for Kitchen with Deep Juice Grooves & Built-in Handles, Ideal Charcuterie & Chopping for Meat, Vegetables - Perfect Kitchen Gift for Home Cooks",4.5,670,10K+ bought in past month,https://www.amazon.com/Cutting-Durable-Charcuterie-Chopping-Vegetables/dp/B0D7M8QB9Y/ref=sr_1_2?dib=eyJ2IjoiMSJ9.ESuuGx7BCGG4iD0-_RlXKNxUaYMfcmQsWJDkm6EBljH8N_fBjOIYy0nWRxSRL0XUv_-msRuelYn-6oJhpPsJrbzoxMoENUlTZHrzJ8mfY_5Ki6Cua8gENB-eZjvAoVI47IlWsrGifoKDgpI2QuL7a5vP2J-g4c9IsHl8tITy_UIJ3GsTKly8HTbLhx2MRFz2b-jxxkRqE-dVYjX74y98bczt5DGJvi44tpZ-4o3jBNuXJlWb3_vO_ix_QDo0It7rVVNnEjxYyLc-7IaolnzpVWGnRQhPh_m3udAJXoanXBLS3mqa8lWukkOxyd0pYVcJjE0vP5ybXI2lHJCUPMwvF95XCAlqRY9VbsloWdN-dqd2x7vp8l6Z6e1QQjeuKFyA80uO_yJ4IdwVdtQzB8ajes3Gw-pk-iRZdL0VkKVqhJyvgnFSiB5c1YreeY9U8y4V.SM-AeEHAfnWdT3lWy88N1GAwxCGwZabp1Ng2vbxaBbw&dib_tag=se&keywords=bamboo+home+products&qid=1741332727&sr=8-2,39.95,https://m.media-amazon.com/images/I/81rF0i715fL._AC_UL320_.jpg,"bamboo cutting board, durable wood cutting boards for kitchen with deep juice grooves & built-in handles, ideal charcuterie & chopping for meat, vegetables - perfect kitchen gift for home cooks",['bamboo'],1,Low,Likely Product,Not Sustainable
"Natural Charcoal Bamboo Dental Floss, 3-Pack, Bamboo Floss, Organic Floss, Charcoal Floss, Eco Floss, Pfas Free Dental Floss, Reusable Floss, Natural Floss",4.5,628,50+ bought in past month,https://www.amazon.com/Bamboo-Charcoal-Floss-Plant-based-Candelilla/dp/B085SX9KCN/ref=sr_1_3?dib=eyJ2IjoiMSJ9.ESuuGx7BCGG4iD0-_RlXKNxUaYMfcmQsWJDkm6EBljH8N_fBjOIYy0nWRxSRL0XUv_-msRuelYn-6oJhpPsJrbzoxMoENUlTZHrzJ8mfY_5Ki6Cua8gENB-eZjvAoVI47IlWsrGifoKDgpI2QuL7a5vP2J-g4c9IsHl8tITy_UIJ3GsTKly8HTbLhx2MRFz2b-jxxkRqE-dVYjX74y98bczt5DGJvi44tpZ-4o3jBNuXJlWb3_vO_ix_QDo0It7rVVNnEjxYyLc-7IaolnzpVWGnRQhPh_m3udAJXoanXBLS3mqa8lWukkOxyd0pYVcJjE0vP5ybXI2lHJCUPMwvF95XCAlqRY9VbsloWdN-dqd2x7vp8l6Z6e1QQjeuKFyA80uO_yJ4IdwVdtQzB8ajes3Gw-pk-iRZdL0VkKVqhJyvgnFSiB5c1YreeY9U8y4V.SM-AeEHAfnWdT3lWy88N1GAwxCGwZabp1Ng2vbxaBbw&dib_tag=se&keywords=bamboo+home+products&qid=1741332727&sr=8-3,9.99,https://m.media-amazon.com/images/I/81AbWOqEOzL._AC_UL320_.jpg,"natural charcoal bamboo dental floss, 3-pack, bamboo floss, organic floss, charcoal floss, eco floss, pfas free dental floss, reusable floss, natural floss","['reusable', 'organic', 'bamboo', 'natural']",7,Strong,Likely Product,Sustainable
10 Pack Nature Dish Sponge - Natural Kitchen Sponge - Coconut Fiber and Wood Cellulose Scrubber Sponge,4.5,273,500+ bought in past month,https://www.amazon.com/GREENTH-PRO-Pack-Nature-Sponge/dp/B0BYZ1VVWZ/ref=sr_1_4?dib=eyJ2IjoiMSJ9.ESuuGx7BCGG4iD0-_RlXKNxUaYMfcmQsWJDkm6EBljH8N_fBjOIYy0nWRxSRL0XUv_-msRuelYn-6oJhpPsJrbzoxMoENUlTZHrzJ8mfY_5Ki6Cua8gENB-eZjvAoVI47IlWsrGifoKDgpI2QuL7a5vP2J-g4c9IsHl8tITy_UIJ3GsTKly8HTbLhx2MRFz2b-jxxkRqE-dVYjX74y98bczt5DGJvi44tpZ-4o3jBNuXJlWb3_vO_ix_QDo0It7rVVNnEjxYyLc-7IaolnzpVWGnRQhPh_m3udAJXoanXBLS3mqa8lWukkOxyd0pYVcJjE0vP5ybXI2lHJCUPMwvF95XCAlqRY9VbsloWdN-dqd2x7vp8l6Z6e1QQjeuKFyA80uO_yJ4IdwVdtQzB8ajes3Gw-pk-iRZdL0VkKVqhJyvgnFSiB5c1YreeY9U8y4V.SM-AeEHAfnWdT3lWy88N1GAwxCGwZabp1Ng2vbxaBbw&dib_tag=se&keywords=bamboo+home+products&qid=1741332727&sr=8-4,9.99,https://m.media-amazon.com/images/I/819u9FrcReL._AC_UL320_.jpg,10 pack nature dish sponge - natural kitchen sponge - coconut fiber and wood cellulose scrubber sponge,['natural'],1,Low,Likely Product,Not Sustainable
"100Pads Foot Pads | Natural Bamboo Vinegar Ginger Powder Foot Pads | Deep Cleansing Foot Paches for Stress Relief, Better Sleep Suitable for Travel or Home Use",4.0,4048,1K+ bought in past month,https://www.amazon.com/100Packs-Adhesive-Removing-Impurities-Suitable/dp/B08NYRQ3NV/ref=sr_1_5?dib=eyJ2IjoiMSJ9.ESuuGx7BCGG4iD0-_RlXKNxUaYMfcmQsWJDkm6EBljH8N_fBjOIYy0nWRxSRL0XUv_-msRuelYn-6oJhpPsJrbzoxMoENUlTZHrzJ8mfY_5Ki6Cua8gENB-eZjvAoVI47IlWsrGifoKDgpI2QuL7a5vP2J-g4c9IsHl8tITy_UIJ3GsTKly8HTbLhx2MRFz2b-jxxkRqE-dVYjX74y98bczt5DGJvi44tpZ-4o3jBNuXJlWb3_vO_ix_QDo0It7rVVNnEjxYyLc-7IaolnzpVWGnRQhPh_m3udAJXoanXBLS3mqa8lWukkOxyd0pYVcJjE0vP5ybXI2lHJCUPMwvF95XCAlqRY9VbsloWdN-dqd2x7vp8l6Z6e1QQjeuKFyA80uO_yJ4IdwVdtQzB8ajes3Gw-pk-iRZdL0VkKVqhJyvgnFSiB5c1YreeY9U8y4V.SM-AeEHAfnWdT3lWy88N1GAwxCGwZabp1Ng2vbxaBbw&dib_tag=se&keywords=bamboo+home+products&qid=1741332727&sr=8-5,13.66,https://m.media-amazon.com/images/I/71YgclOyGtL._AC_UL320_.jpg,"100pads foot pads | natural bamboo vinegar ginger powder foot pads | deep cleansing foot paches for stress relief, better sleep suitable for travel or home use","['bamboo', 'natural']",2,Low,Likely Product,Not Sustainable
"Bamboo Scented Candles Natural Non Toxic, Aromatherapy Candle for Stress Relief Meditation Relaxing, Housewarming Gifts for Women Men, 11.3oz 70 Hour Long Burning",4.2,681,100+ bought in past month,https://www.amazon.com/SENSE-Aromatherapy-Meditation-Relaxing-Housewarming/dp/B0D5H19V5T/ref=sr_1_6?dib=eyJ2IjoiMSJ9.ESuuGx7BCGG4iD0-_RlXKNxUaYMfcmQsWJDkm6EBljH8N_fBjOIYy0nWRxSRL0XUv_-msRuelYn-6oJhpPsJrbzoxMoENUlTZHrzJ8mfY_5Ki6Cua8gENB-eZjvAoVI47IlWsrGifoKDgpI2QuL7a5vP2J-g4c9IsHl8tITy_UIJ3GsTKly8HTbLhx2MRFz2b-jxxkRqE-dVYjX74y98bczt5DGJvi44tpZ-4o3jBNuXJlWb3_vO_ix_QDo0It7rVVNnEjxYyLc-7IaolnzpVWGnRQhPh_m3udAJXoanXBLS3mqa8lWukkOxyd0pYVcJjE0vP5ybXI2lHJCUPMwvF95XCAlqRY9VbsloWdN-dqd2x7vp8l6Z6e1QQjeuKFyA80uO_yJ4IdwVdtQzB8ajes3Gw-pk-iRZdL0VkKVqhJyvgnFSiB5c1YreeY9U8y4V.SM-AeEHAfnWdT3lWy88N1GAwxCGwZabp1Ng2vbxaBbw&dib_tag=se&keywords=bamboo+home+products&qid=1741332727&sr=8-6,17.99,https://m.media-amazon.com/images/I/61+Ya2MriuL._AC_UL320_.jpg,"bamboo scented candles natural non toxic, aromatherapy candle for stress relief meditation relaxing, housewarming gifts for women men, 11.3oz 70 hour long burning","['bamboo', 'natural']",2,Low,Likely Product,Not Sustainable
"LEGO Botanicals Lucky Bamboo Building Set - Artificial Plant for Indoor Home Décor, Adults Ages 18+ - Fake Plant Decoration for Table, Desk, Office - Unique Gift for Her & Him - 10344",4.9,349,20K+ bought in past month,https://www.amazon.com/LEGO-Botanicals-Lucky-Bamboo-Building/dp/B0DJ18ZWYQ/ref=sr_1_7?dib=eyJ2IjoiMSJ9.ESuuGx7BCGG4iD0-_RlXKNxUaYMfcmQsWJDkm6EBljH8N_fBjOIYy0nWRxSRL0XUv_-msRuelYn-6oJhpPsJrbzoxMoENUlTZHrzJ8mfY_5Ki6Cua8gENB-eZjvAoVI47IlWsrGifoKDgpI2QuL7a5vP2J-g4c9IsHl8tITy_UIJ3GsTKly8HTbLhx2MRFz2b-jxxkRqE-dVYjX74y98bczt5DGJvi44tpZ-4o3jBNuXJlWb3_vO_ix_QDo0It7rVVNnEjxYyLc-7IaolnzpVWGnRQhPh_m3udAJXoanXBLS3mqa8lWukkOxyd0pYVcJjE0vP5ybXI2lHJCUPMwvF95XCAlqRY9VbsloWdN-dqd2x7vp8l6Z6e1QQjeuKFyA80uO_yJ4IdwVdtQzB8ajes3Gw-pk-iRZdL0VkKVqhJyvgnFSiB5c1YreeY9U8y4V.SM-AeEHAfnWdT3lWy88N1GAwxCGwZabp1Ng2vbxaBbw&dib_tag=se&keywords=bamboo+home+products&qid=1741332727&sr=8-7,29.95,https://m.media-amazon.com/images/I/71uY4UvQEfL._AC_UL320_.jpg,"lego botanicals lucky bamboo building set - artificial plant for indoor home décor, adults ages 18+ - fake plant decoration for table, desk, office - unique gift for her & him - 10344",['bamboo'],1,Low,Likely Product,Not Sustainable
"20 Pack Reusable Paper Towels Washable - Nature Friendly - Organic Cotton Alternative - Thick, Strong, Paperless Kitchen Dish Cloths - Reusable Napkins - Dish Towels - Cloth Napkin - Kitchen Towels",4.4,3274,900+ bought in past month,https://www.amazon.com/Reusable-Alternative-Washable-Paperless-Zerowaste/dp/B07PQ4W45S/ref=sr_1_8?dib=eyJ2IjoiMSJ9.ESuuGx7BCGG4iD0-_RlXKNxUaYMfcmQsWJDkm6EBljH8N_fBjOIYy0nWRxSRL0XUv_-msRuelYn-6oJhpPsJrbzoxMoENUlTZHrzJ8mfY_5Ki6Cua8gENB-eZjvAoVI47IlWsrGifoKDgpI2QuL7a5vP2J-g4c9IsHl8tITy_UIJ3GsTKly8HTbLhx2MRFz2b-jxxkRqE-dVYjX74y98bczt5DGJvi44tpZ-4o3jBNuXJlWb3_vO_ix_QDo0It7rVVNnEjxYyLc-7IaolnzpVWGnRQhPh_m3udAJXoanXBLS3mqa8lWukkOxyd0pYVcJjE0vP5ybXI2lHJCUPMwvF95XCAlqRY9VbsloWdN-dqd2x7vp8l6Z6e1QQjeuKFyA80uO_yJ4IdwVdtQzB8ajes3Gw-pk-iRZdL0VkKVqhJyvgnFSiB5c1YreeY9U8y4V.SM-AeEHAfnWdT3lWy88N1GAwxCGwZabp1Ng2vbxaBbw&dib_tag=se&keywords=bamboo+home+products&qid=1741332727&sr=8-8,31.94,https://m.media-amazon.com/images/I/81WV3GCPceL._AC_UL320_.jpg,"20 pack reusable paper towels washable - nature friendly - organic cotton alternative - thick, strong, paperless kitchen dish cloths - reusable napkins - dish towels - cloth napkin - kitchen towels","['reusable', 'organic', 'washable']",6,Strong,Likely Product,Sustainable
"VFULIE 100PCS Reed Diffuser Sticks, 10 Inch Natural Rattan Wood Sticks Essential Oil Aroma Diffuser Sticks Refill Replacement for Aroma Fragrance (Primary Color)",4.3,10548,4K+ bought in past month,https://www.amazon.com/Diffuser-Natural-Essential-Replacement-Fragrance/dp/B082NV1NS3/ref=sr_1_9?dib=eyJ2IjoiMSJ9.ESuuGx7BCGG4iD0-_RlXKNxUaYMfcmQsWJDkm6EBljH8N_fBjOIYy0nWRxSRL0XUv_-msRuelYn-6oJhpPsJrbzoxMoENUlTZHrzJ8mfY_5Ki6Cua8gENB-eZjvAoVI47IlWsrGifoKDgpI2QuL7a5vP2J-g4c9IsHl8tITy_UIJ3GsTKly8HTbLhx2MRFz2b-jxxkRqE-dVYjX74y98bczt5DGJvi44tpZ-4o3jBNuXJlWb3_vO_ix_QDo0It7rVVNnEjxYyLc-7IaolnzpVWGnRQhPh_m3udAJXoanXBLS3mqa8lWukkOxyd0pYVcJjE0vP5ybXI2lHJCUPMwvF95XCAlqRY9VbsloWdN-dqd2x7vp8l6Z6e1QQjeuKFyA80uO_yJ4IdwVdtQzB8ajes3Gw-pk-iRZdL0VkKVqhJyvgnFSiB5c1YreeY9U8y4V.SM-AeEHAfnWdT3lWy88N1GAwxCGwZabp1Ng2vbxaBbw&dib_tag=se&keywords=bamboo+home+products&qid=1741332727&sr=8-9,5.99,https://m.media-amazon.com/images/I/71QOqGqbSkL._AC_UL320_.jpg,"vfulie 100pcs reed diffuser sticks, 10 inch natural rattan wood sticks essential oil aroma diffuser sticks refill replacement for aroma fragrance (primary color)",['natural'],1,Low,Likely Product,Not Sustainable
Tieralia 5-Piece Eco-Friendly Bamboo Dish Brush Set with Compostable Wood Pulp Sponges | Bamboo Kitchen Cleaning Set,4.4,232,200+ bought in past month,https://www.amazon.com/Tieralia-Bamboo-Kitchen-Sustainable-Eco-Friendly/dp/B098CYHJ34/ref=sr_1_10?dib=eyJ2IjoiMSJ9.ESuuGx7BCGG4iD0-_RlXKNxUaYMfcmQsWJDkm6EBljH8N_fBjOIYy0nWRxSRL0XUv_-msRuelYn-6oJhpPsJrbzoxMoENUlTZHrzJ8mfY_5Ki6Cua8gENB-eZjvAoVI47IlWsrGifoKDgpI2QuL7a5vP2J-g4c9IsHl8tITy_UIJ3GsTKly8HTbLhx2MRFz2b-jxxkRqE-dVYjX74y98bczt5DGJvi44tpZ-4o3jBNuXJlWb3_vO_ix_QDo0It7rVVNnEjxYyLc-7IaolnzpVWGnRQhPh_m3udAJXoanXBLS3mqa8lWukkOxyd0pYVcJjE0vP5ybXI2lHJCUPMwvF95XCAlqRY9VbsloWdN-dqd2x7vp8l6Z6e1QQjeuKFyA80uO_yJ4IdwVdtQzB8ajes3Gw-pk-iRZdL0VkKVqhJyvgnFSiB5c1YreeY9U8y4V.SM-AeEHAfnWdT3lWy88N1GAwxCGwZabp1Ng2vbxaBbw&dib_tag=se&keywords=bamboo+home+products&qid=1741332727&sr=8-10,23.99,https://m.media-amazon.com/images/I/910pb+R-1UL._AC_UL320_.jpg,tieralia 5-piece eco-friendly bamboo dish brush set with compostable wood pulp sponges | bamboo kitchen cleaning set,"['compostable', 'eco-friendly', 'bamboo']",6,Strong,Likely Product,Sustainable
"SpaceAid WrapNeat 3 in 1 Wrap Organizer with Cutter and Labels, Plastic Wrap, Aluminum Foil and Wax Bamboo Dispenser for Kitchen Storage Organization Holder for 12"" Roll (Natural)",4.4,5517,2K+ bought in past month,https://www.amazon.com/SpaceAid-WrapNeat-Dispenser-Organizer-Compatible/dp/B09FPFTMVX/ref=sr_1_11?dib=eyJ2IjoiMSJ9.ESuuGx7BCGG4iD0-_RlXKNxUaYMfcmQsWJDkm6EBljH8N_fBjOIYy0nWRxSRL0XUv_-msRuelYn-6oJhpPsJrbzoxMoENUlTZHrzJ8mfY_5Ki6Cua8gENB-eZjvAoVI47IlWsrGifoKDgpI2QuL7a5vP2J-g4c9IsHl8tITy_UIJ3GsTKly8HTbLhx2MRFz2b-jxxkRqE-dVYjX74y98bczt5DGJvi44tpZ-4o3jBNuXJlWb3_vO_ix_QDo0It7rVVNnEjxYyLc-7IaolnzpVWGnRQhPh_m3udAJXoanXBLS3mqa8lWukkOxyd0pYVcJjE0vP5ybXI2lHJCUPMwvF95XCAlqRY9VbsloWdN-dqd2x7vp8l6Z6e1QQjeuKFyA80uO_yJ4IdwVdtQzB8ajes3Gw-pk-iRZdL0VkKVqhJyvgnFSiB5c1YreeY9U8y4V.SM-AeEHAfnWdT3lWy88N1GAwxCGwZabp1Ng2vbxaBbw&dib_tag=se&keywords=bamboo+home+products&qid=1741332727&sr=8-11,24.65,https://m.media-amazon.com/images/I/71a+-ANxPwL._AC_UL320_.jpg,"spaceaid wrapneat 3 in 1 wrap organizer with cutter and labels, plastic wrap, aluminum foil and wax bamboo dispenser for kitchen storage organization holder for 12"" roll (natural)","['bamboo', 'natural']",2,Low,Likely Product,Not Sustainable
"sungwoo 4PCS Glass Cups with Bamboo Lids and Straws, 16OZ Ice Coffee Cup, Drinking Cup set with Wooden Lids, Home Essential Glass Tumblers for Beer, Cocktail, Tea and Latte Clear",4.3,1180,3K+ bought in past month,https://www.amazon.com/sungwoo-Drinking-Essential-Tumblers-Cocktail/dp/B0C8SX5TMX/ref=sr_1_12?dib=eyJ2IjoiMSJ9.ESuuGx7BCGG4iD0-_RlXKNxUaYMfcmQsWJDkm6EBljH8N_fBjOIYy0nWRxSRL0XUv_-msRuelYn-6oJhpPsJrbzoxMoENUlTZHrzJ8mfY_5Ki6Cua8gENB-eZjvAoVI47IlWsrGifoKDgpI2QuL7a5vP2J-g4c9IsHl8tITy_UIJ3GsTKly8HTbLhx2MRFz2b-jxxkRqE-dVYjX74y98bczt5DGJvi44tpZ-4o3jBNuXJlWb3_vO_ix_QDo0It7rVVNnEjxYyLc-7IaolnzpVWGnRQhPh_m3udAJXoanXBLS3mqa8lWukkOxyd0pYVcJjE0vP5ybXI2lHJCUPMwvF95XCAlqRY9VbsloWdN-dqd2x7vp8l6Z6e1QQjeuKFyA80uO_yJ4IdwVdtQzB8ajes3Gw-pk-iRZdL0VkKVqhJyvgnFSiB5c1YreeY9U8y4V.SM-AeEHAfnWdT3lWy88N1GAwxCGwZabp1Ng2vbxaBbw&dib_tag=se&keywords=bamboo+home+products&qid=1741332727&sr=8-12,13.99,https://m.media-amazon.com/images/I/7106-B8HSTL._AC_UL320_.jpg,"sungwoo 4pcs glass cups with bamboo lids and straws, 16oz ice coffee cup, drinking cup set with wooden lids, home essential glass tumblers for beer, cocktail, tea and latte clear",['bamboo'],1,Low,Likely Product,Not Sustainable
"Slim Laundry Basket with Lid, Narrow Laundry Hamper with Removable Bag, Skinny Dirty Clothes Basket with Bamboo Handles for Bathroom, Bedroom & Laundry Room, 75L White",4.2,2260,200+ bought in past month,https://www.amazon.com/efluky-Laundry-Removable-Clothes-Bathroom/dp/B0DJQF23Z3/ref=sr_1_13?dib=eyJ2IjoiMSJ9.ESuuGx7BCGG4iD0-_RlXKNxUaYMfcmQsWJDkm6EBljH8N_fBjOIYy0nWRxSRL0XUv_-msRuelYn-6oJhpPsJrbzoxMoENUlTZHrzJ8mfY_5Ki6Cua8gENB-eZjvAoVI47IlWsrGifoKDgpI2QuL7a5vP2J-g4c9IsHl8tITy_UIJ3GsTKly8HTbLhx2MRFz2b-jxxkRqE-dVYjX74y98bczt5DGJvi44tpZ-4o3jBNuXJlWb3_vO_ix_QDo0It7rVVNnEjxYyLc-7IaolnzpVWGnRQhPh_m3udAJXoanXBLS3mqa8lWukkOxyd0pYVcJjE0vP5ybXI2lHJCUPMwvF95XCAlqRY9VbsloWdN-dqd2x7vp8l6Z6e1QQjeuKFyA80uO_yJ4IdwVdtQzB8ajes3Gw-pk-iRZdL0VkKVqhJyvgnFSiB5c1YreeY9U8y4V.SM-AeEHAfnWdT3lWy88N1GAwxCGwZabp1Ng2vbxaBbw&dib_tag=se&keywords=bamboo+home+products&qid=1741332727&sr=8-13,26.99,https://m.media-amazon.com/images/I/71dQ75DFqfL._AC_UL320_.jpg,"slim laundry basket with lid, narrow laundry hamper with removable bag, skinny dirty clothes basket with bamboo handles for bathroom, bedroom & laundry room, 75l white",['bamboo'],1,Low,Likely Product,Not Sustainable
"Kitchen Soap Tray Decor, Bamboo Pedestal Stand Risers for Display, Rustic Brown Sink Tray for Kitchen Decor and Accessories, Soap Dish Holder Kitchen Counter Tray 8.7"" x 3.5"" x 1.6""",4.7,153,100+ bought in past month,https://www.amazon.com/Greatseas-Kitchen-Pedestal-Display-Accessories/dp/B0DCC7MBMY/ref=sr_1_14?dib=eyJ2IjoiMSJ9.ESuuGx7BCGG4iD0-_RlXKNxUaYMfcmQsWJDkm6EBljH8N_fBjOIYy0nWRxSRL0XUv_-msRuelYn-6oJhpPsJrbzoxMoENUlTZHrzJ8mfY_5Ki6Cua8gENB-eZjvAoVI47IlWsrGifoKDgpI2QuL7a5vP2J-g4c9IsHl8tITy_UIJ3GsTKly8HTbLhx2MRFz2b-jxxkRqE-dVYjX74y98bczt5DGJvi44tpZ-4o3jBNuXJlWb3_vO_ix_QDo0It7rVVNnEjxYyLc-7IaolnzpVWGnRQhPh_m3udAJXoanXBLS3mqa8lWukkOxyd0pYVcJjE0vP5ybXI2lHJCUPMwvF95XCAlqRY9VbsloWdN-dqd2x7vp8l6Z6e1QQjeuKFyA80uO_yJ4IdwVdtQzB8ajes3Gw-pk-iRZdL0VkKVqhJyvgnFSiB5c1YreeY9U8y4V.SM-AeEHAfnWdT3lWy88N1GAwxCGwZabp1Ng2vbxaBbw&dib_tag=se&keywords=bamboo+home+products&qid=1741332727&sr=8-14,9.99,https://m.media-amazon.com/images/I/71CPdEaLZaL._AC_UL320_.jpg,"kitchen soap tray decor, bamboo pedestal stand risers for display, rustic brown sink tray for kitchen decor and accessories, soap dish holder kitchen counter tray 8.7"" x 3.5"" x 1.6""",['bamboo'],1,Low,Likely Product,Not Sustainable
"Farberware 4-Piece Reversible Bamboo Cutting And Charcuterie Board Set, Assorted Size",4.3,19769,5K+ bought in past month,https://www.amazon.com/Farberware-Bamboo-Cutting-Board-Piece/dp/B0B4KSWGWX/ref=sr_1_15?dib=eyJ2IjoiMSJ9.ESuuGx7BCGG4iD0-_RlXKNxUaYMfcmQsWJDkm6EBljH8N_fBjOIYy0nWRxSRL0XUv_-msRuelYn-6oJhpPsJrbzoxMoENUlTZHrzJ8mfY_5Ki6Cua8gENB-eZjvAoVI47IlWsrGifoKDgpI2QuL7a5vP2J-g4c9IsHl8tITy_UIJ3GsTKly8HTbLhx2MRFz2b-jxxkRqE-dVYjX74y98bczt5DGJvi44tpZ-4o3jBNuXJlWb3_vO_ix_QDo0It7rVVNnEjxYyLc-7IaolnzpVWGnRQhPh_m3udAJXoanXBLS3mqa8lWukkOxyd0pYVcJjE0vP5ybXI2lHJCUPMwvF95XCAlqRY9VbsloWdN-dqd2x7vp8l6Z6e1QQjeuKFyA80uO_yJ4IdwVdtQzB8ajes3Gw-pk-iRZdL0VkKVqhJyvgnFSiB5c1YreeY9U8y4V.SM-AeEHAfnWdT3lWy88N1GAwxCGwZabp1Ng2vbxaBbw&dib_tag=se&keywords=bamboo+home+products&qid=1741332727&sr=8-15,9.99,https://m.media-amazon.com/images/I/713up6xJ2wL._AC_UL320_.jpg,"farberware 4-piece reversible bamboo cutting and charcuterie board set, assorted size",['bamboo'],1,Low,Likely Product,Not Sustainable
"Bamboo Facial Tissues - 12 Boxes of Eco-Friendly, 3-Ply Hypoallergenic Tissues, 90 Sheets per Box, FSC Certified, Plastic-Free Packaging, Soft & Gentle for Home Use",4.2,380,1K+ bought in past month,https://www.amazon.com/Bamboo-Facial-Tissues-Cloud-Paper/dp/B0B8F2N3ZR/ref=sr_1_16?dib=eyJ2IjoiMSJ9.ESuuGx7BCGG4iD0-_RlXKNxUaYMfcmQsWJDkm6EBljH8N_fBjOIYy0nWRxSRL0XUv_-msRuelYn-6oJhpPsJrbzoxMoENUlTZHrzJ8mfY_5Ki6Cua8gENB-eZjvAoVI47IlWsrGifoKDgpI2QuL7a5vP2J-g4c9IsHl8tITy_UIJ3GsTKly8HTbLhx2MRFz2b-jxxkRqE-dVYjX74y98bczt5DGJvi44tpZ-4o3jBNuXJlWb3_vO_ix_QDo0It7rVVNnEjxYyLc-7IaolnzpVWGnRQhPh_m3udAJXoanXBLS3mqa8lWukkOxyd0pYVcJjE0vP5ybXI2lHJCUPMwvF95XCAlqRY9VbsloWdN-dqd2x7vp8l6Z6e1QQjeuKFyA80uO_yJ4IdwVdtQzB8ajes3Gw-pk-iRZdL0VkKVqhJyvgnFSiB5c1YreeY9U8y4V.SM-AeEHAfnWdT3lWy88N1GAwxCGwZabp1Ng2vbxaBbw&dib_tag=se&keywords=bamboo+home+products&qid=1741332727&sr=8-16,39.99,https://m.media-amazon.com/images/I/81IgJVlQomL._AC_UL320_.jpg,"bamboo facial tissues - 12 boxes of eco-friendly, 3-ply hypoallergenic tissues, 90 sheets per box, fsc certified, plastic-free packaging, soft & gentle for home use","['plastic-free', 'eco-friendly', 'fsc certified', 'bamboo']",8,Strong,Likely Product,Sustainable
"4 Pack Qtip Holder Dispenser with Bamboo Lids - 10 oz Clear Plastic Apothecary Jar Containers for Vanity Makeup Organizer Storage - Bathroom Accessories Set for Cotton Swab, Ball, Pads, Floss",4.5,7717,5K+ bought in past month,https://www.amazon.com/Pack-Qtip-Holder-Dispenser-Bamboo/dp/B09KLPLCRF/ref=sr_1_17?dib=eyJ2IjoiMSJ9.ESuuGx7BCGG4iD0-_RlXKNxUaYMfcmQsWJDkm6EBljH8N_fBjOIYy0nWRxSRL0XUv_-msRuelYn-6oJhpPsJrbzoxMoENUlTZHrzJ8mfY_5Ki6Cua8gENB-eZjvAoVI47IlWsrGifoKDgpI2QuL7a5vP2J-g4c9IsHl8tITy_UIJ3GsTKly8HTbLhx2MRFz2b-jxxkRqE-dVYjX74y98bczt5DGJvi44tpZ-4o3jBNuXJlWb3_vO_ix_QDo0It7rVVNnEjxYyLc-7IaolnzpVWGnRQhPh_m3udAJXoanXBLS3mqa8lWukkOxyd0pYVcJjE0vP5ybXI2lHJCUPMwvF95XCAlqRY9VbsloWdN-dqd2x7vp8l6Z6e1QQjeuKFyA80uO_yJ4IdwVdtQzB8ajes3Gw-pk-iRZdL0VkKVqhJyvgnFSiB5c1YreeY9U8y4V.SM-AeEHAfnWdT3lWy88N1GAwxCGwZabp1Ng2vbxaBbw&dib_tag=se&keywords=bamboo+home+products&qid=1741332727&sr=8-17,9.99,https://m.media-amazon.com/images/I/814n4DwmYxL._AC_UL320_.jpg,"4 pack qtip holder dispenser with bamboo lids - 10 oz clear plastic apothecary jar containers for vanity makeup organizer storage - bathroom accessories set for cotton swab, ball, pads, floss",['bamboo'],1,Low,Likely Product,Not Sustainable
"Joyce Chen a Division of Columbian Home Products Joyce Chen 33-2048 Burnished Bamboo Angled Spatula, 14-inch, Pack of 1, Natural",4.4,330,50+ bought in past month,https://www.amazon.com/Joyce-Chen-Columbian-33-2048-Burnished/dp/B0009S5O3Q/ref=sr_1_18?dib=eyJ2IjoiMSJ9.ESuuGx7BCGG4iD0-_RlXKNxUaYMfcmQsWJDkm6EBljH8N_fBjOIYy0nWRxSRL0XUv_-msRuelYn-6oJhpPsJrbzoxMoENUlTZHrzJ8mfY_5Ki6Cua8gENB-eZjvAoVI47IlWsrGifoKDgpI2QuL7a5vP2J-g4c9IsHl8tITy_UIJ3GsTKly8HTbLhx2MRFz2b-jxxkRqE-dVYjX74y98bczt5DGJvi44tpZ-4o3jBNuXJlWb3_vO_ix_QDo0It7rVVNnEjxYyLc-7IaolnzpVWGnRQhPh_m3udAJXoanXBLS3mqa8lWukkOxyd0pYVcJjE0vP5ybXI2lHJCUPMwvF95XCAlqRY9VbsloWdN-dqd2x7vp8l6Z6e1QQjeuKFyA80uO_yJ4IdwVdtQzB8ajes3Gw-pk-iRZdL0VkKVqhJyvgnFSiB5c1YreeY9U8y4V.SM-AeEHAfnWdT3lWy88N1GAwxCGwZabp1Ng2vbxaBbw&dib_tag=se&keywords=bamboo+home+products&qid=1741332727&sr=8-18,9.99,https://m.media-amazon.com/images/I/61Of7Ezl2UL._AC_UL320_.jpg,"joyce chen a division of columbian home products joyce chen 33-2048 burnished bamboo angled spatula, 14-inch, pack of 1, natural","['bamboo', 'natural']",2,Low,Likely Product,Not Sustainable
"Stylish Large Ashtray with Lid, Bamboo Ashtray with Stainless Steel Liner for Indoor and Outdoor Use, Desktop Decoration for Patio Home Office",4.5,531,50+ bought in past month,https://www.amazon.com/VViN-Stainless-Ashtrays-Cigarettes-Decoration/dp/B0B1BCHSC6/ref=sr_1_19?dib=eyJ2IjoiMSJ9.ESuuGx7BCGG4iD0-_RlXKNxUaYMfcmQsWJDkm6EBljH8N_fBjOIYy0nWRxSRL0XUv_-msRuelYn-6oJhpPsJrbzoxMoENUlTZHrzJ8mfY_5Ki6Cua8gENB-eZjvAoVI47IlWsrGifoKDgpI2QuL7a5vP2J-g4c9IsHl8tITy_UIJ3GsTKly8HTbLhx2MRFz2b-jxxkRqE-dVYjX74y98bczt5DGJvi44tpZ-4o3jBNuXJlWb3_vO_ix_QDo0It7rVVNnEjxYyLc-7IaolnzpVWGnRQhPh_m3udAJXoanXBLS3mqa8lWukkOxyd0pYVcJjE0vP5ybXI2lHJCUPMwvF95XCAlqRY9VbsloWdN-dqd2x7vp8l6Z6e1QQjeuKFyA80uO_yJ4IdwVdtQzB8ajes3Gw-pk-iRZdL0VkKVqhJyvgnFSiB5c1YreeY9U8y4V.SM-AeEHAfnWdT3lWy88N1GAwxCGwZabp1Ng2vbxaBbw&dib_tag=se&keywords=bamboo+home+products&qid=1741332727&sr=8-19,10.99,https://m.media-amazon.com/images/I/71ngyyKHgtL._AC_UL320_.jpg,"stylish large ashtray with lid, bamboo ashtray with stainless steel liner for indoor and outdoor use, desktop decoration for patio home office",['bamboo'],1,Low,Likely Product,Not Sustainable
"MRD Hair Brush Set, Natural Bamboo Comb Paddle Detangling Hairbrush, Wide-tooth and tail comb No Bristle, suit for Women Men and Kids Thick/Thin/Curly/Dry Hair Gift kit",4.5,4380,2K+ bought in past month,https://www.amazon.com/MRD-Detangling-Brushes-Hairbrush-ECO-Friendly/dp/B08LKV52RY/ref=sr_1_20?dib=eyJ2IjoiMSJ9.ESuuGx7BCGG4iD0-_RlXKNxUaYMfcmQsWJDkm6EBljH8N_fBjOIYy0nWRxSRL0XUv_-msRuelYn-6oJhpPsJrbzoxMoENUlTZHrzJ8mfY_5Ki6Cua8gENB-eZjvAoVI47IlWsrGifoKDgpI2QuL7a5vP2J-g4c9IsHl8tITy_UIJ3GsTKly8HTbLhx2MRFz2b-jxxkRqE-dVYjX74y98bczt5DGJvi44tpZ-4o3jBNuXJlWb3_vO_ix_QDo0It7rVVNnEjxYyLc-7IaolnzpVWGnRQhPh_m3udAJXoanXBLS3mqa8lWukkOxyd0pYVcJjE0vP5ybXI2lHJCUPMwvF95XCAlqRY9VbsloWdN-dqd2x7vp8l6Z6e1QQjeuKFyA80uO_yJ4IdwVdtQzB8ajes3Gw-pk-iRZdL0VkKVqhJyvgnFSiB5c1YreeY9U8y4V.SM-AeEHAfnWdT3lWy88N1GAwxCGwZabp1Ng2vbxaBbw&dib_tag=se&keywords=bamboo+home+products&qid=1741332727&sr=8-20,14.99,https://m.media-amazon.com/images/I/81PzIgy2IVL._AC_UL320_.jpg,"mrd hair brush set, natural bamboo comb paddle detangling hairbrush, wide-tooth and tail comb no bristle, suit for women men and kids thick/thin/curly/dry hair gift kit","['bamboo', 'natural']",2,Low,Likely Product,Not Sustainable
"12PCS Black Paper Fans,Held Bamboo Folding Fan Blank Decoration Folded DIY Painting Fan Wedding Party Favors Home Gift",3.9,57,50+ bought in past month,https://www.amazon.com/HPLYEL-Folding-Decoration-Painting-Wedding/dp/B0DR2LCSJ1/ref=sr_1_25?dib=eyJ2IjoiMSJ9.ESuuGx7BCGG4iD0-_RlXKNxUaYMfcmQsWJDkm6EBljH8N_fBjOIYy0nWRxSRL0XUv_-msRuelYn-6oJhpPsJrbzoxMoENUlTZHrzJ8mfY_5Ki6Cua8gENB-eZjvAoVI47IlWsrGifoKDgpI2QuL7a5vP2J-g4c9IsHl8tITy_UIJ3GsTKly8HTbLhx2MRFz2b-jxxkRqE-dVYjX74y98bczt5DGJvi44tpZ-4o3jBNuXJlWb3_vO_ix_QDo0It7rVVNnEjxYyLc-7IaolnzpVWGnRQhPh_m3udAJXoanXBLS3mqa8lWukkOxyd0pYVcJjE0vP5ybXI2lHJCUPMwvF95XCAlqRY9VbsloWdN-dqd2x7vp8l6Z6e1QQjeuKFyA80uO_yJ4IdwVdtQzB8ajes3Gw-pk-iRZdL0VkKVqhJyvgnFSiB5c1YreeY9U8y4V.SM-AeEHAfnWdT3lWy88N1GAwxCGwZabp1Ng2vbxaBbw&dib_tag=se&keywords=bamboo+home+products&qid=1741332727&sr=8-25,12.99,https://m.media-amazon.com/images/I/71-orF+1FHL._AC_UL320_.jpg,"12pcs black paper fans,held bamboo folding fan blank decoration folded diy painting fan wedding party favors home gift",['bamboo'],1,Low,Likely Product,Not Sustainable
"3 Pcs Bamboo Tray for Bathroom Bamboo Vanity Bathroom Counter Organizer Decorative Tea Serving Tray for Dresser Coffee Table Home Decor Toilet Tank Candle Perfume, 9.8 x 5.7 x 0.78 Inch",4.6,23,50+ bought in past month,https://www.amazon.com/Bathroom-Counter-Organizer-Decorative-Perfume/dp/B0BHV9GNZN/ref=sr_1_26?dib=eyJ2IjoiMSJ9.ESuuGx7BCGG4iD0-_RlXKNxUaYMfcmQsWJDkm6EBljH8N_fBjOIYy0nWRxSRL0XUv_-msRuelYn-6oJhpPsJrbzoxMoENUlTZHrzJ8mfY_5Ki6Cua8gENB-eZjvAoVI47IlWsrGifoKDgpI2QuL7a5vP2J-g4c9IsHl8tITy_UIJ3GsTKly8HTbLhx2MRFz2b-jxxkRqE-dVYjX74y98bczt5DGJvi44tpZ-4o3jBNuXJlWb3_vO_ix_QDo0It7rVVNnEjxYyLc-7IaolnzpVWGnRQhPh_m3udAJXoanXBLS3mqa8lWukkOxyd0pYVcJjE0vP5ybXI2lHJCUPMwvF95XCAlqRY9VbsloWdN-dqd2x7vp8l6Z6e1QQjeuKFyA80uO_yJ4IdwVdtQzB8ajes3Gw-pk-iRZdL0VkKVqhJyvgnFSiB5c1YreeY9U8y4V.SM-AeEHAfnWdT3lWy88N1GAwxCGwZabp1Ng2vbxaBbw&dib_tag=se&keywords=bamboo+home+products&qid=1741332727&sr=8-26,18.49,https://m.media-amazon.com/images/I/81p7AVIqCQL._AC_UL320_.jpg,"3 pcs bamboo tray for bathroom bamboo vanity bathroom counter organizer decorative tea serving tray for dresser coffee table home decor toilet tank candle perfume, 9.8 x 5.7 x 0.78 inch",['bamboo'],1,Low,Likely Product,Not Sustainable
"Activated Charcoal Odor Absorber, 8 Pack w Hooks Nature Odor Eliminator for Strong Odor, Bamboo Charcoal Air Purifying Bags, Moisture Absorbers for Fresh Home Car Closet Pet, Smoke Smell Deodorizer",4.1,482,100+ bought in past month,https://www.amazon.com/Activated-Eliminator-Purifying-Absorbers-Deodorizer/dp/B0CQMS6QMS/ref=sr_1_27?dib=eyJ2IjoiMSJ9.ESuuGx7BCGG4iD0-_RlXKNxUaYMfcmQsWJDkm6EBljH8N_fBjOIYy0nWRxSRL0XUv_-msRuelYn-6oJhpPsJrbzoxMoENUlTZHrzJ8mfY_5Ki6Cua8gENB-eZjvAoVI47IlWsrGifoKDgpI2QuL7a5vP2J-g4c9IsHl8tITy_UIJ3GsTKly8HTbLhx2MRFz2b-jxxkRqE-dVYjX74y98bczt5DGJvi44tpZ-4o3jBNuXJlWb3_vO_ix_QDo0It7rVVNnEjxYyLc-7IaolnzpVWGnRQhPh_m3udAJXoanXBLS3mqa8lWukkOxyd0pYVcJjE0vP5ybXI2lHJCUPMwvF95XCAlqRY9VbsloWdN-dqd2x7vp8l6Z6e1QQjeuKFyA80uO_yJ4IdwVdtQzB8ajes3Gw-pk-iRZdL0VkKVqhJyvgnFSiB5c1YreeY9U8y4V.SM-AeEHAfnWdT3lWy88N1GAwxCGwZabp1Ng2vbxaBbw&dib_tag=se&keywords=bamboo+home+products&qid=1741332727&sr=8-27,14.99,https://m.media-amazon.com/images/I/91AEwTosR+L._AC_UL320_.jpg,"activated charcoal odor absorber, 8 pack w hooks nature odor eliminator for strong odor, bamboo charcoal air purifying bags, moisture absorbers for fresh home car closet pet, smoke smell deodorizer",['bamboo'],1,Low,Likely Product,Not Sustainable
"SpaceAid Bag Storage Organizer for Kitchen Drawer, Bamboo Organizer, Compatible with Gallon, Quart, Sandwich and Snack Variety Size Bag (1 Box 4 Slots)",4.6,6053,5K+ bought in past month,https://www.amazon.com/SpaceAid-Storage-Organizer-Compatible-Sandwich/dp/B09F9LHD91/ref=sr_1_28?dib=eyJ2IjoiMSJ9.ESuuGx7BCGG4iD0-_RlXKNxUaYMfcmQsWJDkm6EBljH8N_fBjOIYy0nWRxSRL0XUv_-msRuelYn-6oJhpPsJrbzoxMoENUlTZHrzJ8mfY_5Ki6Cua8gENB-eZjvAoVI47IlWsrGifoKDgpI2QuL7a5vP2J-g4c9IsHl8tITy_UIJ3GsTKly8HTbLhx2MRFz2b-jxxkRqE-dVYjX74y98bczt5DGJvi44tpZ-4o3jBNuXJlWb3_vO_ix_QDo0It7rVVNnEjxYyLc-7IaolnzpVWGnRQhPh_m3udAJXoanXBLS3mqa8lWukkOxyd0pYVcJjE0vP5ybXI2lHJCUPMwvF95XCAlqRY9VbsloWdN-dqd2x7vp8l6Z6e1QQjeuKFyA80uO_yJ4IdwVdtQzB8ajes3Gw-pk-iRZdL0VkKVqhJyvgnFSiB5c1YreeY9U8y4V.SM-AeEHAfnWdT3lWy88N1GAwxCGwZabp1Ng2vbxaBbw&dib_tag=se&keywords=bamboo+home+products&qid=1741332727&sr=8-28,26.08,https://m.media-amazon.com/images/I/71P2eegqYIL._AC_UL320_.jpg,"spaceaid bag storage organizer for kitchen drawer, bamboo organizer, compatible with gallon, quart, sandwich and snack variety size bag (1 box 4 slots)",['bamboo'],1,Low,Likely Product,Not Sustainable
Radiance Cordless Bamboo Blinds - Flatstick Bamboo Roman Shades for Windows - Inside Mount Bamboo Blinds for Home & Offices - Indoor Roman Window Shades - Cocoa - 35 in. W x 64 in. L - 2216312E,4.5,2124,50+ bought in past month,https://www.amazon.com/Radiance-Cordless-Dockside-Flatstick-Bamboo/dp/B07DYZQF5H/ref=sr_1_33?dib=eyJ2IjoiMSJ9.ESuuGx7BCGG4iD0-_RlXKNxUaYMfcmQsWJDkm6EBljH8N_fBjOIYy0nWRxSRL0XUv_-msRuelYn-6oJhpPsJrbzoxMoENUlTZHrzJ8mfY_5Ki6Cua8gENB-eZjvAoVI47IlWsrGifoKDgpI2QuL7a5vP2J-g4c9IsHl8tITy_UIJ3GsTKly8HTbLhx2MRFz2b-jxxkRqE-dVYjX74y98bczt5DGJvi44tpZ-4o3jBNuXJlWb3_vO_ix_QDo0It7rVVNnEjxYyLc-7IaolnzpVWGnRQhPh_m3udAJXoanXBLS3mqa8lWukkOxyd0pYVcJjE0vP5ybXI2lHJCUPMwvF95XCAlqRY9VbsloWdN-dqd2x7vp8l6Z6e1QQjeuKFyA80uO_yJ4IdwVdtQzB8ajes3Gw-pk-iRZdL0VkKVqhJyvgnFSiB5c1YreeY9U8y4V.SM-AeEHAfnWdT3lWy88N1GAwxCGwZabp1Ng2vbxaBbw&dib_tag=se&keywords=bamboo+home+products&qid=1741332727&sr=8-33,27.47,https://m.media-amazon.com/images/I/7131z5+uyaL._AC_UL320_.jpg,radiance cordless bamboo blinds - flatstick bamboo roman shades for windows - inside mount bamboo blinds for home & offices - indoor roman window shades - cocoa - 35 in. w x 64 in. l - 2216312e,['bamboo'],1,Low,Likely Product,Not Sustainable
"Biodegradable Bamboo Toothbrushes 10 Pack - BPA Free Soft Bristles Toothbrushes, Eco-Friendly, Compostable Natural Wooden Toothbrush",4.5,5634,9K+ bought in past month,https://www.amazon.com/VIVAGO-Biodegradable-Eco-Friendly-Toothbrushes-Compostable/dp/B08172V3Y5/ref=sr_1_34?dib=eyJ2IjoiMSJ9.ESuuGx7BCGG4iD0-_RlXKNxUaYMfcmQsWJDkm6EBljH8N_fBjOIYy0nWRxSRL0XUv_-msRuelYn-6oJhpPsJrbzoxMoENUlTZHrzJ8mfY_5Ki6Cua8gENB-eZjvAoVI47IlWsrGifoKDgpI2QuL7a5vP2J-g4c9IsHl8tITy_UIJ3GsTKly8HTbLhx2MRFz2b-jxxkRqE-dVYjX74y98bczt5DGJvi44tpZ-4o3jBNuXJlWb3_vO_ix_QDo0It7rVVNnEjxYyLc-7IaolnzpVWGnRQhPh_m3udAJXoanXBLS3mqa8lWukkOxyd0pYVcJjE0vP5ybXI2lHJCUPMwvF95XCAlqRY9VbsloWdN-dqd2x7vp8l6Z6e1QQjeuKFyA80uO_yJ4IdwVdtQzB8ajes3Gw-pk-iRZdL0VkKVqhJyvgnFSiB5c1YreeY9U8y4V.SM-AeEHAfnWdT3lWy88N1GAwxCGwZabp1Ng2vbxaBbw&dib_tag=se&keywords=bamboo+home+products&qid=1741332727&sr=8-34,8.98,https://m.media-amazon.com/images/I/81eEsIolGQL._AC_UL320_.jpg,"biodegradable bamboo toothbrushes 10 pack - bpa free soft bristles toothbrushes, eco-friendly, compostable natural wooden toothbrush","['biodegradable', 'compostable', 'eco-friendly', 'bamboo', 'natural']",10,Strong,Likely Product,Sustainable
"Bamboo Bathtub Tray Table with Adjustable Height, Freestanding Bath Caddy Tray for Tub Against Wall, Bathtub Side Table for Luxury Bath Home Spa Homewarming - Patent Protected (Natural)",4.1,466,100+ bought in past month,https://www.amazon.com/Yumkfoi-Bathtub-Adjustable-Freestanding-Against/dp/B0BN3GNT44/ref=sr_1_35?dib=eyJ2IjoiMSJ9.ESuuGx7BCGG4iD0-_RlXKNxUaYMfcmQsWJDkm6EBljH8N_fBjOIYy0nWRxSRL0XUv_-msRuelYn-6oJhpPsJrbzoxMoENUlTZHrzJ8mfY_5Ki6Cua8gENB-eZjvAoVI47IlWsrGifoKDgpI2QuL7a5vP2J-g4c9IsHl8tITy_UIJ3GsTKly8HTbLhx2MRFz2b-jxxkRqE-dVYjX74y98bczt5DGJvi44tpZ-4o3jBNuXJlWb3_vO_ix_QDo0It7rVVNnEjxYyLc-7IaolnzpVWGnRQhPh_m3udAJXoanXBLS3mqa8lWukkOxyd0pYVcJjE0vP5ybXI2lHJCUPMwvF95XCAlqRY9VbsloWdN-dqd2x7vp8l6Z6e1QQjeuKFyA80uO_yJ4IdwVdtQzB8ajes3Gw-pk-iRZdL0VkKVqhJyvgnFSiB5c1YreeY9U8y4V.SM-AeEHAfnWdT3lWy88N1GAwxCGwZabp1Ng2vbxaBbw&dib_tag=se&keywords=bamboo+home+products&qid=1741332727&sr=8-35,30.28,https://m.media-amazon.com/images/I/71It86mqK6L._AC_UL320_.jpg,"bamboo bathtub tray table with adjustable height, freestanding bath caddy tray for tub against wall, bathtub side table for luxury bath home spa homewarming - patent protected (natural)","['bamboo', 'natural']",2,Low,Likely Product,Not Sustainable
"5-Piece Bathroom Decor Set - Bamboo Vanity Accessories with Trash Bin, Soap Dish, Soap Dispenser, Toothbrush Holder, and Tray by Lavish Home (Natural)",4.3,1223,50+ bought in past month,https://www.amazon.com/Lavish-Home-Accessories-5-Piece-Toothbrush-Wastebasket-Bathroom/dp/B07Q68Y6YG/ref=sr_1_36?dib=eyJ2IjoiMSJ9.ESuuGx7BCGG4iD0-_RlXKNxUaYMfcmQsWJDkm6EBljH8N_fBjOIYy0nWRxSRL0XUv_-msRuelYn-6oJhpPsJrbzoxMoENUlTZHrzJ8mfY_5Ki6Cua8gENB-eZjvAoVI47IlWsrGifoKDgpI2QuL7a5vP2J-g4c9IsHl8tITy_UIJ3GsTKly8HTbLhx2MRFz2b-jxxkRqE-dVYjX74y98bczt5DGJvi44tpZ-4o3jBNuXJlWb3_vO_ix_QDo0It7rVVNnEjxYyLc-7IaolnzpVWGnRQhPh_m3udAJXoanXBLS3mqa8lWukkOxyd0pYVcJjE0vP5ybXI2lHJCUPMwvF95XCAlqRY9VbsloWdN-dqd2x7vp8l6Z6e1QQjeuKFyA80uO_yJ4IdwVdtQzB8ajes3Gw-pk-iRZdL0VkKVqhJyvgnFSiB5c1YreeY9U8y4V.SM-AeEHAfnWdT3lWy88N1GAwxCGwZabp1Ng2vbxaBbw&dib_tag=se&keywords=bamboo+home+products&qid=1741332727&sr=8-36,30.28,https://m.media-amazon.com/images/I/81eb-N6l3nL._AC_UL320_.jpg,"5-piece bathroom decor set - bamboo vanity accessories with trash bin, soap dish, soap dispenser, toothbrush holder, and tray by lavish home (natural)","['bamboo', 'natural']",2,Low,Likely Product,Not Sustainable
"Lavien Home 12-Pack Rayon derived from Bamboo Washcloths with Multi-Purpose Clutch Bag, Ultra-Soft Absorbent Towels for Face, Body, Shower, Make-Up, Baby, and More - Cloud Touch 10""x10"" (White)",4.0,89,50+ bought in past month,https://www.amazon.com/Lavien-Home-Washcloths-Multi-Purpose-Ultra-Soft/dp/B0CJ9Z6DMW/ref=sr_1_41?dib=eyJ2IjoiMSJ9.ESuuGx7BCGG4iD0-_RlXKNxUaYMfcmQsWJDkm6EBljH8N_fBjOIYy0nWRxSRL0XUv_-msRuelYn-6oJhpPsJrbzoxMoENUlTZHrzJ8mfY_5Ki6Cua8gENB-eZjvAoVI47IlWsrGifoKDgpI2QuL7a5vP2J-g4c9IsHl8tITy_UIJ3GsTKly8HTbLhx2MRFz2b-jxxkRqE-dVYjX74y98bczt5DGJvi44tpZ-4o3jBNuXJlWb3_vO_ix_QDo0It7rVVNnEjxYyLc-7IaolnzpVWGnRQhPh_m3udAJXoanXBLS3mqa8lWukkOxyd0pYVcJjE0vP5ybXI2lHJCUPMwvF95XCAlqRY9VbsloWdN-dqd2x7vp8l6Z6e1QQjeuKFyA80uO_yJ4IdwVdtQzB8ajes3Gw-pk-iRZdL0VkKVqhJyvgnFSiB5c1YreeY9U8y4V.SM-AeEHAfnWdT3lWy88N1GAwxCGwZabp1Ng2vbxaBbw&dib_tag=se&keywords=bamboo+home+products&qid=1741332727&sr=8-41,16.99,https://m.media-amazon.com/images/I/816jgF0M0OL._AC_UL320_.jpg,"lavien home 12-pack rayon derived from bamboo washcloths with multi-purpose clutch bag, ultra-soft absorbent towels for face, body, shower, make-up, baby, and more - cloud touch 10""x10"" (white)",['bamboo'],1,Low,Likely Product,Not Sustainable
250 Pack 100% Bamboo Cocktail Napkins - 2-Ply FSC Certified Beverage Napkins | Bar Napkins for Home or Commercial Use - 4.5x4.5 Inch Folded Drink Napkins | Disposable Napkins for Serving Drinks,4.5,253,400+ bought in past month,https://www.amazon.com/s?k=bamboo+home+products#,16.99,https://m.media-amazon.com/images/I/819n2Pv9Q4L._AC_UL320_.jpg,250 pack 100% bamboo cocktail napkins - 2-ply fsc certified beverage napkins | bar napkins for home or commercial use - 4.5x4.5 inch folded drink napkins | disposable napkins for serving drinks,"['fsc certified', 'bamboo']",3,Moderate,Likely Product,Potentially Sustainable
"BAMOTTO 2-Piece Large Bamboo Storage Box Set, 7.1-Inch High Stackable Deep-Drawer Organizer for Kitchen Cutlery, Utensils & Knives, Exquisite and Durable Lidless Bin for Homes Bathroom and Offices",4.4,34,50+ bought in past month,https://www.amazon.com/s?k=bamboo+home+products#,16.99,https://m.media-amazon.com/images/I/61X1Tek5nbL._AC_UL320_.jpg,"bamotto 2-piece large bamboo storage box set, 7.1-inch high stackable deep-drawer organizer for kitchen cutlery, utensils & knives, exquisite and durable lidless bin for homes bathroom and offices",['bamboo'],1,Low,Likely Product,Not Sustainable
Bamworld Plant Stand Indoor Plant Shelf Outdoor Wood Plant Rack for Multiple Plants 3 Tiers Ladder Plant Pot Holder for Living Room Patio Boho Home Decor for Gardening,4.5,18773,4K+ bought in past month,https://www.amazon.com/Bamworld-Stands-Outdoor-Multiple-Balcony/dp/B09234GQXV/ref=sr_1_44?dib=eyJ2IjoiMSJ9.ESuuGx7BCGG4iD0-_RlXKNxUaYMfcmQsWJDkm6EBljH8N_fBjOIYy0nWRxSRL0XUv_-msRuelYn-6oJhpPsJrbzoxMoENUlTZHrzJ8mfY_5Ki6Cua8gENB-eZjvAoVI47IlWsrGifoKDgpI2QuL7a5vP2J-g4c9IsHl8tITy_UIJ3GsTKly8HTbLhx2MRFz2b-jxxkRqE-dVYjX74y98bczt5DGJvi44tpZ-4o3jBNuXJlWb3_vO_ix_QDo0It7rVVNnEjxYyLc-7IaolnzpVWGnRQhPh_m3udAJXoanXBLS3mqa8lWukkOxyd0pYVcJjE0vP5ybXI2lHJCUPMwvF95XCAlqRY9VbsloWdN-dqd2x7vp8l6Z6e1QQjeuKFyA80uO_yJ4IdwVdtQzB8ajes3Gw-pk-iRZdL0VkKVqhJyvgnFSiB5c1YreeY9U8y4V.SM-AeEHAfnWdT3lWy88N1GAwxCGwZabp1Ng2vbxaBbw&dib_tag=se&keywords=bamboo+home+products&qid=1741332727&sr=8-44,22.99,https://m.media-amazon.com/images/I/91uZi7zRBuL._AC_UL320_.jpg,bamworld plant stand indoor plant shelf outdoor wood plant rack for multiple plants 3 tiers ladder plant pot holder for living room patio boho home decor for gardening,[],0,Low,Likely Product,Not Sustainable
"Cabinet Organizer Shelf - Kitchen Organizer & Plate Organizer for Cabinet Space Saver, Stackable Bamboo Corner Rack for Dishes, Bowls, Bread Pantry, Kitchen Countertop Stand or Bathroom Storage",4.6,8310,2K+ bought in past month,https://www.amazon.com/Kitchen-Cabinet-Organizer-Bamboo-Countertop/dp/B07HJFXHKV/ref=sr_1_45?dib=eyJ2IjoiMSJ9.ESuuGx7BCGG4iD0-_RlXKNxUaYMfcmQsWJDkm6EBljH8N_fBjOIYy0nWRxSRL0XUv_-msRuelYn-6oJhpPsJrbzoxMoENUlTZHrzJ8mfY_5Ki6Cua8gENB-eZjvAoVI47IlWsrGifoKDgpI2QuL7a5vP2J-g4c9IsHl8tITy_UIJ3GsTKly8HTbLhx2MRFz2b-jxxkRqE-dVYjX74y98bczt5DGJvi44tpZ-4o3jBNuXJlWb3_vO_ix_QDo0It7rVVNnEjxYyLc-7IaolnzpVWGnRQhPh_m3udAJXoanXBLS3mqa8lWukkOxyd0pYVcJjE0vP5ybXI2lHJCUPMwvF95XCAlqRY9VbsloWdN-dqd2x7vp8l6Z6e1QQjeuKFyA80uO_yJ4IdwVdtQzB8ajes3Gw-pk-iRZdL0VkKVqhJyvgnFSiB5c1YreeY9U8y4V.SM-AeEHAfnWdT3lWy88N1GAwxCGwZabp1Ng2vbxaBbw&dib_tag=se&keywords=bamboo+home+products&qid=1741332727&sr=8-45,22.99,https://m.media-amazon.com/images/I/81157BhKqIL._AC_UL320_.jpg,"cabinet organizer shelf - kitchen organizer & plate organizer for cabinet space saver, stackable bamboo corner rack for dishes, bowls, bread pantry, kitchen countertop stand or bathroom storage",['bamboo'],1,Low,Likely Product,Not Sustainable
Luxe Bamboo Towel Container (Bamboo Box Towel Holder) with Disposable Face Towel Biodegradable Large Dry Face Wipes 100 Count Extra Thick Soft Clean Facial Towels for Facial Cleansing,4.6,2407,100+ bought in past month,https://www.amazon.com/WOWOTEX-Container-Disposable-Biodegradable-Cleansing/dp/B0CNKR7518/ref=sr_1_46?dib=eyJ2IjoiMSJ9.ESuuGx7BCGG4iD0-_RlXKNxUaYMfcmQsWJDkm6EBljH8N_fBjOIYy0nWRxSRL0XUv_-msRuelYn-6oJhpPsJrbzoxMoENUlTZHrzJ8mfY_5Ki6Cua8gENB-eZjvAoVI47IlWsrGifoKDgpI2QuL7a5vP2J-g4c9IsHl8tITy_UIJ3GsTKly8HTbLhx2MRFz2b-jxxkRqE-dVYjX74y98bczt5DGJvi44tpZ-4o3jBNuXJlWb3_vO_ix_QDo0It7rVVNnEjxYyLc-7IaolnzpVWGnRQhPh_m3udAJXoanXBLS3mqa8lWukkOxyd0pYVcJjE0vP5ybXI2lHJCUPMwvF95XCAlqRY9VbsloWdN-dqd2x7vp8l6Z6e1QQjeuKFyA80uO_yJ4IdwVdtQzB8ajes3Gw-pk-iRZdL0VkKVqhJyvgnFSiB5c1YreeY9U8y4V.SM-AeEHAfnWdT3lWy88N1GAwxCGwZabp1Ng2vbxaBbw&dib_tag=se&keywords=bamboo+home+products&qid=1741332727&sr=8-46,33.77,https://m.media-amazon.com/images/I/81jM2gmh+tL._AC_UL320_.jpg,luxe bamboo towel container (bamboo box towel holder) with disposable face towel biodegradable large dry face wipes 100 count extra thick soft clean facial towels for facial cleansing,"['biodegradable', 'bamboo']",4,Moderate,Likely Product,Potentially Sustainable
"Hudgan Stackable Storage with Bamboo Top for Kitchen Laundry Room Organization, Extra Large Trash Bag/Garbage Bag Dispenser",4.7,522,4K+ bought in past month,https://www.amazon.com/Hudgan-Stackable-Storage-Organization-Dispenser/dp/B0CSJ867QD/ref=sr_1_47?dib=eyJ2IjoiMSJ9.ESuuGx7BCGG4iD0-_RlXKNxUaYMfcmQsWJDkm6EBljH8N_fBjOIYy0nWRxSRL0XUv_-msRuelYn-6oJhpPsJrbzoxMoENUlTZHrzJ8mfY_5Ki6Cua8gENB-eZjvAoVI47IlWsrGifoKDgpI2QuL7a5vP2J-g4c9IsHl8tITy_UIJ3GsTKly8HTbLhx2MRFz2b-jxxkRqE-dVYjX74y98bczt5DGJvi44tpZ-4o3jBNuXJlWb3_vO_ix_QDo0It7rVVNnEjxYyLc-7IaolnzpVWGnRQhPh_m3udAJXoanXBLS3mqa8lWukkOxyd0pYVcJjE0vP5ybXI2lHJCUPMwvF95XCAlqRY9VbsloWdN-dqd2x7vp8l6Z6e1QQjeuKFyA80uO_yJ4IdwVdtQzB8ajes3Gw-pk-iRZdL0VkKVqhJyvgnFSiB5c1YreeY9U8y4V.SM-AeEHAfnWdT3lWy88N1GAwxCGwZabp1Ng2vbxaBbw&dib_tag=se&keywords=bamboo+home+products&qid=1741332727&sr=8-47,21.74,https://m.media-amazon.com/images/I/71Q84hSS95L._AC_UL320_.jpg,"hudgan stackable storage with bamboo top for kitchen laundry room organization, extra large trash bag/garbage bag dispenser",['bamboo'],1,Low,Likely Product,Not Sustainable
"Charcoal Odor Absorber for Strong Odor (6 Pack, 100g each), Bamboo Charcoal Air Purifying Bag, Basement Musty Odor Eliminator Deodorizer, Activated Charcoal Odor Absorber for Closet, Shoe, Car",4.1,20134,4K+ bought in past month,https://www.amazon.com/Charcoal-Bags-Odor-Absorber-Bamboo-Home-Eliminator/dp/B07QRX9CQT/ref=sr_1_48?dib=eyJ2IjoiMSJ9.ESuuGx7BCGG4iD0-_RlXKNxUaYMfcmQsWJDkm6EBljH8N_fBjOIYy0nWRxSRL0XUv_-msRuelYn-6oJhpPsJrbzoxMoENUlTZHrzJ8mfY_5Ki6Cua8gENB-eZjvAoVI47IlWsrGifoKDgpI2QuL7a5vP2J-g4c9IsHl8tITy_UIJ3GsTKly8HTbLhx2MRFz2b-jxxkRqE-dVYjX74y98bczt5DGJvi44tpZ-4o3jBNuXJlWb3_vO_ix_QDo0It7rVVNnEjxYyLc-7IaolnzpVWGnRQhPh_m3udAJXoanXBLS3mqa8lWukkOxyd0pYVcJjE0vP5ybXI2lHJCUPMwvF95XCAlqRY9VbsloWdN-dqd2x7vp8l6Z6e1QQjeuKFyA80uO_yJ4IdwVdtQzB8ajes3Gw-pk-iRZdL0VkKVqhJyvgnFSiB5c1YreeY9U8y4V.SM-AeEHAfnWdT3lWy88N1GAwxCGwZabp1Ng2vbxaBbw&dib_tag=se&keywords=bamboo+home+products&qid=1741332727&sr=8-48,15.95,https://m.media-amazon.com/images/I/A1WPfN41I9L._AC_UL320_.jpg,"charcoal odor absorber for strong odor (6 pack, 100g each), bamboo charcoal air purifying bag, basement musty odor eliminator deodorizer, activated charcoal odor absorber for closet, shoe, car",['bamboo'],1,Low,Likely Product,Not Sustainable
SUMAJU 4 Pcs Wooden Soap Holders Bathroom Soap Dish Natural Bamboo Soap Holder Square & Round Soap Dishes for Home Bathroom,4.6,889,50+ bought in past month,https://www.amazon.com/SUMAJU-Wooden-Holders-Bathroom-Natural/dp/B08GPMXVG9/ref=sr_1_49?dib=eyJ2IjoiMSJ9.ESuuGx7BCGG4iD0-_RlXKNxUaYMfcmQsWJDkm6EBljH8N_fBjOIYy0nWRxSRL0XUv_-msRuelYn-6oJhpPsJrbzoxMoENUlTZHrzJ8mfY_5Ki6Cua8gENB-eZjvAoVI47IlWsrGifoKDgpI2QuL7a5vP2J-g4c9IsHl8tITy_UIJ3GsTKly8HTbLhx2MRFz2b-jxxkRqE-dVYjX74y98bczt5DGJvi44tpZ-4o3jBNuXJlWb3_vO_ix_QDo0It7rVVNnEjxYyLc-7IaolnzpVWGnRQhPh_m3udAJXoanXBLS3mqa8lWukkOxyd0pYVcJjE0vP5ybXI2lHJCUPMwvF95XCAlqRY9VbsloWdN-dqd2x7vp8l6Z6e1QQjeuKFyA80uO_yJ4IdwVdtQzB8ajes3Gw-pk-iRZdL0VkKVqhJyvgnFSiB5c1YreeY9U8y4V.SM-AeEHAfnWdT3lWy88N1GAwxCGwZabp1Ng2vbxaBbw&dib_tag=se&keywords=bamboo+home+products&qid=1741332727&sr=8-49,9.99,https://m.media-amazon.com/images/I/71zAa+RolBL._AC_UL320_.jpg,sumaju 4 pcs wooden soap holders bathroom soap dish natural bamboo soap holder square & round soap dishes for home bathroom,"['bamboo', 'natural']",2,Low,Likely Product,Not Sustainable
"Bamboo Soap Dispenser, Wood Soap Dispenser with Anti-Slip Pads and Stylish Horizontal Wood Grain, Hand Soap Dispenser for Bathroom Kitchen Dish Lotion Shampoo Liquid Soap (7 Oz)",4.3,110,100+ bought in past month,https://www.amazon.com/Clasin-Home-Dispenser-Countertop-Housewarming/dp/B0CFKHLZNJ/ref=sr_1_50?dib=eyJ2IjoiMSJ9.ESuuGx7BCGG4iD0-_RlXKNxUaYMfcmQsWJDkm6EBljH8N_fBjOIYy0nWRxSRL0XUv_-msRuelYn-6oJhpPsJrbzoxMoENUlTZHrzJ8mfY_5Ki6Cua8gENB-eZjvAoVI47IlWsrGifoKDgpI2QuL7a5vP2J-g4c9IsHl8tITy_UIJ3GsTKly8HTbLhx2MRFz2b-jxxkRqE-dVYjX74y98bczt5DGJvi44tpZ-4o3jBNuXJlWb3_vO_ix_QDo0It7rVVNnEjxYyLc-7IaolnzpVWGnRQhPh_m3udAJXoanXBLS3mqa8lWukkOxyd0pYVcJjE0vP5ybXI2lHJCUPMwvF95XCAlqRY9VbsloWdN-dqd2x7vp8l6Z6e1QQjeuKFyA80uO_yJ4IdwVdtQzB8ajes3Gw-pk-iRZdL0VkKVqhJyvgnFSiB5c1YreeY9U8y4V.SM-AeEHAfnWdT3lWy88N1GAwxCGwZabp1Ng2vbxaBbw&dib_tag=se&keywords=bamboo+home+products&qid=1741332727&sr=8-50,16.99,https://m.media-amazon.com/images/I/61pFPKF0TIL._AC_UL320_.jpg,"bamboo soap dispenser, wood soap dispenser with anti-slip pads and stylish horizontal wood grain, hand soap dispenser for bathroom kitchen dish lotion shampoo liquid soap (7 oz)",['bamboo'],1,Low,Likely Product,Not Sustainable
"HYNAWIN Corner Shelf, 3 Tier Bamboo & Metal Storage Spice Rack-Desk, Space Saving Bookshelf with Hooks, Adjustable Display Shelf for Creative Home Décor Kitchen, Bedroom, Office (21CO)",4.0,1651,50+ bought in past month,https://www.amazon.com/HYNAWIN-Rack-Desk-Bookshelf-Adjustable-Office-Best/dp/B07SBF7DSF/ref=sr_1_51?dib=eyJ2IjoiMSJ9.ESuuGx7BCGG4iD0-_RlXKNxUaYMfcmQsWJDkm6EBljH8N_fBjOIYy0nWRxSRL0XUv_-msRuelYn-6oJhpPsJrbzoxMoENUlTZHrzJ8mfY_5Ki6Cua8gENB-eZjvAoVI47IlWsrGifoKDgpI2QuL7a5vP2J-g4c9IsHl8tITy_UIJ3GsTKly8HTbLhx2MRFz2b-jxxkRqE-dVYjX74y98bczt5DGJvi44tpZ-4o3jBNuXJlWb3_vO_ix_QDo0It7rVVNnEjxYyLc-7IaolnzpVWGnRQhPh_m3udAJXoanXBLS3mqa8lWukkOxyd0pYVcJjE0vP5ybXI2lHJCUPMwvF95XCAlqRY9VbsloWdN-dqd2x7vp8l6Z6e1QQjeuKFyA80uO_yJ4IdwVdtQzB8ajes3Gw-pk-iRZdL0VkKVqhJyvgnFSiB5c1YreeY9U8y4V.SM-AeEHAfnWdT3lWy88N1GAwxCGwZabp1Ng2vbxaBbw&dib_tag=se&keywords=bamboo+home+products&qid=1741332727&sr=8-51,26.98,https://m.media-amazon.com/images/I/717F02oY5bL._AC_UL320_.jpg,"hynawin corner shelf, 3 tier bamboo & metal storage spice rack-desk, space saving bookshelf with hooks, adjustable display shelf for creative home décor kitchen, bedroom, office (21co)",['bamboo'],1,Low,Likely Product,Not Sustainable
"Cosy House Collection Luxury Rayon Derived from Bamboo Shredded Memory Foam Pillow - Adjustable & Removable Fill - Cool & Breathable Cover with Zipper for Side, Back, & Stomach Sleepers (Queen)",4.3,5491,600+ bought in past month,https://www.amazon.com/s?k=bamboo+home+products#,26.98,https://m.media-amazon.com/images/I/81bPc3LytCL._AC_UL320_.jpg,"cosy house collection luxury rayon derived from bamboo shredded memory foam pillow - adjustable & removable fill - cool & breathable cover with zipper for side, back, & stomach sleepers (queen)",['bamboo'],1,Low,Likely Product,Not Sustainable
"Bandoo Original Deep Cleansing Foot Pads | Rana Pads | Premium Natural Bamboo Foot Pads | Japanese Foot Pads | Cleanse, Moisturize & Energize | for Men & Women | 10 Pads",4.0,2131,9K+ bought in past month,https://www.amazon.com/s?k=bamboo+home+products#,26.98,https://m.media-amazon.com/images/I/71wKZB0sBWL._AC_UL320_.jpg,"bandoo original deep cleansing foot pads | rana pads | premium natural bamboo foot pads | japanese foot pads | cleanse, moisturize & energize | for men & women | 10 pads","['bamboo', 'natural']",2,Low,Likely Product,Not Sustainable
"Luxury Bamboo Market | King Size Bed Sheet Set | 100% Viscose Made from Bamboo | Organically Grown | Ultra Soft | Cooling Sheets for Hot Sleepers | 17"" Deep Pocket [Dune]",4.5,223,50+ bought in past month,https://www.amazon.com/s?k=bamboo+home+products#,26.98,https://m.media-amazon.com/images/I/61sAvpGlEuL._AC_UL320_.jpg,"luxury bamboo market | king size bed sheet set | 100% viscose made from bamboo | organically grown | ultra soft | cooling sheets for hot sleepers | 17"" deep pocket [dune]","['organic', 'bamboo']",3,Moderate,Likely Product,Potentially Sustainable
"Bamboo Facial Tissues - 12 Boxes of Eco-Friendly, 3-Ply Hypoallergenic Tissues, 90 Sheets per Box, FSC Certified, Plastic-Free Packaging, Soft & Gentle for Home Use",4.2,380,1K+ bought in past month,https://www.amazon.com/s?k=bamboo+home+products#,26.98,https://m.media-amazon.com/images/I/81IgJVlQomL._AC_UL320_.jpg,"bamboo facial tissues - 12 boxes of eco-friendly, 3-ply hypoallergenic tissues, 90 sheets per box, fsc certified, plastic-free packaging, soft & gentle for home use","['plastic-free', 'eco-friendly', 'fsc certified', 'bamboo']",8,Strong,Likely Product,Sustainable
"NEST New York Scented Classic Candle, Bamboo - 8.1 oz - Up to 60-Hour Burn Time - Reusable Glass Vessel",4.6,3546,1K+ bought in past month,https://www.amazon.com/s?k=bamboo+home+products#,26.98,https://m.media-amazon.com/images/I/71WO0uTh9sL._AC_UL320_.jpg,"nest new york scented classic candle, bamboo - 8.1 oz - up to 60-hour burn time - reusable glass vessel","['reusable', 'bamboo']",4,Moderate,Likely Product,Potentially Sustainable
"Cosy House Collection 100% Rayon Derived from Bamboo Bed Sheet Set - Cooling, Breathable, Silky Soft 4-Piece Deep Pocket Bedding Set (Full, Sage Green)",4.1,238,50+ bought in past month,https://www.amazon.com/s?k=bamboo+home+products#,26.98,https://m.media-amazon.com/images/I/61wmTgI5uML._AC_UL320_.jpg,"cosy house collection 100% rayon derived from bamboo bed sheet set - cooling, breathable, silky soft 4-piece deep pocket bedding set (full, sage green)",['bamboo'],1,Low,Likely Product,Not Sustainable
"Sea Turtle Plant-Based Bristles, Bamboo Toothbrushes, Soft Natural Toothbrush for Kids (4 Pack)",4.4,2349,1K+ bought in past month,https://www.amazon.com/s?k=bamboo+home+products#,26.98,https://m.media-amazon.com/images/I/91-FejidQAL._AC_UL320_.jpg,"sea turtle plant-based bristles, bamboo toothbrushes, soft natural toothbrush for kids (4 pack)","['plant-based', 'bamboo', 'natural']",4,Moderate,Likely Product,Potentially Sustainable
"GREENER CHEF 30 Inch 3XL Extra Large Bamboo Cutting Board with Lifetime Replacements - Oversized Stove Top Cover, Noodle Board, Meat Carving, and Charcuterie Board",4.7,3546,400+ bought in past month,https://www.amazon.com/s?k=bamboo+home+products#,26.98,https://m.media-amazon.com/images/I/71Kn1SjOY-L._AC_UL320_.jpg,"greener chef 30 inch 3xl extra large bamboo cutting board with lifetime replacements - oversized stove top cover, noodle board, meat carving, and charcuterie board",['bamboo'],1,Low,Likely Product,Not Sustainable
"500-CT Bamboo Appetizer Forks & Toothpicks,PartyPicks Bamboo Forks, 3.5-Inch Mini Forks for Appetizers, Cocktail Parties, Fruits, Charcuterie - Wooden Food Picks Accessories.",4.7,118,200+ bought in past month,https://www.amazon.com/sspa/click?ie=UTF8&spc=MTo0MjQ4MjczNjUwMDgxNDQyOjE3NDEzMzI3Mjc6c3Bfc2VhcmNoX3RoZW1hdGljX2J0ZjozMDAzMzA5Mzc3Mzk0MDI6OjA6Og&url=%2FAppetizer-Toothpicks-PartyPicks-Appetizers-Charcuterie%2Fdp%2FB0CWKZ9RZG%2Fref%3Dsxbs_pa_sp_search_thematic_btf_sspa%3Fcontent-id%3Damzn1.sym.09edf2c9-5c44-4415-960a-5b68e2f3ef6d%253Aamzn1.sym.09edf2c9-5c44-4415-960a-5b68e2f3ef6d%26cv_ct_cx%3Dbamboo%2Bhome%2Bproducts%26keywords%3Dbamboo%2Bhome%2Bproducts%26pd_rd_i%3DB0CWKZ9RZG%26pd_rd_r%3Dade9fa99-236b-48c0-a822-1697d1add825%26pd_rd_w%3D3KwLZ%26pd_rd_wg%3DuAgGS%26pf_rd_p%3D09edf2c9-5c44-4415-960a-5b68e2f3ef6d%26pf_rd_r%3DDA1VW1CDEK69MY1SV563%26qid%3D1741332727%26sbo%3DRZvfv%252F%252FHxDF%252BO5021pAnSA%253D%253D%26sr%3D1-1-2111c337-e22b-460d-97fe-5be1c77b95e4-spons%26sp_csd%3Dd2lkZ2V0TmFtZT1zcF9zZWFyY2hfdGhlbWF0aWNfYnRm%26psc%3D1#customerReviews,26.98,https://m.media-amazon.com/images/I/711qvk4fz5L._AC_UL320_.jpg,"500-ct bamboo appetizer forks & toothpicks,partypicks bamboo forks, 3.5-inch mini forks for appetizers, cocktail parties, fruits, charcuterie - wooden food picks accessories.",['bamboo'],1,Low,Likely Product,Not Sustainable
"Plastic Water Bottle Organizer and Wine Rack Storage Holder,4 Tier 12 Containers Stackable Free-Standing Bottle Storage Rack for Kitchen Countertops, Table Top, Pantry, Bars, Cabinets, Fridge - Clear",4.4,175,100+ bought in past month,https://www.amazon.com/s?k=plastic+free+kitchen#,26.98,https://m.media-amazon.com/images/I/81cQ5is7N-L._AC_UL320_.jpg,"plastic water bottle organizer and wine rack storage holder,4 tier 12 containers stackable free-standing bottle storage rack for kitchen countertops, table top, pantry, bars, cabinets, fridge - clear",[],0,Low,Likely Product,Not Sustainable
"Cutting Board Double Sided, GUANCI Large Size 16”×11”, 304 Stainless Steel Cutting Board for Kitchen, Food-Grade, Stainless Steel and Wheat Straw PP, Easy to Clean",4.4,1942,6K+ bought in past month,https://www.amazon.com/GUANCI-Stainless-Food-Grade-Double-Side-Easy-Grip/dp/B08CDLZ6Q5/ref=sr_1_2?dib=eyJ2IjoiMSJ9.-z5Kol4Eh-XttE5fvfIzdGW2S9hDsaTBGePcw-HF0-GMGWgkQ7oFyHCnDR3VWUREsQ7Sb4dNaNy4xmW-h5opv-aeDWcXUGvO00oUQga6G3oE5c9K021cCgFs746lOFdymlDAr-ZStWgWCqMgoD-bMjtBZiD_rDD7Vt6S_WQci2U50tpgGktE-wcmnPkSDaOST2Y5JH63Zar2uf-LAH11Tn35qMZfrsPOCNlvquWKRsh2RsjUYosSt8Y1BjewT9MwmRwZnvugeu1jey14-iL5O9OEut7RB5OYYEXYOeY_4zuvDH2s0HivhgRDr2OnTRmPEzaSMh9xFRgjEoNT4gWCb9NGXukLP1bq3eYqYFG9-VBX5J549wku0A7sq7J3yi1adEm8eXCaemGvYiohmosrbGjN8eG5Ollin3ZqdO-yRh9mjwBYOxDFR0eo6X_9_PSD.6ER4cEI6ZdQ6ct6v_LZcJT2i4qiB8WlUsZC_xVGRWdo&dib_tag=se&keywords=plastic+free+kitchen&qid=1741332869&sr=8-2,23.69,https://m.media-amazon.com/images/I/41rMxAB338L._AC_UL320_.jpg,"cutting board double sided, guanci large size 16”×11”, 304 stainless steel cutting board for kitchen, food-grade, stainless steel and wheat straw pp, easy to clean",[],0,Low,Likely Product,Not Sustainable
"Wooden Spoons for Cooking, 10 Pcs Wooden Cooking Utensils Set – Wooden Utensil Set for Nonstick Pans & Cookware – Teak Wood - Sturdy, Lightweight & Heat Resistant",4.7,4332,4K+ bought in past month,https://www.amazon.com/Wooden-Spoons-Cooking-Teak-Utensil/dp/B0BBGQ2GLZ/ref=sr_1_3?dib=eyJ2IjoiMSJ9.-z5Kol4Eh-XttE5fvfIzdGW2S9hDsaTBGePcw-HF0-GMGWgkQ7oFyHCnDR3VWUREsQ7Sb4dNaNy4xmW-h5opv-aeDWcXUGvO00oUQga6G3oE5c9K021cCgFs746lOFdymlDAr-ZStWgWCqMgoD-bMjtBZiD_rDD7Vt6S_WQci2U50tpgGktE-wcmnPkSDaOST2Y5JH63Zar2uf-LAH11Tn35qMZfrsPOCNlvquWKRsh2RsjUYosSt8Y1BjewT9MwmRwZnvugeu1jey14-iL5O9OEut7RB5OYYEXYOeY_4zuvDH2s0HivhgRDr2OnTRmPEzaSMh9xFRgjEoNT4gWCb9NGXukLP1bq3eYqYFG9-VBX5J549wku0A7sq7J3yi1adEm8eXCaemGvYiohmosrbGjN8eG5Ollin3ZqdO-yRh9mjwBYOxDFR0eo6X_9_PSD.6ER4cEI6ZdQ6ct6v_LZcJT2i4qiB8WlUsZC_xVGRWdo&dib_tag=se&keywords=plastic+free+kitchen&qid=1741332869&sr=8-3,49.99,https://m.media-amazon.com/images/I/91b9jqF-qyL._AC_UL320_.jpg,"wooden spoons for cooking, 10 pcs wooden cooking utensils set – wooden utensil set for nonstick pans & cookware – teak wood - sturdy, lightweight & heat resistant",[],0,Low,Likely Product,Not Sustainable
"LESES Dish Brush Natural Bamboo Dish Scrub Brush Set with Handle 100% Plastic Free Eco Friendly Cleaning Brushes for Kitchen Cleaning Dish, Bottle, Pots, Pans",4.3,452,50+ bought in past month,https://www.amazon.com/LESES-Bamboo-Natural-Cleaning-Brushes/dp/B0881PYHPG/ref=sr_1_5?dib=eyJ2IjoiMSJ9.-z5Kol4Eh-XttE5fvfIzdGW2S9hDsaTBGePcw-HF0-GMGWgkQ7oFyHCnDR3VWUREsQ7Sb4dNaNy4xmW-h5opv-aeDWcXUGvO00oUQga6G3oE5c9K021cCgFs746lOFdymlDAr-ZStWgWCqMgoD-bMjtBZiD_rDD7Vt6S_WQci2U50tpgGktE-wcmnPkSDaOST2Y5JH63Zar2uf-LAH11Tn35qMZfrsPOCNlvquWKRsh2RsjUYosSt8Y1BjewT9MwmRwZnvugeu1jey14-iL5O9OEut7RB5OYYEXYOeY_4zuvDH2s0HivhgRDr2OnTRmPEzaSMh9xFRgjEoNT4gWCb9NGXukLP1bq3eYqYFG9-VBX5J549wku0A7sq7J3yi1adEm8eXCaemGvYiohmosrbGjN8eG5Ollin3ZqdO-yRh9mjwBYOxDFR0eo6X_9_PSD.6ER4cEI6ZdQ6ct6v_LZcJT2i4qiB8WlUsZC_xVGRWdo&dib_tag=se&keywords=plastic+free+kitchen&qid=1741332869&sr=8-5,17.99,https://m.media-amazon.com/images/I/81lhxFDnE4L._AC_UL320_.jpg,"leses dish brush natural bamboo dish scrub brush set with handle 100% plastic free eco friendly cleaning brushes for kitchen cleaning dish, bottle, pots, pans","['plastic free', 'eco friendly', 'bamboo', 'natural']",7,Strong,Likely Product,Sustainable
"Reusable Beeswax Wrap - 9 Pack Beeswax Wraps For Food, Organic, Sustainable, Biodegradable, Zero Waste, Plastic-Free Food Storage, 1L Strawberry, 3M Orange, 5S Lemon Patterns",4.4,1213,600+ bought in past month,https://www.amazon.com/Reusable-Beeswax-Wrap-Eco-Friendly-Biodegradable/dp/B09WRHLCFG/ref=sr_1_6?dib=eyJ2IjoiMSJ9.-z5Kol4Eh-XttE5fvfIzdGW2S9hDsaTBGePcw-HF0-GMGWgkQ7oFyHCnDR3VWUREsQ7Sb4dNaNy4xmW-h5opv-aeDWcXUGvO00oUQga6G3oE5c9K021cCgFs746lOFdymlDAr-ZStWgWCqMgoD-bMjtBZiD_rDD7Vt6S_WQci2U50tpgGktE-wcmnPkSDaOST2Y5JH63Zar2uf-LAH11Tn35qMZfrsPOCNlvquWKRsh2RsjUYosSt8Y1BjewT9MwmRwZnvugeu1jey14-iL5O9OEut7RB5OYYEXYOeY_4zuvDH2s0HivhgRDr2OnTRmPEzaSMh9xFRgjEoNT4gWCb9NGXukLP1bq3eYqYFG9-VBX5J549wku0A7sq7J3yi1adEm8eXCaemGvYiohmosrbGjN8eG5Ollin3ZqdO-yRh9mjwBYOxDFR0eo6X_9_PSD.6ER4cEI6ZdQ6ct6v_LZcJT2i4qiB8WlUsZC_xVGRWdo&dib_tag=se&keywords=plastic+free+kitchen&qid=1741332869&sr=8-6,13.99,https://m.media-amazon.com/images/I/81-cLbynG7L._AC_UL320_.jpg,"reusable beeswax wrap - 9 pack beeswax wraps for food, organic, sustainable, biodegradable, zero waste, plastic-free food storage, 1l strawberry, 3m orange, 5s lemon patterns","['biodegradable', 'zero waste', 'plastic-free', 'reusable', 'sustainable', 'organic']",16,Strong,Likely Product,Sustainable
"Glass Food Storage Containers with Bamboo Lids (4 Pack, 36 Ounce) Eco Friendly Meal Prep Containers Airtight – Plastic Free, BPA Free",4.2,2268,1K+ bought in past month,https://www.amazon.com/Storage-Containers-Bamboo-Friendly-Airtight/dp/B084H7K9LY/ref=sr_1_7?dib=eyJ2IjoiMSJ9.-z5Kol4Eh-XttE5fvfIzdGW2S9hDsaTBGePcw-HF0-GMGWgkQ7oFyHCnDR3VWUREsQ7Sb4dNaNy4xmW-h5opv-aeDWcXUGvO00oUQga6G3oE5c9K021cCgFs746lOFdymlDAr-ZStWgWCqMgoD-bMjtBZiD_rDD7Vt6S_WQci2U50tpgGktE-wcmnPkSDaOST2Y5JH63Zar2uf-LAH11Tn35qMZfrsPOCNlvquWKRsh2RsjUYosSt8Y1BjewT9MwmRwZnvugeu1jey14-iL5O9OEut7RB5OYYEXYOeY_4zuvDH2s0HivhgRDr2OnTRmPEzaSMh9xFRgjEoNT4gWCb9NGXukLP1bq3eYqYFG9-VBX5J549wku0A7sq7J3yi1adEm8eXCaemGvYiohmosrbGjN8eG5Ollin3ZqdO-yRh9mjwBYOxDFR0eo6X_9_PSD.6ER4cEI6ZdQ6ct6v_LZcJT2i4qiB8WlUsZC_xVGRWdo&dib_tag=se&keywords=plastic+free+kitchen&qid=1741332869&sr=8-7,38.97,https://m.media-amazon.com/images/I/91Q1kJbonsL._AC_UL320_.jpg,"glass food storage containers with bamboo lids (4 pack, 36 ounce) eco friendly meal prep containers airtight – plastic free, bpa free","['plastic free', 'eco friendly', 'bamboo']",6,Strong,Likely Product,Sustainable
"GREENER CHEF Organic Bamboo Cutting Board Set of 3 with Lifetime Replacements - Wood Cutting Board Set with Juice Groove - Wooden Chopping Board Set for Kitchen, Meat, Vegetables and Cheese",4.5,3326,2K+ bought in past month,https://www.amazon.com/LIFETIME-REPLACEMENTS-Organic-Lifetime-Replacements/dp/B085CMXR3V/ref=sr_1_8?dib=eyJ2IjoiMSJ9.-z5Kol4Eh-XttE5fvfIzdGW2S9hDsaTBGePcw-HF0-GMGWgkQ7oFyHCnDR3VWUREsQ7Sb4dNaNy4xmW-h5opv-aeDWcXUGvO00oUQga6G3oE5c9K021cCgFs746lOFdymlDAr-ZStWgWCqMgoD-bMjtBZiD_rDD7Vt6S_WQci2U50tpgGktE-wcmnPkSDaOST2Y5JH63Zar2uf-LAH11Tn35qMZfrsPOCNlvquWKRsh2RsjUYosSt8Y1BjewT9MwmRwZnvugeu1jey14-iL5O9OEut7RB5OYYEXYOeY_4zuvDH2s0HivhgRDr2OnTRmPEzaSMh9xFRgjEoNT4gWCb9NGXukLP1bq3eYqYFG9-VBX5J549wku0A7sq7J3yi1adEm8eXCaemGvYiohmosrbGjN8eG5Ollin3ZqdO-yRh9mjwBYOxDFR0eo6X_9_PSD.6ER4cEI6ZdQ6ct6v_LZcJT2i4qiB8WlUsZC_xVGRWdo&dib_tag=se&keywords=plastic+free+kitchen&qid=1741332869&sr=8-8,41.89,https://m.media-amazon.com/images/I/71v1XMG-m3L._AC_UL320_.jpg,"greener chef organic bamboo cutting board set of 3 with lifetime replacements - wood cutting board set with juice groove - wooden chopping board set for kitchen, meat, vegetables and cheese","['organic', 'bamboo']",3,Moderate,Likely Product,Potentially Sustainable
"[6 Pack] Salad Dressing To Go Containers, 1.6 oz Small Stainless Steel Sauce Cups With Leakproof Silicone Lids, For Lunch Boxes, Picnics and Travel",4.8,3293,3K+ bought in past month,https://www.amazon.com/Container-1-6-Condiment-Containers-Stainless/dp/B0C8HNNVCB/ref=sr_1_9?dib=eyJ2IjoiMSJ9.-z5Kol4Eh-XttE5fvfIzdGW2S9hDsaTBGePcw-HF0-GMGWgkQ7oFyHCnDR3VWUREsQ7Sb4dNaNy4xmW-h5opv-aeDWcXUGvO00oUQga6G3oE5c9K021cCgFs746lOFdymlDAr-ZStWgWCqMgoD-bMjtBZiD_rDD7Vt6S_WQci2U50tpgGktE-wcmnPkSDaOST2Y5JH63Zar2uf-LAH11Tn35qMZfrsPOCNlvquWKRsh2RsjUYosSt8Y1BjewT9MwmRwZnvugeu1jey14-iL5O9OEut7RB5OYYEXYOeY_4zuvDH2s0HivhgRDr2OnTRmPEzaSMh9xFRgjEoNT4gWCb9NGXukLP1bq3eYqYFG9-VBX5J549wku0A7sq7J3yi1adEm8eXCaemGvYiohmosrbGjN8eG5Ollin3ZqdO-yRh9mjwBYOxDFR0eo6X_9_PSD.6ER4cEI6ZdQ6ct6v_LZcJT2i4qiB8WlUsZC_xVGRWdo&dib_tag=se&keywords=plastic+free+kitchen&qid=1741332869&sr=8-9,9.99,https://m.media-amazon.com/images/I/61e4L8ouG2L._AC_UL320_.jpg,"[6 pack] salad dressing to go containers, 1.6 oz small stainless steel sauce cups with leakproof silicone lids, for lunch boxes, picnics and travel",[],0,Low,Likely Product,Not Sustainable
"Schneider Vinyl Synthetic Exam Gloves, 4 Mil, Latex Free Disposable Gloves for Medical, Cooking, Cleaning, and Food Prep",4.4,24909,20K+ bought in past month,https://www.amazon.com/Schneider-Latex-Free-Powder-Free-Disposable-Examination/dp/B09KTKYP9F/ref=sr_1_10?dib=eyJ2IjoiMSJ9.-z5Kol4Eh-XttE5fvfIzdGW2S9hDsaTBGePcw-HF0-GMGWgkQ7oFyHCnDR3VWUREsQ7Sb4dNaNy4xmW-h5opv-aeDWcXUGvO00oUQga6G3oE5c9K021cCgFs746lOFdymlDAr-ZStWgWCqMgoD-bMjtBZiD_rDD7Vt6S_WQci2U50tpgGktE-wcmnPkSDaOST2Y5JH63Zar2uf-LAH11Tn35qMZfrsPOCNlvquWKRsh2RsjUYosSt8Y1BjewT9MwmRwZnvugeu1jey14-iL5O9OEut7RB5OYYEXYOeY_4zuvDH2s0HivhgRDr2OnTRmPEzaSMh9xFRgjEoNT4gWCb9NGXukLP1bq3eYqYFG9-VBX5J549wku0A7sq7J3yi1adEm8eXCaemGvYiohmosrbGjN8eG5Ollin3ZqdO-yRh9mjwBYOxDFR0eo6X_9_PSD.6ER4cEI6ZdQ6ct6v_LZcJT2i4qiB8WlUsZC_xVGRWdo&dib_tag=se&keywords=plastic+free+kitchen&qid=1741332869&sr=8-10,7.99,https://m.media-amazon.com/images/I/71mX7tqG56L._AC_UL320_.jpg,"schneider vinyl synthetic exam gloves, 4 mil, latex free disposable gloves for medical, cooking, cleaning, and food prep",[],0,Low,Likely Product,Not Sustainable
"Airtight Food Storage Containers With Lids 15pcs Organization Canisters Kitchen Bpa Free Plastic Pantry Containers Storage Set for Pasta, Cereal, Dry Food, Flour and Sugar-60 Labels",4.3,133,200+ bought in past month,https://www.amazon.com/sspa/click?ie=UTF8&spc=MToxOTM3NDUzODczMDMyODg2OjE3NDEzMzI4Njk6c3Bfc2VhcmNoX3RoZW1hdGljOjMwMDY4MTU4NDY1NTIwMjo6MDo6&url=%2FHomhut-Airtight-Containers-Organization-Canisters%2Fdp%2FB0D6R7M7WK%2Fref%3Dsxin_25_pa_sp_search_thematic_sspa%3Fcontent-id%3Damzn1.sym.48c19548-95e7-4464-858a-27d3912adfcf%253Aamzn1.sym.48c19548-95e7-4464-858a-27d3912adfcf%26cv_ct_cx%3Dplastic%2Bfree%2Bkitchen%26keywords%3Dplastic%2Bfree%2Bkitchen%26pd_rd_i%3DB0D6R7M7WK%26pd_rd_r%3D07bdf095-0445-40be-b640-85fa4e219304%26pd_rd_w%3DhqtEz%26pd_rd_wg%3DvGe8R%26pf_rd_p%3D48c19548-95e7-4464-858a-27d3912adfcf%26pf_rd_r%3DVV3HXNJPF6GZN46B47Q0%26qid%3D1741332869%26sbo%3DRZvfv%252F%252FHxDF%252BO5021pAnSA%253D%253D%26sr%3D1-1-e169343e-09af-4d41-85b1-8335fe8f32d0-spons%26sp_csd%3Dd2lkZ2V0TmFtZT1zcF9zZWFyY2hfdGhlbWF0aWM%26psc%3D1#customerReviews,7.99,https://m.media-amazon.com/images/I/81nRzhzOHGL._AC_UL320_.jpg,"airtight food storage containers with lids 15pcs organization canisters kitchen bpa free plastic pantry containers storage set for pasta, cereal, dry food, flour and sugar-60 labels",[],0,Low,Likely Product,Not Sustainable
Natural Loofah Sponges for Dishes - Compostable Loofah and Cellulose Kitchen Sponges Pack of 6 - Plastic Free Loofah Dish Sponges Kitchen with Cotton Hanging Loop,4.3,65,100+ bought in past month,https://www.amazon.com/Natural-Loofah-Sponges-Dishes-Compostable/dp/B0D3NSRK2K/ref=sr_1_11?dib=eyJ2IjoiMSJ9.-z5Kol4Eh-XttE5fvfIzdGW2S9hDsaTBGePcw-HF0-GMGWgkQ7oFyHCnDR3VWUREsQ7Sb4dNaNy4xmW-h5opv-aeDWcXUGvO00oUQga6G3oE5c9K021cCgFs746lOFdymlDAr-ZStWgWCqMgoD-bMjtBZiD_rDD7Vt6S_WQci2U50tpgGktE-wcmnPkSDaOST2Y5JH63Zar2uf-LAH11Tn35qMZfrsPOCNlvquWKRsh2RsjUYosSt8Y1BjewT9MwmRwZnvugeu1jey14-iL5O9OEut7RB5OYYEXYOeY_4zuvDH2s0HivhgRDr2OnTRmPEzaSMh9xFRgjEoNT4gWCb9NGXukLP1bq3eYqYFG9-VBX5J549wku0A7sq7J3yi1adEm8eXCaemGvYiohmosrbGjN8eG5Ollin3ZqdO-yRh9mjwBYOxDFR0eo6X_9_PSD.6ER4cEI6ZdQ6ct6v_LZcJT2i4qiB8WlUsZC_xVGRWdo&dib_tag=se&keywords=plastic+free+kitchen&qid=1741332869&sr=8-11,12.95,https://m.media-amazon.com/images/I/71QyavxasNL._AC_UL320_.jpg,natural loofah sponges for dishes - compostable loofah and cellulose kitchen sponges pack of 6 - plastic free loofah dish sponges kitchen with cotton hanging loop,"['compostable', 'plastic free', 'natural']",7,Strong,Likely Product,Sustainable
2-Piece Reversible Cutting Board Set Made from Natural Food Grade Wheat Straw Material - Eco-Conscious Alternative to Plastic - Gluten Free & BPA Free Chopping Boards for Kitchen,4.6,125,900+ bought in past month,https://www.amazon.com/Smart-Cutting-Board-Knife-Set/dp/B0D7W53SVG/ref=sr_1_12?dib=eyJ2IjoiMSJ9.-z5Kol4Eh-XttE5fvfIzdGW2S9hDsaTBGePcw-HF0-GMGWgkQ7oFyHCnDR3VWUREsQ7Sb4dNaNy4xmW-h5opv-aeDWcXUGvO00oUQga6G3oE5c9K021cCgFs746lOFdymlDAr-ZStWgWCqMgoD-bMjtBZiD_rDD7Vt6S_WQci2U50tpgGktE-wcmnPkSDaOST2Y5JH63Zar2uf-LAH11Tn35qMZfrsPOCNlvquWKRsh2RsjUYosSt8Y1BjewT9MwmRwZnvugeu1jey14-iL5O9OEut7RB5OYYEXYOeY_4zuvDH2s0HivhgRDr2OnTRmPEzaSMh9xFRgjEoNT4gWCb9NGXukLP1bq3eYqYFG9-VBX5J549wku0A7sq7J3yi1adEm8eXCaemGvYiohmosrbGjN8eG5Ollin3ZqdO-yRh9mjwBYOxDFR0eo6X_9_PSD.6ER4cEI6ZdQ6ct6v_LZcJT2i4qiB8WlUsZC_xVGRWdo&dib_tag=se&keywords=plastic+free+kitchen&qid=1741332869&sr=8-12,24.95,https://m.media-amazon.com/images/I/713hrcWVq1L._AC_UL320_.jpg,2-piece reversible cutting board set made from natural food grade wheat straw material - eco-conscious alternative to plastic - gluten free & bpa free chopping boards for kitchen,['natural'],1,Low,Likely Product,Not Sustainable
"eplanita Natural Dish Brush, 3 Replacement Heads, Kitchen Eco Bamboo Scrubber Brushes, Extra Plant Sponge, Plastic Free Washing Up, Zero Waste Cleaning",4.4,1184,500+ bought in past month,https://www.amazon.com/eplanita-Natural-Replacement-Scrubber-Cleaning/dp/B08688KYF6/ref=sr_1_13?dib=eyJ2IjoiMSJ9.-z5Kol4Eh-XttE5fvfIzdGW2S9hDsaTBGePcw-HF0-GMGWgkQ7oFyHCnDR3VWUREsQ7Sb4dNaNy4xmW-h5opv-aeDWcXUGvO00oUQga6G3oE5c9K021cCgFs746lOFdymlDAr-ZStWgWCqMgoD-bMjtBZiD_rDD7Vt6S_WQci2U50tpgGktE-wcmnPkSDaOST2Y5JH63Zar2uf-LAH11Tn35qMZfrsPOCNlvquWKRsh2RsjUYosSt8Y1BjewT9MwmRwZnvugeu1jey14-iL5O9OEut7RB5OYYEXYOeY_4zuvDH2s0HivhgRDr2OnTRmPEzaSMh9xFRgjEoNT4gWCb9NGXukLP1bq3eYqYFG9-VBX5J549wku0A7sq7J3yi1adEm8eXCaemGvYiohmosrbGjN8eG5Ollin3ZqdO-yRh9mjwBYOxDFR0eo6X_9_PSD.6ER4cEI6ZdQ6ct6v_LZcJT2i4qiB8WlUsZC_xVGRWdo&dib_tag=se&keywords=plastic+free+kitchen&qid=1741332869&sr=8-13,12.99,https://m.media-amazon.com/images/I/91874WFeyaL._AC_UL320_.jpg,"eplanita natural dish brush, 3 replacement heads, kitchen eco bamboo scrubber brushes, extra plant sponge, plastic free washing up, zero waste cleaning","['zero waste', 'plastic free', 'bamboo', 'natural']",8,Strong,Likely Product,Sustainable
"Dish Brush with Handle Made from Bamboo - Plastic-Free Sisal Bristles Kitchen Scrub Brush for Dishes - Natural Dish Scrubber Brush Set - Odor Free Pots, Pans and Sink Brush for Dishes (2 Pack)",4.4,65,100+ bought in past month,https://www.amazon.com/Dish-Brush-Handle-Made-Bamboo/dp/B0DGGK774H/ref=sr_1_14?dib=eyJ2IjoiMSJ9.-z5Kol4Eh-XttE5fvfIzdGW2S9hDsaTBGePcw-HF0-GMGWgkQ7oFyHCnDR3VWUREsQ7Sb4dNaNy4xmW-h5opv-aeDWcXUGvO00oUQga6G3oE5c9K021cCgFs746lOFdymlDAr-ZStWgWCqMgoD-bMjtBZiD_rDD7Vt6S_WQci2U50tpgGktE-wcmnPkSDaOST2Y5JH63Zar2uf-LAH11Tn35qMZfrsPOCNlvquWKRsh2RsjUYosSt8Y1BjewT9MwmRwZnvugeu1jey14-iL5O9OEut7RB5OYYEXYOeY_4zuvDH2s0HivhgRDr2OnTRmPEzaSMh9xFRgjEoNT4gWCb9NGXukLP1bq3eYqYFG9-VBX5J549wku0A7sq7J3yi1adEm8eXCaemGvYiohmosrbGjN8eG5Ollin3ZqdO-yRh9mjwBYOxDFR0eo6X_9_PSD.6ER4cEI6ZdQ6ct6v_LZcJT2i4qiB8WlUsZC_xVGRWdo&dib_tag=se&keywords=plastic+free+kitchen&qid=1741332869&sr=8-14,8.95,https://m.media-amazon.com/images/I/71qyQi9uuIL._AC_UL320_.jpg,"dish brush with handle made from bamboo - plastic-free sisal bristles kitchen scrub brush for dishes - natural dish scrubber brush set - odor free pots, pans and sink brush for dishes (2 pack)","['plastic-free', 'bamboo', 'natural']",5,Moderate,Likely Product,Potentially Sustainable
Natural Kitchen Sponge - Biodegradable Compostable Cellulose and Coconut Scrubber Sponge - Pack of 12 Eco Friendly Sponges for Dishes,4.6,4984,10K+ bought in past month,https://www.amazon.com/AIRNEX-Biodegradable-Natural-Kitchen-Sponge/dp/B0917GV13P/ref=sr_1_15?dib=eyJ2IjoiMSJ9.-z5Kol4Eh-XttE5fvfIzdGW2S9hDsaTBGePcw-HF0-GMGWgkQ7oFyHCnDR3VWUREsQ7Sb4dNaNy4xmW-h5opv-aeDWcXUGvO00oUQga6G3oE5c9K021cCgFs746lOFdymlDAr-ZStWgWCqMgoD-bMjtBZiD_rDD7Vt6S_WQci2U50tpgGktE-wcmnPkSDaOST2Y5JH63Zar2uf-LAH11Tn35qMZfrsPOCNlvquWKRsh2RsjUYosSt8Y1BjewT9MwmRwZnvugeu1jey14-iL5O9OEut7RB5OYYEXYOeY_4zuvDH2s0HivhgRDr2OnTRmPEzaSMh9xFRgjEoNT4gWCb9NGXukLP1bq3eYqYFG9-VBX5J549wku0A7sq7J3yi1adEm8eXCaemGvYiohmosrbGjN8eG5Ollin3ZqdO-yRh9mjwBYOxDFR0eo6X_9_PSD.6ER4cEI6ZdQ6ct6v_LZcJT2i4qiB8WlUsZC_xVGRWdo&dib_tag=se&keywords=plastic+free+kitchen&qid=1741332869&sr=8-15,14.95,https://m.media-amazon.com/images/I/91zidZ1V1VL._AC_UL320_.jpg,natural kitchen sponge - biodegradable compostable cellulose and coconut scrubber sponge - pack of 12 eco friendly sponges for dishes,"['biodegradable', 'compostable', 'eco friendly', 'natural']",9,Strong,Likely Product,Sustainable
Homienly Drinking Glasses Premium Wheat Straw Unbreakable Cups - Set of 6 Alternative to Plastic Cups Reusable Unbreakable Drinking Cup Reusable Dishwasher Safe Water Glasses Tumblers (12 OZ),4.6,2561,2K+ bought in past month,https://www.amazon.com/Plastic-Unbreakable-Drinking-Reusable-Dishwasher/dp/B09YXJ29ZS/ref=sr_1_16?dib=eyJ2IjoiMSJ9.-z5Kol4Eh-XttE5fvfIzdGW2S9hDsaTBGePcw-HF0-GMGWgkQ7oFyHCnDR3VWUREsQ7Sb4dNaNy4xmW-h5opv-aeDWcXUGvO00oUQga6G3oE5c9K021cCgFs746lOFdymlDAr-ZStWgWCqMgoD-bMjtBZiD_rDD7Vt6S_WQci2U50tpgGktE-wcmnPkSDaOST2Y5JH63Zar2uf-LAH11Tn35qMZfrsPOCNlvquWKRsh2RsjUYosSt8Y1BjewT9MwmRwZnvugeu1jey14-iL5O9OEut7RB5OYYEXYOeY_4zuvDH2s0HivhgRDr2OnTRmPEzaSMh9xFRgjEoNT4gWCb9NGXukLP1bq3eYqYFG9-VBX5J549wku0A7sq7J3yi1adEm8eXCaemGvYiohmosrbGjN8eG5Ollin3ZqdO-yRh9mjwBYOxDFR0eo6X_9_PSD.6ER4cEI6ZdQ6ct6v_LZcJT2i4qiB8WlUsZC_xVGRWdo&dib_tag=se&keywords=plastic+free+kitchen&qid=1741332869&sr=8-16,16.99,https://m.media-amazon.com/images/I/718knKMBY9L._AC_UL320_.jpg,homienly drinking glasses premium wheat straw unbreakable cups - set of 6 alternative to plastic cups reusable unbreakable drinking cup reusable dishwasher safe water glasses tumblers (12 oz),['reusable'],3,Moderate,Likely Product,Potentially Sustainable
"HOTEC Unbreakable Wheat Straw Cereal Bowls - Microwave & Dishwasher Safe Soup and Salad Bowls, Set of 8, 26oz, BPA Free, Multicolor",4.6,1583,2K+ bought in past month,https://www.amazon.com/HOTEC-Unbreakable-Wheat-Straw-Cereal/dp/B0BWDSPBHZ/ref=sr_1_17?dib=eyJ2IjoiMSJ9.-z5Kol4Eh-XttE5fvfIzdGW2S9hDsaTBGePcw-HF0-GMGWgkQ7oFyHCnDR3VWUREsQ7Sb4dNaNy4xmW-h5opv-aeDWcXUGvO00oUQga6G3oE5c9K021cCgFs746lOFdymlDAr-ZStWgWCqMgoD-bMjtBZiD_rDD7Vt6S_WQci2U50tpgGktE-wcmnPkSDaOST2Y5JH63Zar2uf-LAH11Tn35qMZfrsPOCNlvquWKRsh2RsjUYosSt8Y1BjewT9MwmRwZnvugeu1jey14-iL5O9OEut7RB5OYYEXYOeY_4zuvDH2s0HivhgRDr2OnTRmPEzaSMh9xFRgjEoNT4gWCb9NGXukLP1bq3eYqYFG9-VBX5J549wku0A7sq7J3yi1adEm8eXCaemGvYiohmosrbGjN8eG5Ollin3ZqdO-yRh9mjwBYOxDFR0eo6X_9_PSD.6ER4cEI6ZdQ6ct6v_LZcJT2i4qiB8WlUsZC_xVGRWdo&dib_tag=se&keywords=plastic+free+kitchen&qid=1741332869&sr=8-17,13.41,https://m.media-amazon.com/images/I/71BIjoA9thL._AC_UL320_.jpg,"hotec unbreakable wheat straw cereal bowls - microwave & dishwasher safe soup and salad bowls, set of 8, 26oz, bpa free, multicolor",[],0,Low,Likely Product,Not Sustainable
"Betterway Bamboo Paper Towels - 6 Rolls, 2 Ply - Plastic Free, Disposable Kitchen Paper Towels - Select Size, Tree Free, Compostable, Strong & Absorbent, No Dyes",4.2,543,1K+ bought in past month,https://www.amazon.com/Betterway-Bamboo-Paper-Towels-Compostable/dp/B08L5JSX8R/ref=sr_1_18?dib=eyJ2IjoiMSJ9.-z5Kol4Eh-XttE5fvfIzdGW2S9hDsaTBGePcw-HF0-GMGWgkQ7oFyHCnDR3VWUREsQ7Sb4dNaNy4xmW-h5opv-aeDWcXUGvO00oUQga6G3oE5c9K021cCgFs746lOFdymlDAr-ZStWgWCqMgoD-bMjtBZiD_rDD7Vt6S_WQci2U50tpgGktE-wcmnPkSDaOST2Y5JH63Zar2uf-LAH11Tn35qMZfrsPOCNlvquWKRsh2RsjUYosSt8Y1BjewT9MwmRwZnvugeu1jey14-iL5O9OEut7RB5OYYEXYOeY_4zuvDH2s0HivhgRDr2OnTRmPEzaSMh9xFRgjEoNT4gWCb9NGXukLP1bq3eYqYFG9-VBX5J549wku0A7sq7J3yi1adEm8eXCaemGvYiohmosrbGjN8eG5Ollin3ZqdO-yRh9mjwBYOxDFR0eo6X_9_PSD.6ER4cEI6ZdQ6ct6v_LZcJT2i4qiB8WlUsZC_xVGRWdo&dib_tag=se&keywords=plastic+free+kitchen&qid=1741332869&sr=8-18,24.99,https://m.media-amazon.com/images/I/71lurRsOm1L._AC_UL320_.jpg,"betterway bamboo paper towels - 6 rolls, 2 ply - plastic free, disposable kitchen paper towels - select size, tree free, compostable, strong & absorbent, no dyes","['compostable', 'plastic free', 'bamboo']",7,Strong,Likely Product,Sustainable
"Wooden Spoons for Cooking, Wooden Cooking Utensils Set, Wooden Utensil Set with Holder, Spoon Rest & Hooks, Teak Wood Nonstick Kitchen Cookware – 8-piece set of wooden utensils with 6 metal hooks",4.7,4778,1K+ bought in past month,https://www.amazon.com/Wooden-Cooking-Utensils-Holder-Spatula/dp/B082VTKNMJ/ref=sr_1_23?dib=eyJ2IjoiMSJ9.-z5Kol4Eh-XttE5fvfIzdGW2S9hDsaTBGePcw-HF0-GMGWgkQ7oFyHCnDR3VWUREsQ7Sb4dNaNy4xmW-h5opv-aeDWcXUGvO00oUQga6G3oE5c9K021cCgFs746lOFdymlDAr-ZStWgWCqMgoD-bMjtBZiD_rDD7Vt6S_WQci2U50tpgGktE-wcmnPkSDaOST2Y5JH63Zar2uf-LAH11Tn35qMZfrsPOCNlvquWKRsh2RsjUYosSt8Y1BjewT9MwmRwZnvugeu1jey14-iL5O9OEut7RB5OYYEXYOeY_4zuvDH2s0HivhgRDr2OnTRmPEzaSMh9xFRgjEoNT4gWCb9NGXukLP1bq3eYqYFG9-VBX5J549wku0A7sq7J3yi1adEm8eXCaemGvYiohmosrbGjN8eG5Ollin3ZqdO-yRh9mjwBYOxDFR0eo6X_9_PSD.6ER4cEI6ZdQ6ct6v_LZcJT2i4qiB8WlUsZC_xVGRWdo&dib_tag=se&keywords=plastic+free+kitchen&qid=1741332869&sr=8-23,38.21,https://m.media-amazon.com/images/I/81bDVyGtdjL._AC_UL320_.jpg,"wooden spoons for cooking, wooden cooking utensils set, wooden utensil set with holder, spoon rest & hooks, teak wood nonstick kitchen cookware – 8-piece set of wooden utensils with 6 metal hooks",[],0,Low,Likely Product,Not Sustainable
"Zero Waste Natural Dish Soap Bar (Pack of 3 Bars) - Solid Vegan Dishwashing Block - Cold Processed, Eco Friendly Plastic Free Packaging with Sustainable Organic Ingredients for Kitchen",4.3,653,600+ bought in past month,https://www.amazon.com/Zero-Waste-Natural-Dish-Soap/dp/B0919XDJ71/ref=sr_1_24?dib=eyJ2IjoiMSJ9.-z5Kol4Eh-XttE5fvfIzdGW2S9hDsaTBGePcw-HF0-GMGWgkQ7oFyHCnDR3VWUREsQ7Sb4dNaNy4xmW-h5opv-aeDWcXUGvO00oUQga6G3oE5c9K021cCgFs746lOFdymlDAr-ZStWgWCqMgoD-bMjtBZiD_rDD7Vt6S_WQci2U50tpgGktE-wcmnPkSDaOST2Y5JH63Zar2uf-LAH11Tn35qMZfrsPOCNlvquWKRsh2RsjUYosSt8Y1BjewT9MwmRwZnvugeu1jey14-iL5O9OEut7RB5OYYEXYOeY_4zuvDH2s0HivhgRDr2OnTRmPEzaSMh9xFRgjEoNT4gWCb9NGXukLP1bq3eYqYFG9-VBX5J549wku0A7sq7J3yi1adEm8eXCaemGvYiohmosrbGjN8eG5Ollin3ZqdO-yRh9mjwBYOxDFR0eo6X_9_PSD.6ER4cEI6ZdQ6ct6v_LZcJT2i4qiB8WlUsZC_xVGRWdo&dib_tag=se&keywords=plastic+free+kitchen&qid=1741332869&sr=8-24,23.98,https://m.media-amazon.com/images/I/713GeQ-ieZL._AC_UL320_.jpg,"zero waste natural dish soap bar (pack of 3 bars) - solid vegan dishwashing block - cold processed, eco friendly plastic free packaging with sustainable organic ingredients for kitchen","['zero waste', 'plastic free', 'sustainable', 'eco friendly', 'organic', 'natural', 'vegan']",14,Strong,Likely Product,Sustainable
"JoyJolt JoyFul 24pc Borosilicate Glass Storage Containers with Lids. 12 Airtight, Freezer Safe Food Storage Containers, Pantry Kitchen Storage Containers, Glass Meal Prep Container for Lunch",4.6,16318,3K+ bought in past month,https://www.amazon.com/JoyJolt-Borosilicate-Containers-Airtight-Container/dp/B09LMMV7W8/ref=sr_1_25?dib=eyJ2IjoiMSJ9.-z5Kol4Eh-XttE5fvfIzdGW2S9hDsaTBGePcw-HF0-GMGWgkQ7oFyHCnDR3VWUREsQ7Sb4dNaNy4xmW-h5opv-aeDWcXUGvO00oUQga6G3oE5c9K021cCgFs746lOFdymlDAr-ZStWgWCqMgoD-bMjtBZiD_rDD7Vt6S_WQci2U50tpgGktE-wcmnPkSDaOST2Y5JH63Zar2uf-LAH11Tn35qMZfrsPOCNlvquWKRsh2RsjUYosSt8Y1BjewT9MwmRwZnvugeu1jey14-iL5O9OEut7RB5OYYEXYOeY_4zuvDH2s0HivhgRDr2OnTRmPEzaSMh9xFRgjEoNT4gWCb9NGXukLP1bq3eYqYFG9-VBX5J549wku0A7sq7J3yi1adEm8eXCaemGvYiohmosrbGjN8eG5Ollin3ZqdO-yRh9mjwBYOxDFR0eo6X_9_PSD.6ER4cEI6ZdQ6ct6v_LZcJT2i4qiB8WlUsZC_xVGRWdo&dib_tag=se&keywords=plastic+free+kitchen&qid=1741332869&sr=8-25,23.98,https://m.media-amazon.com/images/I/91ds16mRWLL._AC_UL320_.jpg,"joyjolt joyful 24pc borosilicate glass storage containers with lids. 12 airtight, freezer safe food storage containers, pantry kitchen storage containers, glass meal prep container for lunch",[],0,Low,Likely Product,Not Sustainable
"Gaia Guy Natural Dish Sponge (10 Pack), Compostable Kitchen Scrubber Scouring Pad, 100% Plastic-Free Loofah Plant-Based Dishwashing Scrubber, Biodegradable and Zero Waste",3.8,145,50+ bought in past month,https://www.amazon.com/Gaia-Guy-Plastic-Free-Plant-Based-Biodegradable/dp/B08B1KR1F6/ref=sr_1_26?dib=eyJ2IjoiMSJ9.-z5Kol4Eh-XttE5fvfIzdGW2S9hDsaTBGePcw-HF0-GMGWgkQ7oFyHCnDR3VWUREsQ7Sb4dNaNy4xmW-h5opv-aeDWcXUGvO00oUQga6G3oE5c9K021cCgFs746lOFdymlDAr-ZStWgWCqMgoD-bMjtBZiD_rDD7Vt6S_WQci2U50tpgGktE-wcmnPkSDaOST2Y5JH63Zar2uf-LAH11Tn35qMZfrsPOCNlvquWKRsh2RsjUYosSt8Y1BjewT9MwmRwZnvugeu1jey14-iL5O9OEut7RB5OYYEXYOeY_4zuvDH2s0HivhgRDr2OnTRmPEzaSMh9xFRgjEoNT4gWCb9NGXukLP1bq3eYqYFG9-VBX5J549wku0A7sq7J3yi1adEm8eXCaemGvYiohmosrbGjN8eG5Ollin3ZqdO-yRh9mjwBYOxDFR0eo6X_9_PSD.6ER4cEI6ZdQ6ct6v_LZcJT2i4qiB8WlUsZC_xVGRWdo&dib_tag=se&keywords=plastic+free+kitchen&qid=1741332869&sr=8-26,12.99,https://m.media-amazon.com/images/I/81bpgkUi5qL._AC_UL320_.jpg,"gaia guy natural dish sponge (10 pack), compostable kitchen scrubber scouring pad, 100% plastic-free loofah plant-based dishwashing scrubber, biodegradable and zero waste","['biodegradable', 'compostable', 'zero waste', 'plastic-free', 'plant-based', 'natural']",15,Strong,Likely Product,Sustainable
"Bamboo Cutting Board, Durable Wood Cutting Boards for Kitchen with Deep Juice Grooves & Built-in Handles, Ideal Charcuterie & Chopping for Meat, Vegetables - Perfect Kitchen Gift for Home Cooks",4.5,670,10K+ bought in past month,https://www.amazon.com/Cutting-Durable-Charcuterie-Chopping-Vegetables/dp/B0D7M8QB9Y/ref=sr_1_31?dib=eyJ2IjoiMSJ9.-z5Kol4Eh-XttE5fvfIzdGW2S9hDsaTBGePcw-HF0-GMGWgkQ7oFyHCnDR3VWUREsQ7Sb4dNaNy4xmW-h5opv-aeDWcXUGvO00oUQga6G3oE5c9K021cCgFs746lOFdymlDAr-ZStWgWCqMgoD-bMjtBZiD_rDD7Vt6S_WQci2U50tpgGktE-wcmnPkSDaOST2Y5JH63Zar2uf-LAH11Tn35qMZfrsPOCNlvquWKRsh2RsjUYosSt8Y1BjewT9MwmRwZnvugeu1jey14-iL5O9OEut7RB5OYYEXYOeY_4zuvDH2s0HivhgRDr2OnTRmPEzaSMh9xFRgjEoNT4gWCb9NGXukLP1bq3eYqYFG9-VBX5J549wku0A7sq7J3yi1adEm8eXCaemGvYiohmosrbGjN8eG5Ollin3ZqdO-yRh9mjwBYOxDFR0eo6X_9_PSD.6ER4cEI6ZdQ6ct6v_LZcJT2i4qiB8WlUsZC_xVGRWdo&dib_tag=se&keywords=plastic+free+kitchen&qid=1741332869&sr=8-31,39.95,https://m.media-amazon.com/images/I/81rF0i715fL._AC_UL320_.jpg,"bamboo cutting board, durable wood cutting boards for kitchen with deep juice grooves & built-in handles, ideal charcuterie & chopping for meat, vegetables - perfect kitchen gift for home cooks",['bamboo'],1,Low,Likely Product,Not Sustainable
"Pack of 2 Silicone Solid Turner, Non Stick Slotted Kitchen Spatulas, High Heat Resistant BPA Free Cooking Utensils, Ideal Cookware for Fish, Eggs, Pancakes(Stainless Steel Khaki)",4.6,8753,2K+ bought in past month,https://www.amazon.com/Silicone-Spatulas-Resistant-Utensils-Stainless/dp/B0BXP37T7R/ref=sr_1_32?dib=eyJ2IjoiMSJ9.-z5Kol4Eh-XttE5fvfIzdGW2S9hDsaTBGePcw-HF0-GMGWgkQ7oFyHCnDR3VWUREsQ7Sb4dNaNy4xmW-h5opv-aeDWcXUGvO00oUQga6G3oE5c9K021cCgFs746lOFdymlDAr-ZStWgWCqMgoD-bMjtBZiD_rDD7Vt6S_WQci2U50tpgGktE-wcmnPkSDaOST2Y5JH63Zar2uf-LAH11Tn35qMZfrsPOCNlvquWKRsh2RsjUYosSt8Y1BjewT9MwmRwZnvugeu1jey14-iL5O9OEut7RB5OYYEXYOeY_4zuvDH2s0HivhgRDr2OnTRmPEzaSMh9xFRgjEoNT4gWCb9NGXukLP1bq3eYqYFG9-VBX5J549wku0A7sq7J3yi1adEm8eXCaemGvYiohmosrbGjN8eG5Ollin3ZqdO-yRh9mjwBYOxDFR0eo6X_9_PSD.6ER4cEI6ZdQ6ct6v_LZcJT2i4qiB8WlUsZC_xVGRWdo&dib_tag=se&keywords=plastic+free+kitchen&qid=1741332869&sr=8-32,14.99,https://m.media-amazon.com/images/I/61951XFiNeL._AC_UL320_.jpg,"pack of 2 silicone solid turner, non stick slotted kitchen spatulas, high heat resistant bpa free cooking utensils, ideal cookware for fish, eggs, pancakes(stainless steel khaki)",[],0,Low,Likely Product,Not Sustainable
"Grove Co. Ultimate Dish Soap Refills (3 x 16 Fl Oz) + Refillable Glass Dish Soap Dispenser for Kitchen Sink with Non-Slip Silicone Sleeve, Plastic Free Cleaning Products, Orange & Rosemary",4.9,53,50+ bought in past month,https://www.amazon.com/Grove-Co-Ultimate-Refillable-Dispenser/dp/B0BSJ381BT/ref=sr_1_33?dib=eyJ2IjoiMSJ9.-z5Kol4Eh-XttE5fvfIzdGW2S9hDsaTBGePcw-HF0-GMGWgkQ7oFyHCnDR3VWUREsQ7Sb4dNaNy4xmW-h5opv-aeDWcXUGvO00oUQga6G3oE5c9K021cCgFs746lOFdymlDAr-ZStWgWCqMgoD-bMjtBZiD_rDD7Vt6S_WQci2U50tpgGktE-wcmnPkSDaOST2Y5JH63Zar2uf-LAH11Tn35qMZfrsPOCNlvquWKRsh2RsjUYosSt8Y1BjewT9MwmRwZnvugeu1jey14-iL5O9OEut7RB5OYYEXYOeY_4zuvDH2s0HivhgRDr2OnTRmPEzaSMh9xFRgjEoNT4gWCb9NGXukLP1bq3eYqYFG9-VBX5J549wku0A7sq7J3yi1adEm8eXCaemGvYiohmosrbGjN8eG5Ollin3ZqdO-yRh9mjwBYOxDFR0eo6X_9_PSD.6ER4cEI6ZdQ6ct6v_LZcJT2i4qiB8WlUsZC_xVGRWdo&dib_tag=se&keywords=plastic+free+kitchen&qid=1741332869&sr=8-33,35.99,https://m.media-amazon.com/images/I/814yP5TheiL._AC_UL320_.jpg,"grove co. ultimate dish soap refills (3 x 16 fl oz) + refillable glass dish soap dispenser for kitchen sink with non-slip silicone sleeve, plastic free cleaning products, orange & rosemary",['plastic free'],3,Moderate,Likely Product,Potentially Sustainable
| Premium Natural Kitchen Sponge | Non Scratch | Long Lasting | Waste Free | Compostable Sponge Kitchen | Natural Fiber | Eco-Friendly | Eartch Friendly | Vegan | 6 Pack,4.3,326,500+ bought in past month,https://www.amazon.com/Vove-Premium-Compostable-Eco-Friendly-Friendly/dp/B07TP2VBGV/ref=sr_1_34?dib=eyJ2IjoiMSJ9.-z5Kol4Eh-XttE5fvfIzdGW2S9hDsaTBGePcw-HF0-GMGWgkQ7oFyHCnDR3VWUREsQ7Sb4dNaNy4xmW-h5opv-aeDWcXUGvO00oUQga6G3oE5c9K021cCgFs746lOFdymlDAr-ZStWgWCqMgoD-bMjtBZiD_rDD7Vt6S_WQci2U50tpgGktE-wcmnPkSDaOST2Y5JH63Zar2uf-LAH11Tn35qMZfrsPOCNlvquWKRsh2RsjUYosSt8Y1BjewT9MwmRwZnvugeu1jey14-iL5O9OEut7RB5OYYEXYOeY_4zuvDH2s0HivhgRDr2OnTRmPEzaSMh9xFRgjEoNT4gWCb9NGXukLP1bq3eYqYFG9-VBX5J549wku0A7sq7J3yi1adEm8eXCaemGvYiohmosrbGjN8eG5Ollin3ZqdO-yRh9mjwBYOxDFR0eo6X_9_PSD.6ER4cEI6ZdQ6ct6v_LZcJT2i4qiB8WlUsZC_xVGRWdo&dib_tag=se&keywords=plastic+free+kitchen&qid=1741332869&sr=8-34,13.45,https://m.media-amazon.com/images/I/71g+Afy5T9L._AC_UL320_.jpg,| premium natural kitchen sponge | non scratch | long lasting | waste free | compostable sponge kitchen | natural fiber | eco-friendly | eartch friendly | vegan | 6 pack,"['compostable', 'eco-friendly', 'natural', 'vegan']",7,Strong,Likely Product,Sustainable
"Wheat Straw Cups Set of 8, 20 oz Unbreakable Drinking, Chip Resistant, Reusable Water Set, Large for Kitchen, Camping, BPA Free Cups, Dishwasher & Microwave Safe Tumbler",4.7,254,800+ bought in past month,https://www.amazon.com/Hlukana-Unbreakable-Resistant-Dishwasher-Microwave/dp/B0CDX22Q53/ref=sr_1_39?dib=eyJ2IjoiMSJ9.-z5Kol4Eh-XttE5fvfIzdGW2S9hDsaTBGePcw-HF0-GMGWgkQ7oFyHCnDR3VWUREsQ7Sb4dNaNy4xmW-h5opv-aeDWcXUGvO00oUQga6G3oE5c9K021cCgFs746lOFdymlDAr-ZStWgWCqMgoD-bMjtBZiD_rDD7Vt6S_WQci2U50tpgGktE-wcmnPkSDaOST2Y5JH63Zar2uf-LAH11Tn35qMZfrsPOCNlvquWKRsh2RsjUYosSt8Y1BjewT9MwmRwZnvugeu1jey14-iL5O9OEut7RB5OYYEXYOeY_4zuvDH2s0HivhgRDr2OnTRmPEzaSMh9xFRgjEoNT4gWCb9NGXukLP1bq3eYqYFG9-VBX5J549wku0A7sq7J3yi1adEm8eXCaemGvYiohmosrbGjN8eG5Ollin3ZqdO-yRh9mjwBYOxDFR0eo6X_9_PSD.6ER4cEI6ZdQ6ct6v_LZcJT2i4qiB8WlUsZC_xVGRWdo&dib_tag=se&keywords=plastic+free+kitchen&qid=1741332869&sr=8-39,13.64,https://m.media-amazon.com/images/I/6187BaRdxtL._AC_UL320_.jpg,"wheat straw cups set of 8, 20 oz unbreakable drinking, chip resistant, reusable water set, large for kitchen, camping, bpa free cups, dishwasher & microwave safe tumbler",['reusable'],3,Moderate,Likely Product,Potentially Sustainable
"Silicone Cooking Utensil Set,Umite Chef Kitchen Utensils 15pcs Set Non-stick Heat Resistan BPA-Free Stainless Steel Handle Tools Whisk - Grey",4.6,24730,2K+ bought in past month,https://www.amazon.com/Umite-Chef-Resistant-Non-stick-Stainless/dp/B082BCVR8L/ref=sr_1_40?dib=eyJ2IjoiMSJ9.-z5Kol4Eh-XttE5fvfIzdGW2S9hDsaTBGePcw-HF0-GMGWgkQ7oFyHCnDR3VWUREsQ7Sb4dNaNy4xmW-h5opv-aeDWcXUGvO00oUQga6G3oE5c9K021cCgFs746lOFdymlDAr-ZStWgWCqMgoD-bMjtBZiD_rDD7Vt6S_WQci2U50tpgGktE-wcmnPkSDaOST2Y5JH63Zar2uf-LAH11Tn35qMZfrsPOCNlvquWKRsh2RsjUYosSt8Y1BjewT9MwmRwZnvugeu1jey14-iL5O9OEut7RB5OYYEXYOeY_4zuvDH2s0HivhgRDr2OnTRmPEzaSMh9xFRgjEoNT4gWCb9NGXukLP1bq3eYqYFG9-VBX5J549wku0A7sq7J3yi1adEm8eXCaemGvYiohmosrbGjN8eG5Ollin3ZqdO-yRh9mjwBYOxDFR0eo6X_9_PSD.6ER4cEI6ZdQ6ct6v_LZcJT2i4qiB8WlUsZC_xVGRWdo&dib_tag=se&keywords=plastic+free+kitchen&qid=1741332869&sr=8-40,26.99,https://m.media-amazon.com/images/I/61VR6ooA98L._AC_UL320_.jpg,"silicone cooking utensil set,umite chef kitchen utensils 15pcs set non-stick heat resistan bpa-free stainless steel handle tools whisk - grey",[],0,Low,Likely Product,Not Sustainable
9 Pack Biodegradable Natural Kitchen Sponge - Compostable Cellulose and Coconut Walnut Scrubber Sponge - Eco Friendly Sustainable Sponges for Dishes,4.6,225,1K+ bought in past month,https://www.amazon.com/KICKLEEN-Biodegradable-Natural-Kitchen-Sponge/dp/B0BZS36SNX/ref=sr_1_41?dib=eyJ2IjoiMSJ9.-z5Kol4Eh-XttE5fvfIzdGW2S9hDsaTBGePcw-HF0-GMGWgkQ7oFyHCnDR3VWUREsQ7Sb4dNaNy4xmW-h5opv-aeDWcXUGvO00oUQga6G3oE5c9K021cCgFs746lOFdymlDAr-ZStWgWCqMgoD-bMjtBZiD_rDD7Vt6S_WQci2U50tpgGktE-wcmnPkSDaOST2Y5JH63Zar2uf-LAH11Tn35qMZfrsPOCNlvquWKRsh2RsjUYosSt8Y1BjewT9MwmRwZnvugeu1jey14-iL5O9OEut7RB5OYYEXYOeY_4zuvDH2s0HivhgRDr2OnTRmPEzaSMh9xFRgjEoNT4gWCb9NGXukLP1bq3eYqYFG9-VBX5J549wku0A7sq7J3yi1adEm8eXCaemGvYiohmosrbGjN8eG5Ollin3ZqdO-yRh9mjwBYOxDFR0eo6X_9_PSD.6ER4cEI6ZdQ6ct6v_LZcJT2i4qiB8WlUsZC_xVGRWdo&dib_tag=se&keywords=plastic+free+kitchen&qid=1741332869&sr=8-41,9.99,https://m.media-amazon.com/images/I/81baSZWXDXL._AC_UL320_.jpg,9 pack biodegradable natural kitchen sponge - compostable cellulose and coconut walnut scrubber sponge - eco friendly sustainable sponges for dishes,"['biodegradable', 'compostable', 'sustainable', 'eco friendly', 'natural']",11,Strong,Likely Product,Sustainable
"DE Glass Food Storage Containers with Bamboo Lids (Pack of 4) Eco Friendly Meal Prep Containers Reusable – Airtight, Plastic Free, BPA Free",4.2,1288,100+ bought in past month,https://www.amazon.com/Plastic-Free-Containers-Storage-Eco-Friendly-Bamboo/dp/B07RGWNT3X/ref=sr_1_42?dib=eyJ2IjoiMSJ9.-z5Kol4Eh-XttE5fvfIzdGW2S9hDsaTBGePcw-HF0-GMGWgkQ7oFyHCnDR3VWUREsQ7Sb4dNaNy4xmW-h5opv-aeDWcXUGvO00oUQga6G3oE5c9K021cCgFs746lOFdymlDAr-ZStWgWCqMgoD-bMjtBZiD_rDD7Vt6S_WQci2U50tpgGktE-wcmnPkSDaOST2Y5JH63Zar2uf-LAH11Tn35qMZfrsPOCNlvquWKRsh2RsjUYosSt8Y1BjewT9MwmRwZnvugeu1jey14-iL5O9OEut7RB5OYYEXYOeY_4zuvDH2s0HivhgRDr2OnTRmPEzaSMh9xFRgjEoNT4gWCb9NGXukLP1bq3eYqYFG9-VBX5J549wku0A7sq7J3yi1adEm8eXCaemGvYiohmosrbGjN8eG5Ollin3ZqdO-yRh9mjwBYOxDFR0eo6X_9_PSD.6ER4cEI6ZdQ6ct6v_LZcJT2i4qiB8WlUsZC_xVGRWdo&dib_tag=se&keywords=plastic+free+kitchen&qid=1741332869&sr=8-42,39.99,https://m.media-amazon.com/images/I/913oLOrR9mL._AC_UL320_.jpg,"de glass food storage containers with bamboo lids (pack of 4) eco friendly meal prep containers reusable – airtight, plastic free, bpa free","['plastic free', 'reusable', 'eco friendly', 'bamboo']",9,Strong,Likely Product,Sustainable
"5 Pieces Flexible Cutting Boards, BPA Free Plastic Cutting Boards for Kitchen, Non Slip Cutting Mat for Meat and Vegetables, Thanksgiving",4.6,3593,4K+ bought in past month,https://www.amazon.com/Flexible-Cutting-Plastic-Kitchen-Vegetables/dp/B0BNJL5X7Y/ref=sr_1_43?dib=eyJ2IjoiMSJ9.-z5Kol4Eh-XttE5fvfIzdGW2S9hDsaTBGePcw-HF0-GMGWgkQ7oFyHCnDR3VWUREsQ7Sb4dNaNy4xmW-h5opv-aeDWcXUGvO00oUQga6G3oE5c9K021cCgFs746lOFdymlDAr-ZStWgWCqMgoD-bMjtBZiD_rDD7Vt6S_WQci2U50tpgGktE-wcmnPkSDaOST2Y5JH63Zar2uf-LAH11Tn35qMZfrsPOCNlvquWKRsh2RsjUYosSt8Y1BjewT9MwmRwZnvugeu1jey14-iL5O9OEut7RB5OYYEXYOeY_4zuvDH2s0HivhgRDr2OnTRmPEzaSMh9xFRgjEoNT4gWCb9NGXukLP1bq3eYqYFG9-VBX5J549wku0A7sq7J3yi1adEm8eXCaemGvYiohmosrbGjN8eG5Ollin3ZqdO-yRh9mjwBYOxDFR0eo6X_9_PSD.6ER4cEI6ZdQ6ct6v_LZcJT2i4qiB8WlUsZC_xVGRWdo&dib_tag=se&keywords=plastic+free+kitchen&qid=1741332869&sr=8-43,8.99,https://m.media-amazon.com/images/I/51O5bRYd1mL._AC_UL320_.jpg,"5 pieces flexible cutting boards, bpa free plastic cutting boards for kitchen, non slip cutting mat for meat and vegetables, thanksgiving",[],0,Low,Likely Product,Not Sustainable
"TeamFar Kitchen Utensils Set of 8, Silicone Utensils Kitchen Tools Set with Stainless Steel Handle, for Frying Serving Flipping Draining, Non-toxic & Heatproof, Nonstick & Dishwasher Safe - Black",4.6,75,200+ bought in past month,https://www.amazon.com/TeamFar-Stainless-Non-toxic-Heatproof-Dishwasher/dp/B0CZ91TDMM/ref=sr_1_44?dib=eyJ2IjoiMSJ9.-z5Kol4Eh-XttE5fvfIzdGW2S9hDsaTBGePcw-HF0-GMGWgkQ7oFyHCnDR3VWUREsQ7Sb4dNaNy4xmW-h5opv-aeDWcXUGvO00oUQga6G3oE5c9K021cCgFs746lOFdymlDAr-ZStWgWCqMgoD-bMjtBZiD_rDD7Vt6S_WQci2U50tpgGktE-wcmnPkSDaOST2Y5JH63Zar2uf-LAH11Tn35qMZfrsPOCNlvquWKRsh2RsjUYosSt8Y1BjewT9MwmRwZnvugeu1jey14-iL5O9OEut7RB5OYYEXYOeY_4zuvDH2s0HivhgRDr2OnTRmPEzaSMh9xFRgjEoNT4gWCb9NGXukLP1bq3eYqYFG9-VBX5J549wku0A7sq7J3yi1adEm8eXCaemGvYiohmosrbGjN8eG5Ollin3ZqdO-yRh9mjwBYOxDFR0eo6X_9_PSD.6ER4cEI6ZdQ6ct6v_LZcJT2i4qiB8WlUsZC_xVGRWdo&dib_tag=se&keywords=plastic+free+kitchen&qid=1741332869&sr=8-44,14.99,https://m.media-amazon.com/images/I/61YD+JuDjmL._AC_UL320_.jpg,"teamfar kitchen utensils set of 8, silicone utensils kitchen tools set with stainless steel handle, for frying serving flipping draining, non-toxic & heatproof, nonstick & dishwasher safe - black",[],0,Low,Likely Product,Not Sustainable
"Glass Bento Box Containers with Bamboo Lids, 3 Compartment Glass Meal Prep Containers [3 Pack] - 100% Plastic Free, Eco-Friendly Glass Lunch Containers, Bamboo Glass Bento Boxes for Adults",4.5,330,100+ bought in past month,https://www.amazon.com/EcoPreps-Containers-Compartment-Pack%E3%80%91100-Eco-Friendly/dp/B09TG1QHX6/ref=sr_1_45?dib=eyJ2IjoiMSJ9.-z5Kol4Eh-XttE5fvfIzdGW2S9hDsaTBGePcw-HF0-GMGWgkQ7oFyHCnDR3VWUREsQ7Sb4dNaNy4xmW-h5opv-aeDWcXUGvO00oUQga6G3oE5c9K021cCgFs746lOFdymlDAr-ZStWgWCqMgoD-bMjtBZiD_rDD7Vt6S_WQci2U50tpgGktE-wcmnPkSDaOST2Y5JH63Zar2uf-LAH11Tn35qMZfrsPOCNlvquWKRsh2RsjUYosSt8Y1BjewT9MwmRwZnvugeu1jey14-iL5O9OEut7RB5OYYEXYOeY_4zuvDH2s0HivhgRDr2OnTRmPEzaSMh9xFRgjEoNT4gWCb9NGXukLP1bq3eYqYFG9-VBX5J549wku0A7sq7J3yi1adEm8eXCaemGvYiohmosrbGjN8eG5Ollin3ZqdO-yRh9mjwBYOxDFR0eo6X_9_PSD.6ER4cEI6ZdQ6ct6v_LZcJT2i4qiB8WlUsZC_xVGRWdo&dib_tag=se&keywords=plastic+free+kitchen&qid=1741332869&sr=8-45,47.95,https://m.media-amazon.com/images/I/91YOS26C2qL._AC_UL320_.jpg,"glass bento box containers with bamboo lids, 3 compartment glass meal prep containers [3 pack] - 100% plastic free, eco-friendly glass lunch containers, bamboo glass bento boxes for adults","['plastic free', 'eco-friendly', 'bamboo']",6,Strong,Likely Product,Sustainable
Totally Bamboo 3-Piece Cutting Board Set; 3 Assorted Sizes of Bamboo Wood Cutting Boards for Kitchen,4.2,9787,3K+ bought in past month,https://www.amazon.com/Totally-Bamboo-3-Piece-Serving-Cutting/dp/B002M782UO/ref=sr_1_46?dib=eyJ2IjoiMSJ9.-z5Kol4Eh-XttE5fvfIzdGW2S9hDsaTBGePcw-HF0-GMGWgkQ7oFyHCnDR3VWUREsQ7Sb4dNaNy4xmW-h5opv-aeDWcXUGvO00oUQga6G3oE5c9K021cCgFs746lOFdymlDAr-ZStWgWCqMgoD-bMjtBZiD_rDD7Vt6S_WQci2U50tpgGktE-wcmnPkSDaOST2Y5JH63Zar2uf-LAH11Tn35qMZfrsPOCNlvquWKRsh2RsjUYosSt8Y1BjewT9MwmRwZnvugeu1jey14-iL5O9OEut7RB5OYYEXYOeY_4zuvDH2s0HivhgRDr2OnTRmPEzaSMh9xFRgjEoNT4gWCb9NGXukLP1bq3eYqYFG9-VBX5J549wku0A7sq7J3yi1adEm8eXCaemGvYiohmosrbGjN8eG5Ollin3ZqdO-yRh9mjwBYOxDFR0eo6X_9_PSD.6ER4cEI6ZdQ6ct6v_LZcJT2i4qiB8WlUsZC_xVGRWdo&dib_tag=se&keywords=plastic+free+kitchen&qid=1741332869&sr=8-46,17.99,https://m.media-amazon.com/images/I/81RxQVl0guL._AC_UL320_.jpg,totally bamboo 3-piece cutting board set; 3 assorted sizes of bamboo wood cutting boards for kitchen,['bamboo'],1,Low,Likely Product,Not Sustainable
"MightyNest Dish Brush + Replacement Head, Head Made with Plant Fibers, Silicone, and Stainless Steel Handle, Eco-Friendly, Plastic-Free, Kitchen and Home Safe, White, 2 Piece Set",4.4,101,100+ bought in past month,https://www.amazon.com/MightyNest-Dish-Brush-White-Replacement/dp/B0C5436M55/ref=sr_1_47?dib=eyJ2IjoiMSJ9.-z5Kol4Eh-XttE5fvfIzdGW2S9hDsaTBGePcw-HF0-GMGWgkQ7oFyHCnDR3VWUREsQ7Sb4dNaNy4xmW-h5opv-aeDWcXUGvO00oUQga6G3oE5c9K021cCgFs746lOFdymlDAr-ZStWgWCqMgoD-bMjtBZiD_rDD7Vt6S_WQci2U50tpgGktE-wcmnPkSDaOST2Y5JH63Zar2uf-LAH11Tn35qMZfrsPOCNlvquWKRsh2RsjUYosSt8Y1BjewT9MwmRwZnvugeu1jey14-iL5O9OEut7RB5OYYEXYOeY_4zuvDH2s0HivhgRDr2OnTRmPEzaSMh9xFRgjEoNT4gWCb9NGXukLP1bq3eYqYFG9-VBX5J549wku0A7sq7J3yi1adEm8eXCaemGvYiohmosrbGjN8eG5Ollin3ZqdO-yRh9mjwBYOxDFR0eo6X_9_PSD.6ER4cEI6ZdQ6ct6v_LZcJT2i4qiB8WlUsZC_xVGRWdo&dib_tag=se&keywords=plastic+free+kitchen&qid=1741332869&sr=8-47,16.14,https://m.media-amazon.com/images/I/61+hBI0FQVL._AC_UL320_.jpg,"mightynest dish brush + replacement head, head made with plant fibers, silicone, and stainless steel handle, eco-friendly, plastic-free, kitchen and home safe, white, 2 piece set","['plastic-free', 'eco-friendly']",5,Moderate,Likely Product,Potentially Sustainable
"SPLF 10 Pack Reusable Sandwich Bags Dishwasher Safe, Reusable Quart Freezer Bags, Leakproof Reusable Storage Bags Silicone and Plastic Free for Marinate Meats, Cereal, Lunch, Veggies",4.5,18001,900+ bought in past month,https://www.amazon.com/SPLF-Reusable-Sandwich-Dishwasher-Leakproof/dp/B0C7ZV6LVW/ref=sr_1_48?dib=eyJ2IjoiMSJ9.-z5Kol4Eh-XttE5fvfIzdGW2S9hDsaTBGePcw-HF0-GMGWgkQ7oFyHCnDR3VWUREsQ7Sb4dNaNy4xmW-h5opv-aeDWcXUGvO00oUQga6G3oE5c9K021cCgFs746lOFdymlDAr-ZStWgWCqMgoD-bMjtBZiD_rDD7Vt6S_WQci2U50tpgGktE-wcmnPkSDaOST2Y5JH63Zar2uf-LAH11Tn35qMZfrsPOCNlvquWKRsh2RsjUYosSt8Y1BjewT9MwmRwZnvugeu1jey14-iL5O9OEut7RB5OYYEXYOeY_4zuvDH2s0HivhgRDr2OnTRmPEzaSMh9xFRgjEoNT4gWCb9NGXukLP1bq3eYqYFG9-VBX5J549wku0A7sq7J3yi1adEm8eXCaemGvYiohmosrbGjN8eG5Ollin3ZqdO-yRh9mjwBYOxDFR0eo6X_9_PSD.6ER4cEI6ZdQ6ct6v_LZcJT2i4qiB8WlUsZC_xVGRWdo&dib_tag=se&keywords=plastic+free+kitchen&qid=1741332869&sr=8-48,11.82,https://m.media-amazon.com/images/I/71HsZ2-itzL._AC_UL320_.jpg,"splf 10 pack reusable sandwich bags dishwasher safe, reusable quart freezer bags, leakproof reusable storage bags silicone and plastic free for marinate meats, cereal, lunch, veggies","['plastic free', 'reusable']",6,Strong,Likely Product,Sustainable
"Zipseal Gallon Bags - Compostable, PFOA-Free, BPA-Free, Food-Safe Zip Seal Food Storage Bags/Freezer-Safe Gallon Bags With Secure Seal for Home & Travel (2-pack, 50 bags total)",4.6,224,1K+ bought in past month,https://www.amazon.com/HoldOn-Zipseal-Gallon-Bags-Plant-Based/dp/B0BLJ41Y82/ref=sr_1_49?dib=eyJ2IjoiMSJ9.-z5Kol4Eh-XttE5fvfIzdGW2S9hDsaTBGePcw-HF0-GMGWgkQ7oFyHCnDR3VWUREsQ7Sb4dNaNy4xmW-h5opv-aeDWcXUGvO00oUQga6G3oE5c9K021cCgFs746lOFdymlDAr-ZStWgWCqMgoD-bMjtBZiD_rDD7Vt6S_WQci2U50tpgGktE-wcmnPkSDaOST2Y5JH63Zar2uf-LAH11Tn35qMZfrsPOCNlvquWKRsh2RsjUYosSt8Y1BjewT9MwmRwZnvugeu1jey14-iL5O9OEut7RB5OYYEXYOeY_4zuvDH2s0HivhgRDr2OnTRmPEzaSMh9xFRgjEoNT4gWCb9NGXukLP1bq3eYqYFG9-VBX5J549wku0A7sq7J3yi1adEm8eXCaemGvYiohmosrbGjN8eG5Ollin3ZqdO-yRh9mjwBYOxDFR0eo6X_9_PSD.6ER4cEI6ZdQ6ct6v_LZcJT2i4qiB8WlUsZC_xVGRWdo&dib_tag=se&keywords=plastic+free+kitchen&qid=1741332869&sr=8-49,21.3,https://m.media-amazon.com/images/I/61Fk-l26KBL._AC_UL320_.jpg,"zipseal gallon bags - compostable, pfoa-free, bpa-free, food-safe zip seal food storage bags/freezer-safe gallon bags with secure seal for home & travel (2-pack, 50 bags total)",['compostable'],3,Moderate,Likely Product,Potentially Sustainable
All Stainless Steel Food Processor 8 Cup Blade Plastic-Free Chopper Part,4.3,10,50+ bought in past month,https://www.amazon.com/Processor-Plastic-Free-Chopping-Compatible-Kitchen/dp/B0D483VVC5/ref=sr_1_50?dib=eyJ2IjoiMSJ9.-z5Kol4Eh-XttE5fvfIzdGW2S9hDsaTBGePcw-HF0-GMGWgkQ7oFyHCnDR3VWUREsQ7Sb4dNaNy4xmW-h5opv-aeDWcXUGvO00oUQga6G3oE5c9K021cCgFs746lOFdymlDAr-ZStWgWCqMgoD-bMjtBZiD_rDD7Vt6S_WQci2U50tpgGktE-wcmnPkSDaOST2Y5JH63Zar2uf-LAH11Tn35qMZfrsPOCNlvquWKRsh2RsjUYosSt8Y1BjewT9MwmRwZnvugeu1jey14-iL5O9OEut7RB5OYYEXYOeY_4zuvDH2s0HivhgRDr2OnTRmPEzaSMh9xFRgjEoNT4gWCb9NGXukLP1bq3eYqYFG9-VBX5J549wku0A7sq7J3yi1adEm8eXCaemGvYiohmosrbGjN8eG5Ollin3ZqdO-yRh9mjwBYOxDFR0eo6X_9_PSD.6ER4cEI6ZdQ6ct6v_LZcJT2i4qiB8WlUsZC_xVGRWdo&dib_tag=se&keywords=plastic+free+kitchen&qid=1741332869&sr=8-50,25.99,https://m.media-amazon.com/images/I/71kQvT7a3NL._AC_UL320_.jpg,all stainless steel food processor 8 cup blade plastic-free chopper part,['plastic-free'],3,Moderate,Likely Product,Potentially Sustainable
"300 Count Clear Plastic Spoons Disposable, BPA-Free, Heat Resistant, Solid and Durable Disposable Spoons Heavy Duty Bulk, Premium Spoons plastic disposable for Party Supply",4.7,82,1K+ bought in past month,https://www.amazon.com/s?k=plastic+free+kitchen#,25.99,https://m.media-amazon.com/images/I/61+Cg4u2MOL._AC_UL320_.jpg,"300 count clear plastic spoons disposable, bpa-free, heat resistant, solid and durable disposable spoons heavy duty bulk, premium spoons plastic disposable for party supply",[],0,Low,Likely Product,Not Sustainable
"400 Count Clear Plastic Silverware Set - 150 Plastic Forks, 150 Plastic Spoons, 100 Knives, Heavy Duty, BPA-Free, Heat Resistant, Disposable Cutlery Set for Parties, Weddings, and Daily Use",5.0,1,50+ bought in past month,https://www.amazon.com/s?k=plastic+free+kitchen#,25.99,https://m.media-amazon.com/images/I/81Z7H46RB6L._AC_UL320_.jpg,"400 count clear plastic silverware set - 150 plastic forks, 150 plastic spoons, 100 knives, heavy duty, bpa-free, heat resistant, disposable cutlery set for parties, weddings, and daily use",[],0,Low,Likely Product,Not Sustainable
Prestee 300 Clear Plastic Spoons Bulk - Plastic Silverware Spoons - Plastic Spoon Heavy Duty Cutlery - Disposable Spoons Flatware Pack - Plastic Utensil Set - Spoon Plastic Disposable Silverware,4.7,4415,1K+ bought in past month,https://www.amazon.com/s?k=plastic+free+kitchen#,25.99,https://m.media-amazon.com/images/I/81anhnzSDIL._AC_UL320_.jpg,prestee 300 clear plastic spoons bulk - plastic silverware spoons - plastic spoon heavy duty cutlery - disposable spoons flatware pack - plastic utensil set - spoon plastic disposable silverware,[],0,Low,Likely Product,Not Sustainable
"Kitchen Cookware Set - Nonstick Coating, Pots and Pans Set with Handle Grips and Tempered Glass Lids, PFOA, PFOS, PTFE Free, Ceramic Max Temperature (Up To 500° F), Set of 23 - Dark Gray",4.6,973,50+ bought in past month,https://www.amazon.com/s?k=plastic+free+kitchen#,25.99,https://m.media-amazon.com/images/I/919mNNlLAiL._AC_UL320_.jpg,"kitchen cookware set - nonstick coating, pots and pans set with handle grips and tempered glass lids, pfoa, pfos, ptfe free, ceramic max temperature (up to 500° f), set of 23 - dark gray",[],0,Low,Likely Product,Not Sustainable
2-Piece Reversible Cutting Board Set Made from Natural Food Grade Wheat Straw Material - Eco-Conscious Alternative to Plastic - Gluten Free & BPA Free Chopping Boards for Kitchen,4.6,125,900+ bought in past month,https://www.amazon.com/s?k=plastic+free+kitchen#,25.99,https://m.media-amazon.com/images/I/713hrcWVq1L._AC_UL320_.jpg,2-piece reversible cutting board set made from natural food grade wheat straw material - eco-conscious alternative to plastic - gluten free & bpa free chopping boards for kitchen,['natural'],1,Low,Likely Product,Not Sustainable
"Fotouzy Plastic Cutting Boards for Kitchen, Flexible Cutting Mats Set of 7, BPA-Free, Non-Porous, Dishwasher Safe, 15x12 In, 7 Translucent Colors",4.6,3899,300+ bought in past month,https://www.amazon.com/s?k=plastic+free+kitchen#,25.99,https://m.media-amazon.com/images/I/41t8dKOS-yL._AC_UL320_.jpg,"fotouzy plastic cutting boards for kitchen, flexible cutting mats set of 7, bpa-free, non-porous, dishwasher safe, 15x12 in, 7 translucent colors",[],0,Low,Likely Product,Not Sustainable
| Premium Natural Kitchen Sponge | Non Scratch | Long Lasting | Waste Free | Compostable Sponge Kitchen | Natural Fiber | Eco-Friendly | Eartch Friendly | Vegan | 6 Pack,4.3,326,500+ bought in past month,https://www.amazon.com/s?k=plastic+free+kitchen#,25.99,https://m.media-amazon.com/images/I/71g+Afy5T9L._AC_UL320_.jpg,| premium natural kitchen sponge | non scratch | long lasting | waste free | compostable sponge kitchen | natural fiber | eco-friendly | eartch friendly | vegan | 6 pack,"['compostable', 'eco-friendly', 'natural', 'vegan']",7,Strong,Likely Product,Sustainable
"Grove Co. Ultimate Dish Soap Refills (3 x 16 Fl Oz) + Refillable Glass Dish Soap Dispenser for Kitchen Sink with Non-Slip Silicone Sleeve, Plastic Free Cleaning Products, Orange & Rosemary",4.9,53,50+ bought in past month,https://www.amazon.com/s?k=plastic+free+kitchen#,25.99,https://m.media-amazon.com/images/I/814yP5TheiL._AC_UL320_.jpg,"grove co. ultimate dish soap refills (3 x 16 fl oz) + refillable glass dish soap dispenser for kitchen sink with non-slip silicone sleeve, plastic free cleaning products, orange & rosemary",['plastic free'],3,Moderate,Likely Product,Potentially Sustainable
"Kitchen Utensil Set – Eco Friendly, Ocean Safe, 5PCS with Soft Grip handles Great for boats, RV’s and Kitchens",4.8,8,50+ bought in past month,https://www.amazon.com/s?k=eco+friendly+kitchen+utensils#,25.99,https://m.media-amazon.com/images/I/713wjCvqoeL._AC_UL320_.jpg,"kitchen utensil set – eco friendly, ocean safe, 5pcs with soft grip handles great for boats, rv’s and kitchens",['eco friendly'],2,Low,Likely Product,Not Sustainable
Zulay Kitchen 6-Piece Wooden Spoons for Cooking - Smooth Finish Teak Wooden Utensils for Cooking - Soft Comfort-Grip Wood Spoons for Cooking - Non-Stick Wooden Cooking Utensils - Wooden Spoon Sets,4.6,5006,5K+ bought in past month,https://www.amazon.com/Zulay-Kitchen-Wooden-Utensils-Cooking/dp/B085W92DL4/ref=sr_1_2?dib=eyJ2IjoiMSJ9.HjYUKwx5pLi3thT0DYHiw3Ka0QIKo2ShK4Ifi1CqcViqUEoIXZIg3AwZsCthRkyCE7nqwnkxUBQg-ZnGmURyx-nRqP8lONK4BAak5_FJ3DVhH16DU0pMAeamYPva6M_SzuP_vu5Z5rCZC6cG2IqR_pVLW72ikD_NeK4JPr4TEKaJsEdSFIIpQgkAdjibNxXWudn1tT-HQausKwrbMFe8ONU7gvHoOZyCNSAPl8H1gB--BPgwauM-svhfJzAsPVapjA9CsEhdru7YTSeGvQpFFqBGDpOwAUNVd800ftAhcCkCGWW70-KFqrhmOWOT1II1M4ketxRtwnI-_N0MKSalN4oO_BLBSsasYtH3RoQ-KLZsXZByPYMo1WuO9Y6TQ8Gp_7OH8UDSqJUK6H-fQKZDfiZhtrxSIWx5UsiAwA_vNWl_N0TP1ZWOzO06mILUCcq5.w2nO2pSbblgRLvQF4QZUtXCvDZiM1sWXv3iIoyiIcmg&dib_tag=se&keywords=eco+friendly+kitchen+utensils&qid=1741332997&sr=8-2,30.02,https://m.media-amazon.com/images/I/81k0ZioDj+L._AC_UL320_.jpg,zulay kitchen 6-piece wooden spoons for cooking - smooth finish teak wooden utensils for cooking - soft comfort-grip wood spoons for cooking - non-stick wooden cooking utensils - wooden spoon sets,[],0,Low,Likely Product,Not Sustainable
"Umite Chef Kitchen Cooking Utensils Set, 33 pcs Non-Stick Silicone Cooking Kitchen Utensils Spatula Set with Holder, Wooden Handle Silicone Kitchen Gadgets Utensil Set (Khaki)",4.5,26822,10K+ bought in past month,https://www.amazon.com/Umite-Chef-Utensils-Non-stick-Resistant/dp/B08573DQ39/ref=sr_1_3?dib=eyJ2IjoiMSJ9.HjYUKwx5pLi3thT0DYHiw3Ka0QIKo2ShK4Ifi1CqcViqUEoIXZIg3AwZsCthRkyCE7nqwnkxUBQg-ZnGmURyx-nRqP8lONK4BAak5_FJ3DVhH16DU0pMAeamYPva6M_SzuP_vu5Z5rCZC6cG2IqR_pVLW72ikD_NeK4JPr4TEKaJsEdSFIIpQgkAdjibNxXWudn1tT-HQausKwrbMFe8ONU7gvHoOZyCNSAPl8H1gB--BPgwauM-svhfJzAsPVapjA9CsEhdru7YTSeGvQpFFqBGDpOwAUNVd800ftAhcCkCGWW70-KFqrhmOWOT1II1M4ketxRtwnI-_N0MKSalN4oO_BLBSsasYtH3RoQ-KLZsXZByPYMo1WuO9Y6TQ8Gp_7OH8UDSqJUK6H-fQKZDfiZhtrxSIWx5UsiAwA_vNWl_N0TP1ZWOzO06mILUCcq5.w2nO2pSbblgRLvQF4QZUtXCvDZiM1sWXv3iIoyiIcmg&dib_tag=se&keywords=eco+friendly+kitchen+utensils&qid=1741332997&sr=8-3,23.99,https://m.media-amazon.com/images/I/615CbF7dxCL._AC_UL320_.jpg,"umite chef kitchen cooking utensils set, 33 pcs non-stick silicone cooking kitchen utensils spatula set with holder, wooden handle silicone kitchen gadgets utensil set (khaki)",[],0,Low,Likely Product,Not Sustainable
"Disposable Wooden Cutlery Set - 100% Home Compostable - 100 Mix - (40 Forks, 40 Spoons and 20 Knives) 6.5"", Bamboo Utensils Alternative, Eco-Friendly, Organic, Sustainable and Carbon Neutral Certified",4.4,1923,400+ bought in past month,https://www.amazon.com/sspa/click?ie=UTF8&spc=MTo0MjA4ODQ4MDAwMDY5MzAyOjE3NDEzMzI5OTc6c3Bfc2VhcmNoX3RoZW1hdGljOjMwMDQ2OTAwNjc5NTUwMjo6MDo6&url=%2FWOODABLE-Compostable-Eco-Friendly-Biodegradable-Vegan-Friendly%2Fdp%2FB07R86V85T%2Fref%3Dsxin_17_pa_sp_search_thematic-asin_sspa%3Fcontent-id%3Damzn1.sym.d3ed3243-8938-4d2a-88bf-7da70bc508a3%253Aamzn1.sym.d3ed3243-8938-4d2a-88bf-7da70bc508a3%26cv_ct_cx%3Deco%2Bfriendly%2Bkitchen%2Butensils%26keywords%3Deco%2Bfriendly%2Bkitchen%2Butensils%26pd_rd_i%3DB07R86V85T%26pd_rd_r%3D1fdc8c0e-fb8e-43b4-90c0-dafa22cd9e47%26pd_rd_w%3DqB5H4%26pd_rd_wg%3D6X9mZ%26pf_rd_p%3Dd3ed3243-8938-4d2a-88bf-7da70bc508a3%26pf_rd_r%3D4QR27NA7HZXMBZR2XSED%26qid%3D1741332997%26sbo%3DRZvfv%252F%252FHxDF%252BO5021pAnSA%253D%253D%26sr%3D1-1-baa1f287-65d3-41a3-a655-8bbba0531537-spons%26sp_csd%3Dd2lkZ2V0TmFtZT1zcF9zZWFyY2hfdGhlbWF0aWM%26psc%3D1#customerReviews,23.99,https://m.media-amazon.com/images/I/814Dwrh9a0L._AC_UL320_.jpg,"disposable wooden cutlery set - 100% home compostable - 100 mix - (40 forks, 40 spoons and 20 knives) 6.5"", bamboo utensils alternative, eco-friendly, organic, sustainable and carbon neutral certified","['compostable', 'sustainable', 'eco-friendly', 'organic', 'bamboo']",10,Strong,Likely Product,Sustainable
"Wooden Spoons for Cooking, 10 Pcs Wooden Cooking Utensils Set – Wooden Utensil Set for Nonstick Pans & Cookware – Teak Wood - Sturdy, Lightweight & Heat Resistant",4.7,4332,4K+ bought in past month,https://www.amazon.com/Wooden-Spoons-Cooking-Teak-Utensil/dp/B0BBGQ2GLZ/ref=sr_1_5?dib=eyJ2IjoiMSJ9.HjYUKwx5pLi3thT0DYHiw3Ka0QIKo2ShK4Ifi1CqcViqUEoIXZIg3AwZsCthRkyCE7nqwnkxUBQg-ZnGmURyx-nRqP8lONK4BAak5_FJ3DVhH16DU0pMAeamYPva6M_SzuP_vu5Z5rCZC6cG2IqR_pVLW72ikD_NeK4JPr4TEKaJsEdSFIIpQgkAdjibNxXWudn1tT-HQausKwrbMFe8ONU7gvHoOZyCNSAPl8H1gB--BPgwauM-svhfJzAsPVapjA9CsEhdru7YTSeGvQpFFqBGDpOwAUNVd800ftAhcCkCGWW70-KFqrhmOWOT1II1M4ketxRtwnI-_N0MKSalN4oO_BLBSsasYtH3RoQ-KLZsXZByPYMo1WuO9Y6TQ8Gp_7OH8UDSqJUK6H-fQKZDfiZhtrxSIWx5UsiAwA_vNWl_N0TP1ZWOzO06mILUCcq5.w2nO2pSbblgRLvQF4QZUtXCvDZiM1sWXv3iIoyiIcmg&dib_tag=se&keywords=eco+friendly+kitchen+utensils&qid=1741332997&sr=8-5,49.99,https://m.media-amazon.com/images/I/91b9jqF-qyL._AC_UL320_.jpg,"wooden spoons for cooking, 10 pcs wooden cooking utensils set – wooden utensil set for nonstick pans & cookware – teak wood - sturdy, lightweight & heat resistant",[],0,Low,Likely Product,Not Sustainable
"Silicone Cooking Utensil Set, Umite Chef 8-Piece Kitchen Set with Natural Acacia Wooden Handles,Food-Grade Silicone Heads-Silicone Kitchen Gadgets Spatulas Set for Nonstick Cookware- Black",4.4,4161,1K+ bought in past month,https://www.amazon.com/Umite-Chef-Food-Grade-Heads-Silicone-Cookware/dp/B08VDTCMSG/ref=sr_1_6?dib=eyJ2IjoiMSJ9.HjYUKwx5pLi3thT0DYHiw3Ka0QIKo2ShK4Ifi1CqcViqUEoIXZIg3AwZsCthRkyCE7nqwnkxUBQg-ZnGmURyx-nRqP8lONK4BAak5_FJ3DVhH16DU0pMAeamYPva6M_SzuP_vu5Z5rCZC6cG2IqR_pVLW72ikD_NeK4JPr4TEKaJsEdSFIIpQgkAdjibNxXWudn1tT-HQausKwrbMFe8ONU7gvHoOZyCNSAPl8H1gB--BPgwauM-svhfJzAsPVapjA9CsEhdru7YTSeGvQpFFqBGDpOwAUNVd800ftAhcCkCGWW70-KFqrhmOWOT1II1M4ketxRtwnI-_N0MKSalN4oO_BLBSsasYtH3RoQ-KLZsXZByPYMo1WuO9Y6TQ8Gp_7OH8UDSqJUK6H-fQKZDfiZhtrxSIWx5UsiAwA_vNWl_N0TP1ZWOzO06mILUCcq5.w2nO2pSbblgRLvQF4QZUtXCvDZiM1sWXv3iIoyiIcmg&dib_tag=se&keywords=eco+friendly+kitchen+utensils&qid=1741332997&sr=8-6,29.99,https://m.media-amazon.com/images/I/71HLh7Xog2L._AC_UL320_.jpg,"silicone cooking utensil set, umite chef 8-piece kitchen set with natural acacia wooden handles,food-grade silicone heads-silicone kitchen gadgets spatulas set for nonstick cookware- black",['natural'],1,Low,Likely Product,Not Sustainable
"Wooden Non-Stick Kitchen Pan Toolset 7 Pieces Set,100% Natural Teak Kitchen Utensils Spatula, Wooden Cooking Utensils Spoons, Fried Spatula and Salad Fork",4.6,1074,4K+ bought in past month,https://www.amazon.com/Non-Stick-Kitchen-Toolset-Natural-Utensils/dp/B08GR8HSXG/ref=sr_1_7?dib=eyJ2IjoiMSJ9.HjYUKwx5pLi3thT0DYHiw3Ka0QIKo2ShK4Ifi1CqcViqUEoIXZIg3AwZsCthRkyCE7nqwnkxUBQg-ZnGmURyx-nRqP8lONK4BAak5_FJ3DVhH16DU0pMAeamYPva6M_SzuP_vu5Z5rCZC6cG2IqR_pVLW72ikD_NeK4JPr4TEKaJsEdSFIIpQgkAdjibNxXWudn1tT-HQausKwrbMFe8ONU7gvHoOZyCNSAPl8H1gB--BPgwauM-svhfJzAsPVapjA9CsEhdru7YTSeGvQpFFqBGDpOwAUNVd800ftAhcCkCGWW70-KFqrhmOWOT1II1M4ketxRtwnI-_N0MKSalN4oO_BLBSsasYtH3RoQ-KLZsXZByPYMo1WuO9Y6TQ8Gp_7OH8UDSqJUK6H-fQKZDfiZhtrxSIWx5UsiAwA_vNWl_N0TP1ZWOzO06mILUCcq5.w2nO2pSbblgRLvQF4QZUtXCvDZiM1sWXv3iIoyiIcmg&dib_tag=se&keywords=eco+friendly+kitchen+utensils&qid=1741332997&sr=8-7,21.99,https://m.media-amazon.com/images/I/81gjlBiFSNL._AC_UL320_.jpg,"wooden non-stick kitchen pan toolset 7 pieces set,100% natural teak kitchen utensils spatula, wooden cooking utensils spoons, fried spatula and salad fork",['natural'],1,Low,Likely Product,Not Sustainable
"Silicone Cooking Utensils Kitchen Utensil Set - 446°F Heat Resistant Silicone Kitchen Utensils Set, Spatula,Turner Tongs, Spoon, Brush, Whisk,Kitchen Gadgets for Nonstick Cookware, BPA Free (Gray)",4.5,14109,4K+ bought in past month,https://www.amazon.com/Silicone-Cooking-Utensils-Kitchen-Utensil/dp/B07HGCJB1F/ref=sr_1_8?dib=eyJ2IjoiMSJ9.HjYUKwx5pLi3thT0DYHiw3Ka0QIKo2ShK4Ifi1CqcViqUEoIXZIg3AwZsCthRkyCE7nqwnkxUBQg-ZnGmURyx-nRqP8lONK4BAak5_FJ3DVhH16DU0pMAeamYPva6M_SzuP_vu5Z5rCZC6cG2IqR_pVLW72ikD_NeK4JPr4TEKaJsEdSFIIpQgkAdjibNxXWudn1tT-HQausKwrbMFe8ONU7gvHoOZyCNSAPl8H1gB--BPgwauM-svhfJzAsPVapjA9CsEhdru7YTSeGvQpFFqBGDpOwAUNVd800ftAhcCkCGWW70-KFqrhmOWOT1II1M4ketxRtwnI-_N0MKSalN4oO_BLBSsasYtH3RoQ-KLZsXZByPYMo1WuO9Y6TQ8Gp_7OH8UDSqJUK6H-fQKZDfiZhtrxSIWx5UsiAwA_vNWl_N0TP1ZWOzO06mILUCcq5.w2nO2pSbblgRLvQF4QZUtXCvDZiM1sWXv3iIoyiIcmg&dib_tag=se&keywords=eco+friendly+kitchen+utensils&qid=1741332997&sr=8-8,21.99,https://m.media-amazon.com/images/I/71MblogVouL._AC_UL320_.jpg,"silicone cooking utensils kitchen utensil set - 446°f heat resistant silicone kitchen utensils set, spatula,turner tongs, spoon, brush, whisk,kitchen gadgets for nonstick cookware, bpa free (gray)",[],0,Low,Likely Product,Not Sustainable
"Wooden Utensil Set, Bamboo Utensils – 7 PCs Wood Spoons for Cooking, Easy to Clean, Sturdy, Lightweight & Heat Resistant",4.3,291,1K+ bought in past month,https://www.amazon.com/Wooden-Cooking-Utensils-Bamboo-Spoons/dp/B0D1C2JV8D/ref=sr_1_9?dib=eyJ2IjoiMSJ9.HjYUKwx5pLi3thT0DYHiw3Ka0QIKo2ShK4Ifi1CqcViqUEoIXZIg3AwZsCthRkyCE7nqwnkxUBQg-ZnGmURyx-nRqP8lONK4BAak5_FJ3DVhH16DU0pMAeamYPva6M_SzuP_vu5Z5rCZC6cG2IqR_pVLW72ikD_NeK4JPr4TEKaJsEdSFIIpQgkAdjibNxXWudn1tT-HQausKwrbMFe8ONU7gvHoOZyCNSAPl8H1gB--BPgwauM-svhfJzAsPVapjA9CsEhdru7YTSeGvQpFFqBGDpOwAUNVd800ftAhcCkCGWW70-KFqrhmOWOT1II1M4ketxRtwnI-_N0MKSalN4oO_BLBSsasYtH3RoQ-KLZsXZByPYMo1WuO9Y6TQ8Gp_7OH8UDSqJUK6H-fQKZDfiZhtrxSIWx5UsiAwA_vNWl_N0TP1ZWOzO06mILUCcq5.w2nO2pSbblgRLvQF4QZUtXCvDZiM1sWXv3iIoyiIcmg&dib_tag=se&keywords=eco+friendly+kitchen+utensils&qid=1741332997&sr=8-9,7.99,https://m.media-amazon.com/images/I/81RAvVwSiwL._AC_UL320_.jpg,"wooden utensil set, bamboo utensils – 7 pcs wood spoons for cooking, easy to clean, sturdy, lightweight & heat resistant",['bamboo'],1,Low,Likely Product,Not Sustainable
"Silicone Cooking Utensils Set - 446°F Heat Resistant Silicone Kitchen Utensils for Cooking,Kitchen Utensil Spatula Set w Wooden Handles and Holder, BPA FREE Gadgets for Non-Stick Cookware (Khaki)",4.5,15771,2K+ bought in past month,https://www.amazon.com/Silicone-Kitchen-Utensils-Cooking-Utensil/dp/B07TTP2SP6/ref=sr_1_10?dib=eyJ2IjoiMSJ9.HjYUKwx5pLi3thT0DYHiw3Ka0QIKo2ShK4Ifi1CqcViqUEoIXZIg3AwZsCthRkyCE7nqwnkxUBQg-ZnGmURyx-nRqP8lONK4BAak5_FJ3DVhH16DU0pMAeamYPva6M_SzuP_vu5Z5rCZC6cG2IqR_pVLW72ikD_NeK4JPr4TEKaJsEdSFIIpQgkAdjibNxXWudn1tT-HQausKwrbMFe8ONU7gvHoOZyCNSAPl8H1gB--BPgwauM-svhfJzAsPVapjA9CsEhdru7YTSeGvQpFFqBGDpOwAUNVd800ftAhcCkCGWW70-KFqrhmOWOT1II1M4ketxRtwnI-_N0MKSalN4oO_BLBSsasYtH3RoQ-KLZsXZByPYMo1WuO9Y6TQ8Gp_7OH8UDSqJUK6H-fQKZDfiZhtrxSIWx5UsiAwA_vNWl_N0TP1ZWOzO06mILUCcq5.w2nO2pSbblgRLvQF4QZUtXCvDZiM1sWXv3iIoyiIcmg&dib_tag=se&keywords=eco+friendly+kitchen+utensils&qid=1741332997&sr=8-10,25.97,https://m.media-amazon.com/images/I/817f-MTL3CL._AC_UL320_.jpg,"silicone cooking utensils set - 446°f heat resistant silicone kitchen utensils for cooking,kitchen utensil spatula set w wooden handles and holder, bpa free gadgets for non-stick cookware (khaki)",[],0,Low,Likely Product,Not Sustainable
"Wooden Spoons for Cooking, Wooden Cooking Utensils Set, Wooden Utensil Set with Holder, Spoon Rest & Hooks, Teak Wood Nonstick Kitchen Cookware – 8-piece set of wooden utensils with 6 metal hooks",4.7,4778,1K+ bought in past month,https://www.amazon.com/Wooden-Cooking-Utensils-Holder-Spatula/dp/B082VTKNMJ/ref=sr_1_11?dib=eyJ2IjoiMSJ9.HjYUKwx5pLi3thT0DYHiw3Ka0QIKo2ShK4Ifi1CqcViqUEoIXZIg3AwZsCthRkyCE7nqwnkxUBQg-ZnGmURyx-nRqP8lONK4BAak5_FJ3DVhH16DU0pMAeamYPva6M_SzuP_vu5Z5rCZC6cG2IqR_pVLW72ikD_NeK4JPr4TEKaJsEdSFIIpQgkAdjibNxXWudn1tT-HQausKwrbMFe8ONU7gvHoOZyCNSAPl8H1gB--BPgwauM-svhfJzAsPVapjA9CsEhdru7YTSeGvQpFFqBGDpOwAUNVd800ftAhcCkCGWW70-KFqrhmOWOT1II1M4ketxRtwnI-_N0MKSalN4oO_BLBSsasYtH3RoQ-KLZsXZByPYMo1WuO9Y6TQ8Gp_7OH8UDSqJUK6H-fQKZDfiZhtrxSIWx5UsiAwA_vNWl_N0TP1ZWOzO06mILUCcq5.w2nO2pSbblgRLvQF4QZUtXCvDZiM1sWXv3iIoyiIcmg&dib_tag=se&keywords=eco+friendly+kitchen+utensils&qid=1741332997&sr=8-11,38.21,https://m.media-amazon.com/images/I/81bDVyGtdjL._AC_UL320_.jpg,"wooden spoons for cooking, wooden cooking utensils set, wooden utensil set with holder, spoon rest & hooks, teak wood nonstick kitchen cookware – 8-piece set of wooden utensils with 6 metal hooks",[],0,Low,Likely Product,Not Sustainable
"Non-Toxic Cooking Utensils – 7-Piece Kitchen Utensils Set, Glue-Free & One-Piece Wooden Spoons for Cooking, Natural Wooden Utensil Set with Plant-Based Finish, Free of Forever Chemicals.",4.7,101,500+ bought in past month,https://www.amazon.com/Non-Toxic-Cooking-Utensils-Plant-Based-Chemicals/dp/B0CZPHRTX3/ref=sr_1_12?dib=eyJ2IjoiMSJ9.HjYUKwx5pLi3thT0DYHiw3Ka0QIKo2ShK4Ifi1CqcViqUEoIXZIg3AwZsCthRkyCE7nqwnkxUBQg-ZnGmURyx-nRqP8lONK4BAak5_FJ3DVhH16DU0pMAeamYPva6M_SzuP_vu5Z5rCZC6cG2IqR_pVLW72ikD_NeK4JPr4TEKaJsEdSFIIpQgkAdjibNxXWudn1tT-HQausKwrbMFe8ONU7gvHoOZyCNSAPl8H1gB--BPgwauM-svhfJzAsPVapjA9CsEhdru7YTSeGvQpFFqBGDpOwAUNVd800ftAhcCkCGWW70-KFqrhmOWOT1II1M4ketxRtwnI-_N0MKSalN4oO_BLBSsasYtH3RoQ-KLZsXZByPYMo1WuO9Y6TQ8Gp_7OH8UDSqJUK6H-fQKZDfiZhtrxSIWx5UsiAwA_vNWl_N0TP1ZWOzO06mILUCcq5.w2nO2pSbblgRLvQF4QZUtXCvDZiM1sWXv3iIoyiIcmg&dib_tag=se&keywords=eco+friendly+kitchen+utensils&qid=1741332997&sr=8-12,32.5,https://m.media-amazon.com/images/I/81BqDpNJvUL._AC_UL320_.jpg,"non-toxic cooking utensils – 7-piece kitchen utensils set, glue-free & one-piece wooden spoons for cooking, natural wooden utensil set with plant-based finish, free of forever chemicals.","['plant-based', 'natural']",3,Moderate,Likely Product,Potentially Sustainable
"Riveira Bamboo Wooden Spoons for Cooking 6-Piece, Apartment Essentials Wood Spatula Spoon Nonstick Kitchen Utensil Set Premium Quality Housewarming Gifts for Everyday Use",4.6,12921,7K+ bought in past month,https://www.amazon.com/Riveira-Apartment-Essentials-Nonstick-Housewarming/dp/B0823FQKH6/ref=sr_1_13?dib=eyJ2IjoiMSJ9.HjYUKwx5pLi3thT0DYHiw3Ka0QIKo2ShK4Ifi1CqcViqUEoIXZIg3AwZsCthRkyCE7nqwnkxUBQg-ZnGmURyx-nRqP8lONK4BAak5_FJ3DVhH16DU0pMAeamYPva6M_SzuP_vu5Z5rCZC6cG2IqR_pVLW72ikD_NeK4JPr4TEKaJsEdSFIIpQgkAdjibNxXWudn1tT-HQausKwrbMFe8ONU7gvHoOZyCNSAPl8H1gB--BPgwauM-svhfJzAsPVapjA9CsEhdru7YTSeGvQpFFqBGDpOwAUNVd800ftAhcCkCGWW70-KFqrhmOWOT1II1M4ketxRtwnI-_N0MKSalN4oO_BLBSsasYtH3RoQ-KLZsXZByPYMo1WuO9Y6TQ8Gp_7OH8UDSqJUK6H-fQKZDfiZhtrxSIWx5UsiAwA_vNWl_N0TP1ZWOzO06mILUCcq5.w2nO2pSbblgRLvQF4QZUtXCvDZiM1sWXv3iIoyiIcmg&dib_tag=se&keywords=eco+friendly+kitchen+utensils&qid=1741332997&sr=8-13,14.22,https://m.media-amazon.com/images/I/71LCov736wL._AC_UL320_.jpg,"riveira bamboo wooden spoons for cooking 6-piece, apartment essentials wood spatula spoon nonstick kitchen utensil set premium quality housewarming gifts for everyday use",['bamboo'],1,Low,Likely Product,Not Sustainable
"Silicone Cooking Utensils Set (6 pcs) Natural Wood Kitchen Utensils – Eco Friendly & BPA Free, Non-Scratch & Non-Stick Easy Grip -White",4.4,1149,50+ bought in past month,https://www.amazon.com/Cookward-Silicone-Cooking-Utensils-Natural/dp/B0CM7K24JK/ref=sr_1_14?dib=eyJ2IjoiMSJ9.HjYUKwx5pLi3thT0DYHiw3Ka0QIKo2ShK4Ifi1CqcViqUEoIXZIg3AwZsCthRkyCE7nqwnkxUBQg-ZnGmURyx-nRqP8lONK4BAak5_FJ3DVhH16DU0pMAeamYPva6M_SzuP_vu5Z5rCZC6cG2IqR_pVLW72ikD_NeK4JPr4TEKaJsEdSFIIpQgkAdjibNxXWudn1tT-HQausKwrbMFe8ONU7gvHoOZyCNSAPl8H1gB--BPgwauM-svhfJzAsPVapjA9CsEhdru7YTSeGvQpFFqBGDpOwAUNVd800ftAhcCkCGWW70-KFqrhmOWOT1II1M4ketxRtwnI-_N0MKSalN4oO_BLBSsasYtH3RoQ-KLZsXZByPYMo1WuO9Y6TQ8Gp_7OH8UDSqJUK6H-fQKZDfiZhtrxSIWx5UsiAwA_vNWl_N0TP1ZWOzO06mILUCcq5.w2nO2pSbblgRLvQF4QZUtXCvDZiM1sWXv3iIoyiIcmg&dib_tag=se&keywords=eco+friendly+kitchen+utensils&qid=1741332997&sr=8-14,22.95,https://m.media-amazon.com/images/I/61Oz-HKQA2L._AC_UL320_.jpg,"silicone cooking utensils set (6 pcs) natural wood kitchen utensils – eco friendly & bpa free, non-scratch & non-stick easy grip -white","['eco friendly', 'natural']",3,Moderate,Likely Product,Potentially Sustainable
"Silicone Cooking Utensils Set - 600°F Heat Resistant, Nonstick Kitchen Utensil Set with Spatulas, Spoons, Whisk, Tongs, BPA Free, Dishwasher Safe, Black",4.7,174,1K+ bought in past month,https://www.amazon.com/Silicone-Cooking-Utensils-Set-Dishwasher/dp/B0DJ98P1VY/ref=sr_1_15?dib=eyJ2IjoiMSJ9.HjYUKwx5pLi3thT0DYHiw3Ka0QIKo2ShK4Ifi1CqcViqUEoIXZIg3AwZsCthRkyCE7nqwnkxUBQg-ZnGmURyx-nRqP8lONK4BAak5_FJ3DVhH16DU0pMAeamYPva6M_SzuP_vu5Z5rCZC6cG2IqR_pVLW72ikD_NeK4JPr4TEKaJsEdSFIIpQgkAdjibNxXWudn1tT-HQausKwrbMFe8ONU7gvHoOZyCNSAPl8H1gB--BPgwauM-svhfJzAsPVapjA9CsEhdru7YTSeGvQpFFqBGDpOwAUNVd800ftAhcCkCGWW70-KFqrhmOWOT1II1M4ketxRtwnI-_N0MKSalN4oO_BLBSsasYtH3RoQ-KLZsXZByPYMo1WuO9Y6TQ8Gp_7OH8UDSqJUK6H-fQKZDfiZhtrxSIWx5UsiAwA_vNWl_N0TP1ZWOzO06mILUCcq5.w2nO2pSbblgRLvQF4QZUtXCvDZiM1sWXv3iIoyiIcmg&dib_tag=se&keywords=eco+friendly+kitchen+utensils&qid=1741332997&sr=8-15,28.99,https://m.media-amazon.com/images/I/81SiqcVehYL._AC_UL320_.jpg,"silicone cooking utensils set - 600°f heat resistant, nonstick kitchen utensil set with spatulas, spoons, whisk, tongs, bpa free, dishwasher safe, black",[],0,Low,Likely Product,Not Sustainable
9 Piece Natural Teak Wooden Kitchen Utensil Set with Spoon Rest - Comfort Grip Cooking Spoons and Utensils Holder,4.7,3966,4K+ bought in past month,https://www.amazon.com/Cooking-Utensils-Natural-Kitchen-Comfort/dp/B09PTDL11W/ref=sr_1_16?dib=eyJ2IjoiMSJ9.HjYUKwx5pLi3thT0DYHiw3Ka0QIKo2ShK4Ifi1CqcViqUEoIXZIg3AwZsCthRkyCE7nqwnkxUBQg-ZnGmURyx-nRqP8lONK4BAak5_FJ3DVhH16DU0pMAeamYPva6M_SzuP_vu5Z5rCZC6cG2IqR_pVLW72ikD_NeK4JPr4TEKaJsEdSFIIpQgkAdjibNxXWudn1tT-HQausKwrbMFe8ONU7gvHoOZyCNSAPl8H1gB--BPgwauM-svhfJzAsPVapjA9CsEhdru7YTSeGvQpFFqBGDpOwAUNVd800ftAhcCkCGWW70-KFqrhmOWOT1II1M4ketxRtwnI-_N0MKSalN4oO_BLBSsasYtH3RoQ-KLZsXZByPYMo1WuO9Y6TQ8Gp_7OH8UDSqJUK6H-fQKZDfiZhtrxSIWx5UsiAwA_vNWl_N0TP1ZWOzO06mILUCcq5.w2nO2pSbblgRLvQF4QZUtXCvDZiM1sWXv3iIoyiIcmg&dib_tag=se&keywords=eco+friendly+kitchen+utensils&qid=1741332997&sr=8-16,32.81,https://m.media-amazon.com/images/I/91+rTbXu9fL._AC_UL320_.jpg,9 piece natural teak wooden kitchen utensil set with spoon rest - comfort grip cooking spoons and utensils holder,['natural'],1,Low,Likely Product,Not Sustainable
"MIBOTE Silicone Cooking Kitchen Utensils Set with Holder, Wooden Handles BPA Free Non Toxic Silicone Turner Tongs Spatula Spoon Kitchen Gadgets Utensil Set for Nonstick Cookware (Khaki)",4.6,18671,500+ bought in past month,https://www.amazon.com/MIBOTE-Silicone-Utensils-Nonstick-Cookware/dp/B07P98W5YH/ref=sr_1_17?dib=eyJ2IjoiMSJ9.HjYUKwx5pLi3thT0DYHiw3Ka0QIKo2ShK4Ifi1CqcViqUEoIXZIg3AwZsCthRkyCE7nqwnkxUBQg-ZnGmURyx-nRqP8lONK4BAak5_FJ3DVhH16DU0pMAeamYPva6M_SzuP_vu5Z5rCZC6cG2IqR_pVLW72ikD_NeK4JPr4TEKaJsEdSFIIpQgkAdjibNxXWudn1tT-HQausKwrbMFe8ONU7gvHoOZyCNSAPl8H1gB--BPgwauM-svhfJzAsPVapjA9CsEhdru7YTSeGvQpFFqBGDpOwAUNVd800ftAhcCkCGWW70-KFqrhmOWOT1II1M4ketxRtwnI-_N0MKSalN4oO_BLBSsasYtH3RoQ-KLZsXZByPYMo1WuO9Y6TQ8Gp_7OH8UDSqJUK6H-fQKZDfiZhtrxSIWx5UsiAwA_vNWl_N0TP1ZWOzO06mILUCcq5.w2nO2pSbblgRLvQF4QZUtXCvDZiM1sWXv3iIoyiIcmg&dib_tag=se&keywords=eco+friendly+kitchen+utensils&qid=1741332997&sr=8-17,19.99,https://m.media-amazon.com/images/I/71fdrUL1lJL._AC_UL320_.jpg,"mibote silicone cooking kitchen utensils set with holder, wooden handles bpa free non toxic silicone turner tongs spatula spoon kitchen gadgets utensil set for nonstick cookware (khaki)",[],0,Low,Likely Product,Not Sustainable
"100% Compostable No Plastic Knives Forks Spoons Utensils, The Heavyweight Heavy Duty Flatware is Eco Friendly Products for Lounge Party Wedding BBQ Picnic Camping.",4.7,1402,1K+ bought in past month,https://www.amazon.com/100-Compostable-Utensils-Heavyweight-Flatware-Friendly/dp/B0B5R7RRVK/ref=sr_1_18?dib=eyJ2IjoiMSJ9.HjYUKwx5pLi3thT0DYHiw3Ka0QIKo2ShK4Ifi1CqcViqUEoIXZIg3AwZsCthRkyCE7nqwnkxUBQg-ZnGmURyx-nRqP8lONK4BAak5_FJ3DVhH16DU0pMAeamYPva6M_SzuP_vu5Z5rCZC6cG2IqR_pVLW72ikD_NeK4JPr4TEKaJsEdSFIIpQgkAdjibNxXWudn1tT-HQausKwrbMFe8ONU7gvHoOZyCNSAPl8H1gB--BPgwauM-svhfJzAsPVapjA9CsEhdru7YTSeGvQpFFqBGDpOwAUNVd800ftAhcCkCGWW70-KFqrhmOWOT1II1M4ketxRtwnI-_N0MKSalN4oO_BLBSsasYtH3RoQ-KLZsXZByPYMo1WuO9Y6TQ8Gp_7OH8UDSqJUK6H-fQKZDfiZhtrxSIWx5UsiAwA_vNWl_N0TP1ZWOzO06mILUCcq5.w2nO2pSbblgRLvQF4QZUtXCvDZiM1sWXv3iIoyiIcmg&dib_tag=se&keywords=eco+friendly+kitchen+utensils&qid=1741332997&sr=8-18,15.26,https://m.media-amazon.com/images/I/61bj2Ar4a0L._AC_UL320_.jpg,"100% compostable no plastic knives forks spoons utensils, the heavyweight heavy duty flatware is eco friendly products for lounge party wedding bbq picnic camping.","['compostable', 'eco friendly']",5,Moderate,Likely Product,Potentially Sustainable
"Kitchen Wooden Cooking Spoons Set (9-Pcs) - Acacia Wood Utensils Set, Non-Toxic, BPA-Free & Safe Wooden Spatula, Ladle, Stirring & Mixing Spoons, Nonstick Chemical-Free Kitchen Spoons Set for Cooking",4.4,11,300+ bought in past month,https://www.amazon.com/Kitchen-Wooden-Cooking-Spoons-9-Pcs/dp/B0DPF1L7Z9/ref=sr_1_19?dib=eyJ2IjoiMSJ9.HjYUKwx5pLi3thT0DYHiw3Ka0QIKo2ShK4Ifi1CqcViqUEoIXZIg3AwZsCthRkyCE7nqwnkxUBQg-ZnGmURyx-nRqP8lONK4BAak5_FJ3DVhH16DU0pMAeamYPva6M_SzuP_vu5Z5rCZC6cG2IqR_pVLW72ikD_NeK4JPr4TEKaJsEdSFIIpQgkAdjibNxXWudn1tT-HQausKwrbMFe8ONU7gvHoOZyCNSAPl8H1gB--BPgwauM-svhfJzAsPVapjA9CsEhdru7YTSeGvQpFFqBGDpOwAUNVd800ftAhcCkCGWW70-KFqrhmOWOT1II1M4ketxRtwnI-_N0MKSalN4oO_BLBSsasYtH3RoQ-KLZsXZByPYMo1WuO9Y6TQ8Gp_7OH8UDSqJUK6H-fQKZDfiZhtrxSIWx5UsiAwA_vNWl_N0TP1ZWOzO06mILUCcq5.w2nO2pSbblgRLvQF4QZUtXCvDZiM1sWXv3iIoyiIcmg&dib_tag=se&keywords=eco+friendly+kitchen+utensils&qid=1741332997&sr=8-19,32.99,https://m.media-amazon.com/images/I/81lPEp6egcL._AC_UL320_.jpg,"kitchen wooden cooking spoons set (9-pcs) - acacia wood utensils set, non-toxic, bpa-free & safe wooden spatula, ladle, stirring & mixing spoons, nonstick chemical-free kitchen spoons set for cooking",[],0,Low,Likely Product,Not Sustainable
"Umite Chef Silicone Kitchen Utensil Set, 34PCS Heat Resistant Kitchen Gadgets and Tools With Grater, Wood Handles for Nonstick Cookware",4.5,1477,1K+ bought in past month,https://www.amazon.com/Utensils-Umite-Chef-Silicone-Resistant/dp/B0C991SKFS/ref=sr_1_24?dib=eyJ2IjoiMSJ9.HjYUKwx5pLi3thT0DYHiw3Ka0QIKo2ShK4Ifi1CqcViqUEoIXZIg3AwZsCthRkyCE7nqwnkxUBQg-ZnGmURyx-nRqP8lONK4BAak5_FJ3DVhH16DU0pMAeamYPva6M_SzuP_vu5Z5rCZC6cG2IqR_pVLW72ikD_NeK4JPr4TEKaJsEdSFIIpQgkAdjibNxXWudn1tT-HQausKwrbMFe8ONU7gvHoOZyCNSAPl8H1gB--BPgwauM-svhfJzAsPVapjA9CsEhdru7YTSeGvQpFFqBGDpOwAUNVd800ftAhcCkCGWW70-KFqrhmOWOT1II1M4ketxRtwnI-_N0MKSalN4oO_BLBSsasYtH3RoQ-KLZsXZByPYMo1WuO9Y6TQ8Gp_7OH8UDSqJUK6H-fQKZDfiZhtrxSIWx5UsiAwA_vNWl_N0TP1ZWOzO06mILUCcq5.w2nO2pSbblgRLvQF4QZUtXCvDZiM1sWXv3iIoyiIcmg&dib_tag=se&keywords=eco+friendly+kitchen+utensils&qid=1741332997&sr=8-24,35.99,https://m.media-amazon.com/images/I/71Yl0c3HTeL._AC_UL320_.jpg,"umite chef silicone kitchen utensil set, 34pcs heat resistant kitchen gadgets and tools with grater, wood handles for nonstick cookware",[],0,Low,Likely Product,Not Sustainable
"WOODLAND-USA Bamboo Wooden Spoons for Cooking 6 Pcs – Handmade Wooden Utensil Set for Nonstick Cookware – Heat-Resistant Wooden Spoon Set – Eco-Friendly, Durable & Lightweight Wooden Spatula Set",4.5,240,800+ bought in past month,https://www.amazon.com/Woodlands-USA-Bamboo-Wooden-Spoons-Cooking/dp/B0D5NLZSZS/ref=sr_1_25?dib=eyJ2IjoiMSJ9.HjYUKwx5pLi3thT0DYHiw3Ka0QIKo2ShK4Ifi1CqcViqUEoIXZIg3AwZsCthRkyCE7nqwnkxUBQg-ZnGmURyx-nRqP8lONK4BAak5_FJ3DVhH16DU0pMAeamYPva6M_SzuP_vu5Z5rCZC6cG2IqR_pVLW72ikD_NeK4JPr4TEKaJsEdSFIIpQgkAdjibNxXWudn1tT-HQausKwrbMFe8ONU7gvHoOZyCNSAPl8H1gB--BPgwauM-svhfJzAsPVapjA9CsEhdru7YTSeGvQpFFqBGDpOwAUNVd800ftAhcCkCGWW70-KFqrhmOWOT1II1M4ketxRtwnI-_N0MKSalN4oO_BLBSsasYtH3RoQ-KLZsXZByPYMo1WuO9Y6TQ8Gp_7OH8UDSqJUK6H-fQKZDfiZhtrxSIWx5UsiAwA_vNWl_N0TP1ZWOzO06mILUCcq5.w2nO2pSbblgRLvQF4QZUtXCvDZiM1sWXv3iIoyiIcmg&dib_tag=se&keywords=eco+friendly+kitchen+utensils&qid=1741332997&sr=8-25,14.84,https://m.media-amazon.com/images/I/81phlQ0N-6L._AC_UL320_.jpg,"woodland-usa bamboo wooden spoons for cooking 6 pcs – handmade wooden utensil set for nonstick cookware – heat-resistant wooden spoon set – eco-friendly, durable & lightweight wooden spatula set","['eco-friendly', 'bamboo']",3,Moderate,Likely Product,Potentially Sustainable
"380 Count Heavy Duty Compostable Cutlery Set 140 plastic forks 120 spoons 120 knives eco-friendly no plastic silverware compostable utensils for Weddings, Parties, Office, Camping, Picnic",4.8,149,100+ bought in past month,https://www.amazon.com/s?k=eco+friendly+kitchen+utensils#,14.84,https://m.media-amazon.com/images/I/610Ps5B9zVL._AC_UL320_.jpg,"380 count heavy duty compostable cutlery set 140 plastic forks 120 spoons 120 knives eco-friendly no plastic silverware compostable utensils for weddings, parties, office, camping, picnic","['compostable', 'eco-friendly']",5,Moderate,Likely Product,Potentially Sustainable
"Silicone Cooking Utensils Set - 446°F Heat Resistant Kitchen Utensils,Turner Tongs,Spatula,Spoon,Brush,Whisk,Kitchen Utensil Gadgets Tools Set for Nonstick Cookware,Dishwasher Safe (BPA Free)",4.6,17666,3K+ bought in past month,https://www.amazon.com/Silicone-Cooking-Utensils-Whisk-Kitchen-Cookware-Dishwasher/dp/B08VJ1LDFH/ref=sr_1_27?dib=eyJ2IjoiMSJ9.HjYUKwx5pLi3thT0DYHiw3Ka0QIKo2ShK4Ifi1CqcViqUEoIXZIg3AwZsCthRkyCE7nqwnkxUBQg-ZnGmURyx-nRqP8lONK4BAak5_FJ3DVhH16DU0pMAeamYPva6M_SzuP_vu5Z5rCZC6cG2IqR_pVLW72ikD_NeK4JPr4TEKaJsEdSFIIpQgkAdjibNxXWudn1tT-HQausKwrbMFe8ONU7gvHoOZyCNSAPl8H1gB--BPgwauM-svhfJzAsPVapjA9CsEhdru7YTSeGvQpFFqBGDpOwAUNVd800ftAhcCkCGWW70-KFqrhmOWOT1II1M4ketxRtwnI-_N0MKSalN4oO_BLBSsasYtH3RoQ-KLZsXZByPYMo1WuO9Y6TQ8Gp_7OH8UDSqJUK6H-fQKZDfiZhtrxSIWx5UsiAwA_vNWl_N0TP1ZWOzO06mILUCcq5.w2nO2pSbblgRLvQF4QZUtXCvDZiM1sWXv3iIoyiIcmg&dib_tag=se&keywords=eco+friendly+kitchen+utensils&qid=1741332997&sr=8-27,23.99,https://m.media-amazon.com/images/I/81jRTow3JYL._AC_UL320_.jpg,"silicone cooking utensils set - 446°f heat resistant kitchen utensils,turner tongs,spatula,spoon,brush,whisk,kitchen utensil gadgets tools set for nonstick cookware,dishwasher safe (bpa free)",[],0,Low,Likely Product,Not Sustainable
"12 Pcs Silicone Utensils Set, Heat Resistant To 446°F, Non-Stick Kitchen Tools With Wooden Handles Stand, Silicone Cookware Set Eco-Friendly Bpa-Free (Purple)",3.3,8,50+ bought in past month,https://www.amazon.com/Silicone-Utensils-Resistant-Non-Stick-Eco-Friendly/dp/B0DHQFPSJ6/ref=sr_1_32?dib=eyJ2IjoiMSJ9.HjYUKwx5pLi3thT0DYHiw3Ka0QIKo2ShK4Ifi1CqcViqUEoIXZIg3AwZsCthRkyCE7nqwnkxUBQg-ZnGmURyx-nRqP8lONK4BAak5_FJ3DVhH16DU0pMAeamYPva6M_SzuP_vu5Z5rCZC6cG2IqR_pVLW72ikD_NeK4JPr4TEKaJsEdSFIIpQgkAdjibNxXWudn1tT-HQausKwrbMFe8ONU7gvHoOZyCNSAPl8H1gB--BPgwauM-svhfJzAsPVapjA9CsEhdru7YTSeGvQpFFqBGDpOwAUNVd800ftAhcCkCGWW70-KFqrhmOWOT1II1M4ketxRtwnI-_N0MKSalN4oO_BLBSsasYtH3RoQ-KLZsXZByPYMo1WuO9Y6TQ8Gp_7OH8UDSqJUK6H-fQKZDfiZhtrxSIWx5UsiAwA_vNWl_N0TP1ZWOzO06mILUCcq5.w2nO2pSbblgRLvQF4QZUtXCvDZiM1sWXv3iIoyiIcmg&dib_tag=se&keywords=eco+friendly+kitchen+utensils&qid=1741332997&sr=8-32,19.99,https://m.media-amazon.com/images/I/61iZncXBO4L._AC_UL320_.jpg,"12 pcs silicone utensils set, heat resistant to 446°f, non-stick kitchen tools with wooden handles stand, silicone cookware set eco-friendly bpa-free (purple)",['eco-friendly'],2,Low,Likely Product,Not Sustainable
"Kitchen Utensils Set-Umite Chef 34 Pcs Silicone Cooking Utensils Set for Nonstick Cookware-Silicone Spatulas Set, Stainless Steel Handle-Black Kitchen Gadgets Tools, Pots and Pans Accessories",4.4,1001,1K+ bought in past month,https://www.amazon.com/Set-Umite-Chef-Cookware-Silicone-Handle-Black-Accessories/dp/B0C49WGGJ5/ref=sr_1_33?dib=eyJ2IjoiMSJ9.HjYUKwx5pLi3thT0DYHiw3Ka0QIKo2ShK4Ifi1CqcViqUEoIXZIg3AwZsCthRkyCE7nqwnkxUBQg-ZnGmURyx-nRqP8lONK4BAak5_FJ3DVhH16DU0pMAeamYPva6M_SzuP_vu5Z5rCZC6cG2IqR_pVLW72ikD_NeK4JPr4TEKaJsEdSFIIpQgkAdjibNxXWudn1tT-HQausKwrbMFe8ONU7gvHoOZyCNSAPl8H1gB--BPgwauM-svhfJzAsPVapjA9CsEhdru7YTSeGvQpFFqBGDpOwAUNVd800ftAhcCkCGWW70-KFqrhmOWOT1II1M4ketxRtwnI-_N0MKSalN4oO_BLBSsasYtH3RoQ-KLZsXZByPYMo1WuO9Y6TQ8Gp_7OH8UDSqJUK6H-fQKZDfiZhtrxSIWx5UsiAwA_vNWl_N0TP1ZWOzO06mILUCcq5.w2nO2pSbblgRLvQF4QZUtXCvDZiM1sWXv3iIoyiIcmg&dib_tag=se&keywords=eco+friendly+kitchen+utensils&qid=1741332997&sr=8-33,29.72,https://m.media-amazon.com/images/I/71b9rg312ML._AC_UL320_.jpg,"kitchen utensils set-umite chef 34 pcs silicone cooking utensils set for nonstick cookware-silicone spatulas set, stainless steel handle-black kitchen gadgets tools, pots and pans accessories",[],0,Low,Likely Product,Not Sustainable
"Kitchen Utenails Set with Holder,Kitchen Wooden Utensils for Cooking, Wood Utensil Natural Teak Wood Spoons for Cooking,Wooden Kitchen Utensil Set With Spatula and Ladle (11)",4.5,2309,1K+ bought in past month,https://www.amazon.com/Kitchen-Utensils-Cooking-Utensil-Utenails/dp/B08CZSNMDN/ref=sr_1_34?dib=eyJ2IjoiMSJ9.HjYUKwx5pLi3thT0DYHiw3Ka0QIKo2ShK4Ifi1CqcViqUEoIXZIg3AwZsCthRkyCE7nqwnkxUBQg-ZnGmURyx-nRqP8lONK4BAak5_FJ3DVhH16DU0pMAeamYPva6M_SzuP_vu5Z5rCZC6cG2IqR_pVLW72ikD_NeK4JPr4TEKaJsEdSFIIpQgkAdjibNxXWudn1tT-HQausKwrbMFe8ONU7gvHoOZyCNSAPl8H1gB--BPgwauM-svhfJzAsPVapjA9CsEhdru7YTSeGvQpFFqBGDpOwAUNVd800ftAhcCkCGWW70-KFqrhmOWOT1II1M4ketxRtwnI-_N0MKSalN4oO_BLBSsasYtH3RoQ-KLZsXZByPYMo1WuO9Y6TQ8Gp_7OH8UDSqJUK6H-fQKZDfiZhtrxSIWx5UsiAwA_vNWl_N0TP1ZWOzO06mILUCcq5.w2nO2pSbblgRLvQF4QZUtXCvDZiM1sWXv3iIoyiIcmg&dib_tag=se&keywords=eco+friendly+kitchen+utensils&qid=1741332997&sr=8-34,39.88,https://m.media-amazon.com/images/I/810GKBoAIhL._AC_UL320_.jpg,"kitchen utenails set with holder,kitchen wooden utensils for cooking, wood utensil natural teak wood spoons for cooking,wooden kitchen utensil set with spatula and ladle (11)",['natural'],1,Low,Likely Product,Not Sustainable
"Wood Spoons for Cooking,Nonstick Kitchen Utensil Set,Wooden Spoons Cooking Utensil Set Non Scratch Natural Teak Wooden Utensils for Cooking(Teak 8 Pack)",4.6,5779,700+ bought in past month,https://www.amazon.com/Cooking-Nonstick-Kitchen-Utensil-Utensils/dp/B07YC9VH1D/ref=sr_1_35?dib=eyJ2IjoiMSJ9.HjYUKwx5pLi3thT0DYHiw3Ka0QIKo2ShK4Ifi1CqcViqUEoIXZIg3AwZsCthRkyCE7nqwnkxUBQg-ZnGmURyx-nRqP8lONK4BAak5_FJ3DVhH16DU0pMAeamYPva6M_SzuP_vu5Z5rCZC6cG2IqR_pVLW72ikD_NeK4JPr4TEKaJsEdSFIIpQgkAdjibNxXWudn1tT-HQausKwrbMFe8ONU7gvHoOZyCNSAPl8H1gB--BPgwauM-svhfJzAsPVapjA9CsEhdru7YTSeGvQpFFqBGDpOwAUNVd800ftAhcCkCGWW70-KFqrhmOWOT1II1M4ketxRtwnI-_N0MKSalN4oO_BLBSsasYtH3RoQ-KLZsXZByPYMo1WuO9Y6TQ8Gp_7OH8UDSqJUK6H-fQKZDfiZhtrxSIWx5UsiAwA_vNWl_N0TP1ZWOzO06mILUCcq5.w2nO2pSbblgRLvQF4QZUtXCvDZiM1sWXv3iIoyiIcmg&dib_tag=se&keywords=eco+friendly+kitchen+utensils&qid=1741332997&sr=8-35,28.08,https://m.media-amazon.com/images/I/81K+CXH2rUL._AC_UL320_.jpg,"wood spoons for cooking,nonstick kitchen utensil set,wooden spoons cooking utensil set non scratch natural teak wooden utensils for cooking(teak 8 pack)",['natural'],1,Low,Likely Product,Not Sustainable
MISISIPI 150Pcs 100% Compostable Utensils Cutlery Biodegradable HeavyDuty No Plastic Utensils Cutlery Silverware Set Eco-Friendly Heavyweight Disposable Utensils Cutlery for Party BBQ Picnic Birthday,4.7,232,50+ bought in past month,https://www.amazon.com/s?k=eco+friendly+kitchen+utensils#,28.08,https://m.media-amazon.com/images/I/71Yvv0SUeML._AC_UL320_.jpg,misisipi 150pcs 100% compostable utensils cutlery biodegradable heavyduty no plastic utensils cutlery silverware set eco-friendly heavyweight disposable utensils cutlery for party bbq picnic birthday,"['biodegradable', 'compostable', 'eco-friendly']",8,Strong,Likely Product,Sustainable
"Teak Wooden Spoons for Cooking, Natural Solid Wooden Kitchen Cooking Utensils, Essential Wooden Kitchen Tools(9Pcs)",4.4,73,300+ bought in past month,https://www.amazon.com/Wooden-Cooking-Utensils-Kitchen-Utensil/dp/B0D78GF61W/ref=sr_1_41?dib=eyJ2IjoiMSJ9.HjYUKwx5pLi3thT0DYHiw3Ka0QIKo2ShK4Ifi1CqcViqUEoIXZIg3AwZsCthRkyCE7nqwnkxUBQg-ZnGmURyx-nRqP8lONK4BAak5_FJ3DVhH16DU0pMAeamYPva6M_SzuP_vu5Z5rCZC6cG2IqR_pVLW72ikD_NeK4JPr4TEKaJsEdSFIIpQgkAdjibNxXWudn1tT-HQausKwrbMFe8ONU7gvHoOZyCNSAPl8H1gB--BPgwauM-svhfJzAsPVapjA9CsEhdru7YTSeGvQpFFqBGDpOwAUNVd800ftAhcCkCGWW70-KFqrhmOWOT1II1M4ketxRtwnI-_N0MKSalN4oO_BLBSsasYtH3RoQ-KLZsXZByPYMo1WuO9Y6TQ8Gp_7OH8UDSqJUK6H-fQKZDfiZhtrxSIWx5UsiAwA_vNWl_N0TP1ZWOzO06mILUCcq5.w2nO2pSbblgRLvQF4QZUtXCvDZiM1sWXv3iIoyiIcmg&dib_tag=se&keywords=eco+friendly+kitchen+utensils&qid=1741332997&sr=8-41,38.99,https://m.media-amazon.com/images/I/81kgLdd0ytL._AC_UL320_.jpg,"teak wooden spoons for cooking, natural solid wooden kitchen cooking utensils, essential wooden kitchen tools(9pcs)",['natural'],1,Low,Likely Product,Not Sustainable
"Pack of 4 Silicone Cooking Utensils Set, Non Stick Large Solid Spatulas, Heat Resistant Stainless Steel Khaki Slotted Spoons, Ideal BPA Free Kitchen Turners for Frying, Mixing,Serving,Draining,Turning",4.5,1227,900+ bought in past month,https://www.amazon.com/Silicone-Utensils-Spatulas-Resistant-Stainless/dp/B0C9GL5JWR/ref=sr_1_42?dib=eyJ2IjoiMSJ9.HjYUKwx5pLi3thT0DYHiw3Ka0QIKo2ShK4Ifi1CqcViqUEoIXZIg3AwZsCthRkyCE7nqwnkxUBQg-ZnGmURyx-nRqP8lONK4BAak5_FJ3DVhH16DU0pMAeamYPva6M_SzuP_vu5Z5rCZC6cG2IqR_pVLW72ikD_NeK4JPr4TEKaJsEdSFIIpQgkAdjibNxXWudn1tT-HQausKwrbMFe8ONU7gvHoOZyCNSAPl8H1gB--BPgwauM-svhfJzAsPVapjA9CsEhdru7YTSeGvQpFFqBGDpOwAUNVd800ftAhcCkCGWW70-KFqrhmOWOT1II1M4ketxRtwnI-_N0MKSalN4oO_BLBSsasYtH3RoQ-KLZsXZByPYMo1WuO9Y6TQ8Gp_7OH8UDSqJUK6H-fQKZDfiZhtrxSIWx5UsiAwA_vNWl_N0TP1ZWOzO06mILUCcq5.w2nO2pSbblgRLvQF4QZUtXCvDZiM1sWXv3iIoyiIcmg&dib_tag=se&keywords=eco+friendly+kitchen+utensils&qid=1741332997&sr=8-42,14.69,https://m.media-amazon.com/images/I/61SmliRqnKL._AC_UL320_.jpg,"pack of 4 silicone cooking utensils set, non stick large solid spatulas, heat resistant stainless steel khaki slotted spoons, ideal bpa free kitchen turners for frying, mixing,serving,draining,turning",[],0,Low,Likely Product,Not Sustainable
"E-far 10 Pieces Silicone Cooking Utensils Set, Heat Resistant Kitchen Utensil Set for Nonstick Cookware, Kitchen Cooking Tools with Spatula, Spoon, Slotted Turner, Non-Toxic & Dishwasher Safe (Khaki)",4.5,61,100+ bought in past month,https://www.amazon.com/far-Silicone-Resistant-Non-Toxic-Dishwasher/dp/B0DD359M2Z/ref=sr_1_43?dib=eyJ2IjoiMSJ9.HjYUKwx5pLi3thT0DYHiw3Ka0QIKo2ShK4Ifi1CqcViqUEoIXZIg3AwZsCthRkyCE7nqwnkxUBQg-ZnGmURyx-nRqP8lONK4BAak5_FJ3DVhH16DU0pMAeamYPva6M_SzuP_vu5Z5rCZC6cG2IqR_pVLW72ikD_NeK4JPr4TEKaJsEdSFIIpQgkAdjibNxXWudn1tT-HQausKwrbMFe8ONU7gvHoOZyCNSAPl8H1gB--BPgwauM-svhfJzAsPVapjA9CsEhdru7YTSeGvQpFFqBGDpOwAUNVd800ftAhcCkCGWW70-KFqrhmOWOT1II1M4ketxRtwnI-_N0MKSalN4oO_BLBSsasYtH3RoQ-KLZsXZByPYMo1WuO9Y6TQ8Gp_7OH8UDSqJUK6H-fQKZDfiZhtrxSIWx5UsiAwA_vNWl_N0TP1ZWOzO06mILUCcq5.w2nO2pSbblgRLvQF4QZUtXCvDZiM1sWXv3iIoyiIcmg&dib_tag=se&keywords=eco+friendly+kitchen+utensils&qid=1741332997&sr=8-43,16.14,https://m.media-amazon.com/images/I/711JYRKCxRL._AC_UL320_.jpg,"e-far 10 pieces silicone cooking utensils set, heat resistant kitchen utensil set for nonstick cookware, kitchen cooking tools with spatula, spoon, slotted turner, non-toxic & dishwasher safe (khaki)",[],0,Low,Likely Product,Not Sustainable
"Teak Wood Cooking Utensils - Eco-Friendly and Durable 6-Pieces Kitchen Utensils with Bamboo Holder for Cooking, Stirring, Scraping, and Serving",5.0,4,50+ bought in past month,https://www.amazon.com/AVS-Teak-Wood-Cooking-Utensils/dp/B0D668B5C7/ref=sr_1_44?dib=eyJ2IjoiMSJ9.HjYUKwx5pLi3thT0DYHiw3Ka0QIKo2ShK4Ifi1CqcViqUEoIXZIg3AwZsCthRkyCE7nqwnkxUBQg-ZnGmURyx-nRqP8lONK4BAak5_FJ3DVhH16DU0pMAeamYPva6M_SzuP_vu5Z5rCZC6cG2IqR_pVLW72ikD_NeK4JPr4TEKaJsEdSFIIpQgkAdjibNxXWudn1tT-HQausKwrbMFe8ONU7gvHoOZyCNSAPl8H1gB--BPgwauM-svhfJzAsPVapjA9CsEhdru7YTSeGvQpFFqBGDpOwAUNVd800ftAhcCkCGWW70-KFqrhmOWOT1II1M4ketxRtwnI-_N0MKSalN4oO_BLBSsasYtH3RoQ-KLZsXZByPYMo1WuO9Y6TQ8Gp_7OH8UDSqJUK6H-fQKZDfiZhtrxSIWx5UsiAwA_vNWl_N0TP1ZWOzO06mILUCcq5.w2nO2pSbblgRLvQF4QZUtXCvDZiM1sWXv3iIoyiIcmg&dib_tag=se&keywords=eco+friendly+kitchen+utensils&qid=1741332997&sr=8-44,24.99,https://m.media-amazon.com/images/I/71pIYNP38DL._AC_UL320_.jpg,"teak wood cooking utensils - eco-friendly and durable 6-pieces kitchen utensils with bamboo holder for cooking, stirring, scraping, and serving","['eco-friendly', 'bamboo']",3,Moderate,Likely Product,Potentially Sustainable
"Kitchen Utensil Set-Silicone Cooking Utensils-33 Kitchen Gadgets & Spoons for Nonstick Cookware-Silicone and Stainless Steel Spatula Set-Best Kitchen Tools, Useful Pots (Khaki)",4.6,5207,500+ bought in past month,https://www.amazon.com/Set-Silicone-Utensils-33-Nonstick-Cookware-Silicone-Stainless/dp/B0CYS5QRDN/ref=sr_1_45?dib=eyJ2IjoiMSJ9.HjYUKwx5pLi3thT0DYHiw3Ka0QIKo2ShK4Ifi1CqcViqUEoIXZIg3AwZsCthRkyCE7nqwnkxUBQg-ZnGmURyx-nRqP8lONK4BAak5_FJ3DVhH16DU0pMAeamYPva6M_SzuP_vu5Z5rCZC6cG2IqR_pVLW72ikD_NeK4JPr4TEKaJsEdSFIIpQgkAdjibNxXWudn1tT-HQausKwrbMFe8ONU7gvHoOZyCNSAPl8H1gB--BPgwauM-svhfJzAsPVapjA9CsEhdru7YTSeGvQpFFqBGDpOwAUNVd800ftAhcCkCGWW70-KFqrhmOWOT1II1M4ketxRtwnI-_N0MKSalN4oO_BLBSsasYtH3RoQ-KLZsXZByPYMo1WuO9Y6TQ8Gp_7OH8UDSqJUK6H-fQKZDfiZhtrxSIWx5UsiAwA_vNWl_N0TP1ZWOzO06mILUCcq5.w2nO2pSbblgRLvQF4QZUtXCvDZiM1sWXv3iIoyiIcmg&dib_tag=se&keywords=eco+friendly+kitchen+utensils&qid=1741332997&sr=8-45,39.99,https://m.media-amazon.com/images/I/71GDXNCHPoL._AC_UL320_.jpg,"kitchen utensil set-silicone cooking utensils-33 kitchen gadgets & spoons for nonstick cookware-silicone and stainless steel spatula set-best kitchen tools, useful pots (khaki)",[],0,Low,Likely Product,Not Sustainable
Kitchen Utensil Set - 11 Cooking Utensils - Colorful Silicone Kitchen Utensils - Nonstick Cookware with Spatula Set - Colored Best Kitchen Tools Kitchen Gadgets (Khaki),4.8,3203,1K+ bought in past month,https://www.amazon.com/Kitchen-Utensil-Set-Utensils-Colorful/dp/B0CPDBJLTR/ref=sr_1_46?dib=eyJ2IjoiMSJ9.HjYUKwx5pLi3thT0DYHiw3Ka0QIKo2ShK4Ifi1CqcViqUEoIXZIg3AwZsCthRkyCE7nqwnkxUBQg-ZnGmURyx-nRqP8lONK4BAak5_FJ3DVhH16DU0pMAeamYPva6M_SzuP_vu5Z5rCZC6cG2IqR_pVLW72ikD_NeK4JPr4TEKaJsEdSFIIpQgkAdjibNxXWudn1tT-HQausKwrbMFe8ONU7gvHoOZyCNSAPl8H1gB--BPgwauM-svhfJzAsPVapjA9CsEhdru7YTSeGvQpFFqBGDpOwAUNVd800ftAhcCkCGWW70-KFqrhmOWOT1II1M4ketxRtwnI-_N0MKSalN4oO_BLBSsasYtH3RoQ-KLZsXZByPYMo1WuO9Y6TQ8Gp_7OH8UDSqJUK6H-fQKZDfiZhtrxSIWx5UsiAwA_vNWl_N0TP1ZWOzO06mILUCcq5.w2nO2pSbblgRLvQF4QZUtXCvDZiM1sWXv3iIoyiIcmg&dib_tag=se&keywords=eco+friendly+kitchen+utensils&qid=1741332997&sr=8-46,19.99,https://m.media-amazon.com/images/I/61VDipRTuwL._AC_UL320_.jpg,kitchen utensil set - 11 cooking utensils - colorful silicone kitchen utensils - nonstick cookware with spatula set - colored best kitchen tools kitchen gadgets (khaki),[],0,Low,Likely Product,Not Sustainable
"Premium Teak Healthy Spoons, Durable Eco-friendly Spatula, Wooden Utensils Set with Holder & Canvas Bag, Wooden Cooking Gifts for Mom",4.7,238,50+ bought in past month,https://www.amazon.com/Healthy-Spatula-Eco-friendly-Utensils-NHAF/dp/B09L1DX2C6/ref=sr_1_47?dib=eyJ2IjoiMSJ9.HjYUKwx5pLi3thT0DYHiw3Ka0QIKo2ShK4Ifi1CqcViqUEoIXZIg3AwZsCthRkyCE7nqwnkxUBQg-ZnGmURyx-nRqP8lONK4BAak5_FJ3DVhH16DU0pMAeamYPva6M_SzuP_vu5Z5rCZC6cG2IqR_pVLW72ikD_NeK4JPr4TEKaJsEdSFIIpQgkAdjibNxXWudn1tT-HQausKwrbMFe8ONU7gvHoOZyCNSAPl8H1gB--BPgwauM-svhfJzAsPVapjA9CsEhdru7YTSeGvQpFFqBGDpOwAUNVd800ftAhcCkCGWW70-KFqrhmOWOT1II1M4ketxRtwnI-_N0MKSalN4oO_BLBSsasYtH3RoQ-KLZsXZByPYMo1WuO9Y6TQ8Gp_7OH8UDSqJUK6H-fQKZDfiZhtrxSIWx5UsiAwA_vNWl_N0TP1ZWOzO06mILUCcq5.w2nO2pSbblgRLvQF4QZUtXCvDZiM1sWXv3iIoyiIcmg&dib_tag=se&keywords=eco+friendly+kitchen+utensils&qid=1741332997&sr=8-47,49.99,https://m.media-amazon.com/images/I/81WamybVzgL._AC_UL320_.jpg,"premium teak healthy spoons, durable eco-friendly spatula, wooden utensils set with holder & canvas bag, wooden cooking gifts for mom",['eco-friendly'],2,Low,Likely Product,Not Sustainable
"Olive Wood Spatula & Spoon Set – Eco-Friendly Cooking & Serving Utensils, Safe for Nonstick Cookware",5.0,1,50+ bought in past month,https://www.amazon.com/Olive-Wood-Spatula-Spoon-Set/dp/B0DQVNZFNL/ref=sr_1_48?dib=eyJ2IjoiMSJ9.HjYUKwx5pLi3thT0DYHiw3Ka0QIKo2ShK4Ifi1CqcViqUEoIXZIg3AwZsCthRkyCE7nqwnkxUBQg-ZnGmURyx-nRqP8lONK4BAak5_FJ3DVhH16DU0pMAeamYPva6M_SzuP_vu5Z5rCZC6cG2IqR_pVLW72ikD_NeK4JPr4TEKaJsEdSFIIpQgkAdjibNxXWudn1tT-HQausKwrbMFe8ONU7gvHoOZyCNSAPl8H1gB--BPgwauM-svhfJzAsPVapjA9CsEhdru7YTSeGvQpFFqBGDpOwAUNVd800ftAhcCkCGWW70-KFqrhmOWOT1II1M4ketxRtwnI-_N0MKSalN4oO_BLBSsasYtH3RoQ-KLZsXZByPYMo1WuO9Y6TQ8Gp_7OH8UDSqJUK6H-fQKZDfiZhtrxSIWx5UsiAwA_vNWl_N0TP1ZWOzO06mILUCcq5.w2nO2pSbblgRLvQF4QZUtXCvDZiM1sWXv3iIoyiIcmg&dib_tag=se&keywords=eco+friendly+kitchen+utensils&qid=1741332997&sr=8-48,23.99,https://m.media-amazon.com/images/I/714JxTZmcmL._AC_UL320_.jpg,"olive wood spatula & spoon set – eco-friendly cooking & serving utensils, safe for nonstick cookware",['eco-friendly'],2,Low,Likely Product,Not Sustainable
"MR.SIGA Bamboo Palm Brush, Scrub Brush for Dishes Pots Pans Kitchen Sink Cleaning, Pack of 2",4.5,8510,5K+ bought in past month,https://www.amazon.com/MR-SIGA-Bamboo-Dishes-Kitchen-Cleaning/dp/B082MZ7TK9/ref=sr_1_49?dib=eyJ2IjoiMSJ9.HjYUKwx5pLi3thT0DYHiw3Ka0QIKo2ShK4Ifi1CqcViqUEoIXZIg3AwZsCthRkyCE7nqwnkxUBQg-ZnGmURyx-nRqP8lONK4BAak5_FJ3DVhH16DU0pMAeamYPva6M_SzuP_vu5Z5rCZC6cG2IqR_pVLW72ikD_NeK4JPr4TEKaJsEdSFIIpQgkAdjibNxXWudn1tT-HQausKwrbMFe8ONU7gvHoOZyCNSAPl8H1gB--BPgwauM-svhfJzAsPVapjA9CsEhdru7YTSeGvQpFFqBGDpOwAUNVd800ftAhcCkCGWW70-KFqrhmOWOT1II1M4ketxRtwnI-_N0MKSalN4oO_BLBSsasYtH3RoQ-KLZsXZByPYMo1WuO9Y6TQ8Gp_7OH8UDSqJUK6H-fQKZDfiZhtrxSIWx5UsiAwA_vNWl_N0TP1ZWOzO06mILUCcq5.w2nO2pSbblgRLvQF4QZUtXCvDZiM1sWXv3iIoyiIcmg&dib_tag=se&keywords=eco+friendly+kitchen+utensils&qid=1741332997&sr=8-49,23.99,https://m.media-amazon.com/images/I/71cZ39VSsFL._AC_UL320_.jpg,"mr.siga bamboo palm brush, scrub brush for dishes pots pans kitchen sink cleaning, pack of 2",['bamboo'],1,Low,Likely Product,Not Sustainable
"4-Piece Handmade Wooden Utensils Set – Eco-Friendly, Non-Stick, Smooth Finish Spoons & Forks – Perfect Hostess & Cooking Gifts, Rustic Kitchen Decor",4.8,8,50+ bought in past month,https://www.amazon.com/KRECOTIX-4-Piece-Handmade-Wooden-Utensils/dp/B0DMZGKMP1/ref=sr_1_50?dib=eyJ2IjoiMSJ9.HjYUKwx5pLi3thT0DYHiw3Ka0QIKo2ShK4Ifi1CqcViqUEoIXZIg3AwZsCthRkyCE7nqwnkxUBQg-ZnGmURyx-nRqP8lONK4BAak5_FJ3DVhH16DU0pMAeamYPva6M_SzuP_vu5Z5rCZC6cG2IqR_pVLW72ikD_NeK4JPr4TEKaJsEdSFIIpQgkAdjibNxXWudn1tT-HQausKwrbMFe8ONU7gvHoOZyCNSAPl8H1gB--BPgwauM-svhfJzAsPVapjA9CsEhdru7YTSeGvQpFFqBGDpOwAUNVd800ftAhcCkCGWW70-KFqrhmOWOT1II1M4ketxRtwnI-_N0MKSalN4oO_BLBSsasYtH3RoQ-KLZsXZByPYMo1WuO9Y6TQ8Gp_7OH8UDSqJUK6H-fQKZDfiZhtrxSIWx5UsiAwA_vNWl_N0TP1ZWOzO06mILUCcq5.w2nO2pSbblgRLvQF4QZUtXCvDZiM1sWXv3iIoyiIcmg&dib_tag=se&keywords=eco+friendly+kitchen+utensils&qid=1741332997&sr=8-50,14.99,https://m.media-amazon.com/images/I/81p88usrNFL._AC_UL320_.jpg,"4-piece handmade wooden utensils set – eco-friendly, non-stick, smooth finish spoons & forks – perfect hostess & cooking gifts, rustic kitchen decor",['eco-friendly'],2,Low,Likely Product,Not Sustainable
"Home Hero 44 Pcs Silicone Kitchen Utensils Set, Non-Stick Silicone Cooking Utensils Set with Spatula, Wooden Handle Spatula, Silicone Kitchen Gadgets Utensil Set (44 Pcs - Black)",4.3,4840,300+ bought in past month,https://www.amazon.com/Home-Hero-Silicone-Utensils-Non-Stick/dp/B0CT611W75/ref=sr_1_51?dib=eyJ2IjoiMSJ9.HjYUKwx5pLi3thT0DYHiw3Ka0QIKo2ShK4Ifi1CqcViqUEoIXZIg3AwZsCthRkyCE7nqwnkxUBQg-ZnGmURyx-nRqP8lONK4BAak5_FJ3DVhH16DU0pMAeamYPva6M_SzuP_vu5Z5rCZC6cG2IqR_pVLW72ikD_NeK4JPr4TEKaJsEdSFIIpQgkAdjibNxXWudn1tT-HQausKwrbMFe8ONU7gvHoOZyCNSAPl8H1gB--BPgwauM-svhfJzAsPVapjA9CsEhdru7YTSeGvQpFFqBGDpOwAUNVd800ftAhcCkCGWW70-KFqrhmOWOT1II1M4ketxRtwnI-_N0MKSalN4oO_BLBSsasYtH3RoQ-KLZsXZByPYMo1WuO9Y6TQ8Gp_7OH8UDSqJUK6H-fQKZDfiZhtrxSIWx5UsiAwA_vNWl_N0TP1ZWOzO06mILUCcq5.w2nO2pSbblgRLvQF4QZUtXCvDZiM1sWXv3iIoyiIcmg&dib_tag=se&keywords=eco+friendly+kitchen+utensils&qid=1741332997&sr=8-51,36.99,https://m.media-amazon.com/images/I/81b0IJBpwLL._AC_UL320_.jpg,"home hero 44 pcs silicone kitchen utensils set, non-stick silicone cooking utensils set with spatula, wooden handle spatula, silicone kitchen gadgets utensil set (44 pcs - black)",[],0,Low,Likely Product,Not Sustainable
Home Hero 54 Pcs Stainless Steel Kitchen Utensils Set - Nonstick Stainless Steel Cooking Utensils Set - Heat Resistant Kitchen Essentials & Metal Kitchen Gadgets (54 Pcs),4.3,6690,1K+ bought in past month,https://www.amazon.com/Home-Hero-Stainless-Utensil-Set/dp/B077BG4T9C/ref=sr_1_52?dib=eyJ2IjoiMSJ9.HjYUKwx5pLi3thT0DYHiw3Ka0QIKo2ShK4Ifi1CqcViqUEoIXZIg3AwZsCthRkyCE7nqwnkxUBQg-ZnGmURyx-nRqP8lONK4BAak5_FJ3DVhH16DU0pMAeamYPva6M_SzuP_vu5Z5rCZC6cG2IqR_pVLW72ikD_NeK4JPr4TEKaJsEdSFIIpQgkAdjibNxXWudn1tT-HQausKwrbMFe8ONU7gvHoOZyCNSAPl8H1gB--BPgwauM-svhfJzAsPVapjA9CsEhdru7YTSeGvQpFFqBGDpOwAUNVd800ftAhcCkCGWW70-KFqrhmOWOT1II1M4ketxRtwnI-_N0MKSalN4oO_BLBSsasYtH3RoQ-KLZsXZByPYMo1WuO9Y6TQ8Gp_7OH8UDSqJUK6H-fQKZDfiZhtrxSIWx5UsiAwA_vNWl_N0TP1ZWOzO06mILUCcq5.w2nO2pSbblgRLvQF4QZUtXCvDZiM1sWXv3iIoyiIcmg&dib_tag=se&keywords=eco+friendly+kitchen+utensils&qid=1741332997&sr=8-52,69.99,https://m.media-amazon.com/images/I/81Im3uC5HBL._AC_UL320_.jpg,home hero 54 pcs stainless steel kitchen utensils set - nonstick stainless steel cooking utensils set - heat resistant kitchen essentials & metal kitchen gadgets (54 pcs),[],0,Low,Likely Product,Not Sustainable
"Premium White Silicone Cooking Utensils Set - Non-Toxic, Comfortable Curved Handles, Larger Size, Dishwasher Safe, High-Performance Kitchen Tools for Family Use (White)",4.7,77,200+ bought in past month,https://www.amazon.com/Premium-White-Silicone-Cooking-Utensils/dp/B0D82LCKL1/ref=sr_1_53?dib=eyJ2IjoiMSJ9.HjYUKwx5pLi3thT0DYHiw3Ka0QIKo2ShK4Ifi1CqcViqUEoIXZIg3AwZsCthRkyCE7nqwnkxUBQg-ZnGmURyx-nRqP8lONK4BAak5_FJ3DVhH16DU0pMAeamYPva6M_SzuP_vu5Z5rCZC6cG2IqR_pVLW72ikD_NeK4JPr4TEKaJsEdSFIIpQgkAdjibNxXWudn1tT-HQausKwrbMFe8ONU7gvHoOZyCNSAPl8H1gB--BPgwauM-svhfJzAsPVapjA9CsEhdru7YTSeGvQpFFqBGDpOwAUNVd800ftAhcCkCGWW70-KFqrhmOWOT1II1M4ketxRtwnI-_N0MKSalN4oO_BLBSsasYtH3RoQ-KLZsXZByPYMo1WuO9Y6TQ8Gp_7OH8UDSqJUK6H-fQKZDfiZhtrxSIWx5UsiAwA_vNWl_N0TP1ZWOzO06mILUCcq5.w2nO2pSbblgRLvQF4QZUtXCvDZiM1sWXv3iIoyiIcmg&dib_tag=se&keywords=eco+friendly+kitchen+utensils&qid=1741332997&sr=8-53,26.98,https://m.media-amazon.com/images/I/61jCFINdP6L._AC_UL320_.jpg,"premium white silicone cooking utensils set - non-toxic, comfortable curved handles, larger size, dishwasher safe, high-performance kitchen tools for family use (white)",[],0,Low,Likely Product,Not Sustainable
"E-far Cooking Utensils Set of 6, Silicone Kitchen Utensils with Wooden Handle, Non-stick Cookware Friendly & Heat Resistant, Includes Spatula/Ladle/Slotted Turner/Serving Spoon/Spaghetti Server(Black)",4.6,2167,200+ bought in past month,https://www.amazon.com/Utensils-far-Non-stick-Resistant-Spaghetti/dp/B08ZXL4HRG/ref=sr_1_54?dib=eyJ2IjoiMSJ9.HjYUKwx5pLi3thT0DYHiw3Ka0QIKo2ShK4Ifi1CqcViqUEoIXZIg3AwZsCthRkyCE7nqwnkxUBQg-ZnGmURyx-nRqP8lONK4BAak5_FJ3DVhH16DU0pMAeamYPva6M_SzuP_vu5Z5rCZC6cG2IqR_pVLW72ikD_NeK4JPr4TEKaJsEdSFIIpQgkAdjibNxXWudn1tT-HQausKwrbMFe8ONU7gvHoOZyCNSAPl8H1gB--BPgwauM-svhfJzAsPVapjA9CsEhdru7YTSeGvQpFFqBGDpOwAUNVd800ftAhcCkCGWW70-KFqrhmOWOT1II1M4ketxRtwnI-_N0MKSalN4oO_BLBSsasYtH3RoQ-KLZsXZByPYMo1WuO9Y6TQ8Gp_7OH8UDSqJUK6H-fQKZDfiZhtrxSIWx5UsiAwA_vNWl_N0TP1ZWOzO06mILUCcq5.w2nO2pSbblgRLvQF4QZUtXCvDZiM1sWXv3iIoyiIcmg&dib_tag=se&keywords=eco+friendly+kitchen+utensils&qid=1741332997&sr=8-54,11.19,https://m.media-amazon.com/images/I/61ac1zyVe0S._AC_UL320_.jpg,"e-far cooking utensils set of 6, silicone kitchen utensils with wooden handle, non-stick cookware friendly & heat resistant, includes spatula/ladle/slotted turner/serving spoon/spaghetti server(black)",[],0,Low,Likely Product,Not Sustainable
"Silicone Cooking Utensils Set – 8 Functions in 2 Multifunctional Tools – BPA-Free, Non-Stick, Heat-Resistant, Space-Saving Design, Eco-Friendly, Dishwasher Safe – Kitchen Gadgets and Home Essentials",5.0,1,50+ bought in past month,https://www.amazon.com/Silicone-Cooking-Utensils-Multifunctional-Heat-Resistant/dp/B0DMG4RRRT/ref=sr_1_55?dib=eyJ2IjoiMSJ9.HjYUKwx5pLi3thT0DYHiw3Ka0QIKo2ShK4Ifi1CqcViqUEoIXZIg3AwZsCthRkyCE7nqwnkxUBQg-ZnGmURyx-nRqP8lONK4BAak5_FJ3DVhH16DU0pMAeamYPva6M_SzuP_vu5Z5rCZC6cG2IqR_pVLW72ikD_NeK4JPr4TEKaJsEdSFIIpQgkAdjibNxXWudn1tT-HQausKwrbMFe8ONU7gvHoOZyCNSAPl8H1gB--BPgwauM-svhfJzAsPVapjA9CsEhdru7YTSeGvQpFFqBGDpOwAUNVd800ftAhcCkCGWW70-KFqrhmOWOT1II1M4ketxRtwnI-_N0MKSalN4oO_BLBSsasYtH3RoQ-KLZsXZByPYMo1WuO9Y6TQ8Gp_7OH8UDSqJUK6H-fQKZDfiZhtrxSIWx5UsiAwA_vNWl_N0TP1ZWOzO06mILUCcq5.w2nO2pSbblgRLvQF4QZUtXCvDZiM1sWXv3iIoyiIcmg&dib_tag=se&keywords=eco+friendly+kitchen+utensils&qid=1741332997&sr=8-55,16.99,https://m.media-amazon.com/images/I/71DeChw8iDL._AC_UL320_.jpg,"silicone cooking utensils set – 8 functions in 2 multifunctional tools – bpa-free, non-stick, heat-resistant, space-saving design, eco-friendly, dishwasher safe – kitchen gadgets and home essentials",['eco-friendly'],2,Low,Likely Product,Not Sustainable
"CORAL Ivory White 100% Compostable Spoons & Forks Set 220 Pieces - No Plastic Cutlery 110 Forks, 110 Soup Spoons - Break-Resistant with Smooth Edges, Ocean Friendly Alternative to Plastic Utensils",4.8,21,50+ bought in past month,https://www.amazon.com/s?k=eco+friendly+kitchen+utensils#,16.99,https://m.media-amazon.com/images/I/812sz940hKL._AC_UL320_.jpg,"coral ivory white 100% compostable spoons & forks set 220 pieces - no plastic cutlery 110 forks, 110 soup spoons - break-resistant with smooth edges, ocean friendly alternative to plastic utensils",['compostable'],3,Moderate,Likely Product,Potentially Sustainable
"ECOLipak 100% Compostable Forks 150 Pack, 7 Inch Large Size Biodegradable Disposable Cutlery Forks, Heavy Duty Bio based CPLA Utensils for Party, BBQ, Picnic",4.5,318,50+ bought in past month,https://www.amazon.com/s?k=eco+friendly+kitchen+utensils#,16.99,https://m.media-amazon.com/images/I/615k1DfSybL._AC_UL320_.jpg,"ecolipak 100% compostable forks 150 pack, 7 inch large size biodegradable disposable cutlery forks, heavy duty bio based cpla utensils for party, bbq, picnic","['biodegradable', 'compostable']",6,Strong,Likely Product,Sustainable
"300 Count Clear Plastic Spoons Disposable, BPA-Free, Heat Resistant, Solid and Durable Disposable Spoons Heavy Duty Bulk, Premium Spoons plastic disposable for Party Supply",4.7,82,1K+ bought in past month,https://www.amazon.com/s?k=eco+friendly+kitchen+utensils#,16.99,https://m.media-amazon.com/images/I/61+Cg4u2MOL._AC_UL320_.jpg,"300 count clear plastic spoons disposable, bpa-free, heat resistant, solid and durable disposable spoons heavy duty bulk, premium spoons plastic disposable for party supply",[],0,Low,Likely Product,Not Sustainable
"GreenWorks 300 Count 7"" Heavy-duty Compostable Cutlery Set,100 Forks 100 Spoons 100 Knives,BPI Certified Large t Disposable Bio-based Cutlery",4.7,346,100+ bought in past month,https://www.amazon.com/s?k=eco+friendly+kitchen+utensils#,16.99,https://m.media-amazon.com/images/I/61Gaz1CVMmL._AC_UL320_.jpg,"greenworks 300 count 7"" heavy-duty compostable cutlery set,100 forks 100 spoons 100 knives,bpi certified large t disposable bio-based cutlery","['compostable', 'bpi certified']",5,Moderate,Likely Product,Potentially Sustainable
Xiaoxuemeng Womens Baggy Wide Leg Pants Casual Elastic Waisted Palazzo Harem Pants with Pockets,4.1,623,100+ bought in past month,https://www.amazon.com/s?k=sustainable+clothing#,16.99,https://m.media-amazon.com/images/I/81VA2qng6WL._AC_UL320_.jpg,xiaoxuemeng womens baggy wide leg pants casual elastic waisted palazzo harem pants with pockets,[],0,Low,Likely Product,Not Sustainable
HonestBaby unisex-baby 5-pack Short Sleeve T-shirts 100% Organic Cotton,4.5,2844,50+ bought in past month,https://www.amazon.com/HonestBaby-Multipack-Organic-Toddler-Toddler-t-Shirts/dp/B0CP33B86C/ref=sr_1_2?dib=eyJ2IjoiMSJ9.HDlgrrbnKakV21YEmQR-dvvGovzgmWD_xB5-wsKaPfDE9WeYGRNGyVm1E1TrX7mFSfYwej45hGLduN0v7JGv5_EysE1SFEjh28-3R0QoZyL_14v0T5k-ei3n4uE5emUObR4pGlZz-GpvGqplChXyzMVafKY52jc9vZjvV-uSFV-zw16XVJmt1uAYU_CaE2u-ovfvyXLZ99xFHGP4HNmq0ey06A5T3ARdmpskh6fCMxLCx7bI-7SMkRSw7AHBRLX1RClZFjE9EBXPE3PRltmLFgjM1EEVir35Y9sisoXiiVVxWOUYzMWw7AJmjs5afBGdsP5ohSe5YxVAHarriunB-zGc6RnhaslMUm4cWEWKaadGjBxMyI-BhcRzgwg8J4oocvzB2U85U9jFoQbv029E7RSm2Gx9w0sLI3uAgAru6Cw6ghFA9SCiVMsqKCjENy3c.ayscLOGNdfA22YlAb8-1DD_Awh4RkfXj36qAvXQ_Wqk&dib_tag=se&keywords=sustainable+clothing&qid=1741333124&sr=8-2,16.99,https://m.media-amazon.com/images/I/71uEFLX0J4L._AC_UL320_.jpg,honestbaby unisex-baby 5-pack short sleeve t-shirts 100% organic cotton,['organic'],2,Low,Likely Product,Not Sustainable
CIDER Women’s Palazzo Wide Leg Lounge Pants Casual Loose Fit Comfy Boho Ruffle Pants,3.8,43,50+ bought in past month,https://www.amazon.com/CIDER-Solid-Jersey-Ruffle-Trousers/dp/B0CWK46PZ3/ref=sr_1_3?dib=eyJ2IjoiMSJ9.HDlgrrbnKakV21YEmQR-dvvGovzgmWD_xB5-wsKaPfDE9WeYGRNGyVm1E1TrX7mFSfYwej45hGLduN0v7JGv5_EysE1SFEjh28-3R0QoZyL_14v0T5k-ei3n4uE5emUObR4pGlZz-GpvGqplChXyzMVafKY52jc9vZjvV-uSFV-zw16XVJmt1uAYU_CaE2u-ovfvyXLZ99xFHGP4HNmq0ey06A5T3ARdmpskh6fCMxLCx7bI-7SMkRSw7AHBRLX1RClZFjE9EBXPE3PRltmLFgjM1EEVir35Y9sisoXiiVVxWOUYzMWw7AJmjs5afBGdsP5ohSe5YxVAHarriunB-zGc6RnhaslMUm4cWEWKaadGjBxMyI-BhcRzgwg8J4oocvzB2U85U9jFoQbv029E7RSm2Gx9w0sLI3uAgAru6Cw6ghFA9SCiVMsqKCjENy3c.ayscLOGNdfA22YlAb8-1DD_Awh4RkfXj36qAvXQ_Wqk&dib_tag=se&keywords=sustainable+clothing&qid=1741333124&sr=8-3,16.99,https://m.media-amazon.com/images/I/61PsSv0TxzL._AC_UL320_.jpg,cider women’s palazzo wide leg lounge pants casual loose fit comfy boho ruffle pants,[],0,Low,Likely Product,Not Sustainable
YESNO Women Casual Loose Long Bib Pants Wide Leg Jumpsuits Baggy Cotton Rompers Overalls with Pockets PZZTYP2,4.3,24664,200+ bought in past month,https://www.amazon.com/YESNO-Boyfriend-Cropped-Jumpsuits-Rompers/dp/B07QTZZLXK/ref=sr_1_5?dib=eyJ2IjoiMSJ9.HDlgrrbnKakV21YEmQR-dvvGovzgmWD_xB5-wsKaPfDE9WeYGRNGyVm1E1TrX7mFSfYwej45hGLduN0v7JGv5_EysE1SFEjh28-3R0QoZyL_14v0T5k-ei3n4uE5emUObR4pGlZz-GpvGqplChXyzMVafKY52jc9vZjvV-uSFV-zw16XVJmt1uAYU_CaE2u-ovfvyXLZ99xFHGP4HNmq0ey06A5T3ARdmpskh6fCMxLCx7bI-7SMkRSw7AHBRLX1RClZFjE9EBXPE3PRltmLFgjM1EEVir35Y9sisoXiiVVxWOUYzMWw7AJmjs5afBGdsP5ohSe5YxVAHarriunB-zGc6RnhaslMUm4cWEWKaadGjBxMyI-BhcRzgwg8J4oocvzB2U85U9jFoQbv029E7RSm2Gx9w0sLI3uAgAru6Cw6ghFA9SCiVMsqKCjENy3c.ayscLOGNdfA22YlAb8-1DD_Awh4RkfXj36qAvXQ_Wqk&dib_tag=se&keywords=sustainable+clothing&qid=1741333124&sr=8-5,16.99,https://m.media-amazon.com/images/I/51thgg2eLsL._AC_UL320_.jpg,yesno women casual loose long bib pants wide leg jumpsuits baggy cotton rompers overalls with pockets pzztyp2,[],0,Low,Likely Product,Not Sustainable
BAMBOO COOL Womens Bamboo Boxer Briefs Underwear Soft Stretch Boy Shorts Panties for Women,4.4,712,50+ bought in past month,https://www.amazon.com/BAMBOO-COOL-Underwear-Stretch-Panties/dp/B0C4KXXVLC/ref=sr_1_6?dib=eyJ2IjoiMSJ9.HDlgrrbnKakV21YEmQR-dvvGovzgmWD_xB5-wsKaPfDE9WeYGRNGyVm1E1TrX7mFSfYwej45hGLduN0v7JGv5_EysE1SFEjh28-3R0QoZyL_14v0T5k-ei3n4uE5emUObR4pGlZz-GpvGqplChXyzMVafKY52jc9vZjvV-uSFV-zw16XVJmt1uAYU_CaE2u-ovfvyXLZ99xFHGP4HNmq0ey06A5T3ARdmpskh6fCMxLCx7bI-7SMkRSw7AHBRLX1RClZFjE9EBXPE3PRltmLFgjM1EEVir35Y9sisoXiiVVxWOUYzMWw7AJmjs5afBGdsP5ohSe5YxVAHarriunB-zGc6RnhaslMUm4cWEWKaadGjBxMyI-BhcRzgwg8J4oocvzB2U85U9jFoQbv029E7RSm2Gx9w0sLI3uAgAru6Cw6ghFA9SCiVMsqKCjENy3c.ayscLOGNdfA22YlAb8-1DD_Awh4RkfXj36qAvXQ_Wqk&dib_tag=se&keywords=sustainable+clothing&qid=1741333124&sr=8-6,16.99,https://m.media-amazon.com/images/I/61bwjzK-1eL._AC_UL320_.jpg,bamboo cool womens bamboo boxer briefs underwear soft stretch boy shorts panties for women,['bamboo'],1,Low,Likely Product,Not Sustainable
Soojun Women's Cotton Linen Round Collar Boxy Top Patchwork Blouses,4.1,5489,50+ bought in past month,https://www.amazon.com/Soojun-Womens-Collar-Patchwork-Blouses/dp/B07GZ6JC4Z/ref=sr_1_7?dib=eyJ2IjoiMSJ9.HDlgrrbnKakV21YEmQR-dvvGovzgmWD_xB5-wsKaPfDE9WeYGRNGyVm1E1TrX7mFSfYwej45hGLduN0v7JGv5_EysE1SFEjh28-3R0QoZyL_14v0T5k-ei3n4uE5emUObR4pGlZz-GpvGqplChXyzMVafKY52jc9vZjvV-uSFV-zw16XVJmt1uAYU_CaE2u-ovfvyXLZ99xFHGP4HNmq0ey06A5T3ARdmpskh6fCMxLCx7bI-7SMkRSw7AHBRLX1RClZFjE9EBXPE3PRltmLFgjM1EEVir35Y9sisoXiiVVxWOUYzMWw7AJmjs5afBGdsP5ohSe5YxVAHarriunB-zGc6RnhaslMUm4cWEWKaadGjBxMyI-BhcRzgwg8J4oocvzB2U85U9jFoQbv029E7RSm2Gx9w0sLI3uAgAru6Cw6ghFA9SCiVMsqKCjENy3c.ayscLOGNdfA22YlAb8-1DD_Awh4RkfXj36qAvXQ_Wqk&dib_tag=se&keywords=sustainable+clothing&qid=1741333124&sr=8-7,16.99,https://m.media-amazon.com/images/I/61ybCRBJnRL._AC_UL320_.jpg,soojun women's cotton linen round collar boxy top patchwork blouses,[],0,Low,Likely Product,Not Sustainable
Joob Boho Pants for Women - Hippie Harem Pants Women - Womens Yoga Pants – Comfy Bohemian Flowy Hippie Clothes,4.1,14866,300+ bought in past month,https://www.amazon.com/Joob-Womens-Flowy-Boho-Pants/dp/B076KPPHJT/ref=sr_1_8?dib=eyJ2IjoiMSJ9.HDlgrrbnKakV21YEmQR-dvvGovzgmWD_xB5-wsKaPfDE9WeYGRNGyVm1E1TrX7mFSfYwej45hGLduN0v7JGv5_EysE1SFEjh28-3R0QoZyL_14v0T5k-ei3n4uE5emUObR4pGlZz-GpvGqplChXyzMVafKY52jc9vZjvV-uSFV-zw16XVJmt1uAYU_CaE2u-ovfvyXLZ99xFHGP4HNmq0ey06A5T3ARdmpskh6fCMxLCx7bI-7SMkRSw7AHBRLX1RClZFjE9EBXPE3PRltmLFgjM1EEVir35Y9sisoXiiVVxWOUYzMWw7AJmjs5afBGdsP5ohSe5YxVAHarriunB-zGc6RnhaslMUm4cWEWKaadGjBxMyI-BhcRzgwg8J4oocvzB2U85U9jFoQbv029E7RSm2Gx9w0sLI3uAgAru6Cw6ghFA9SCiVMsqKCjENy3c.ayscLOGNdfA22YlAb8-1DD_Awh4RkfXj36qAvXQ_Wqk&dib_tag=se&keywords=sustainable+clothing&qid=1741333124&sr=8-8,16.99,https://m.media-amazon.com/images/I/71165ANpLcL._AC_UL320_.jpg,joob boho pants for women - hippie harem pants women - womens yoga pants – comfy bohemian flowy hippie clothes,[],0,Low,Likely Product,Not Sustainable
ANRABESS Women's Summer Casual Rompers Bib Short Overalls Loose Linen Jumpsuit Beach Outfits Travel Vacation Clothes,4.2,3063,100+ bought in past month,https://www.amazon.com/ANRABESS-Overalls-Adjustable-Jumpsuit-975hulv-M/dp/B0C1YLNH3Z/ref=sr_1_9?dib=eyJ2IjoiMSJ9.HDlgrrbnKakV21YEmQR-dvvGovzgmWD_xB5-wsKaPfDE9WeYGRNGyVm1E1TrX7mFSfYwej45hGLduN0v7JGv5_EysE1SFEjh28-3R0QoZyL_14v0T5k-ei3n4uE5emUObR4pGlZz-GpvGqplChXyzMVafKY52jc9vZjvV-uSFV-zw16XVJmt1uAYU_CaE2u-ovfvyXLZ99xFHGP4HNmq0ey06A5T3ARdmpskh6fCMxLCx7bI-7SMkRSw7AHBRLX1RClZFjE9EBXPE3PRltmLFgjM1EEVir35Y9sisoXiiVVxWOUYzMWw7AJmjs5afBGdsP5ohSe5YxVAHarriunB-zGc6RnhaslMUm4cWEWKaadGjBxMyI-BhcRzgwg8J4oocvzB2U85U9jFoQbv029E7RSm2Gx9w0sLI3uAgAru6Cw6ghFA9SCiVMsqKCjENy3c.ayscLOGNdfA22YlAb8-1DD_Awh4RkfXj36qAvXQ_Wqk&dib_tag=se&keywords=sustainable+clothing&qid=1741333124&sr=8-9,16.99,https://m.media-amazon.com/images/I/71bZ4dRrrKL._AC_UL320_.jpg,anrabess women's summer casual rompers bib short overalls loose linen jumpsuit beach outfits travel vacation clothes,[],0,Low,Likely Product,Not Sustainable
Fishers Finery Women's Ecofabric Short Sleeve V-Neck Tee; Relaxed Fit,4.4,429,50+ bought in past month,https://www.amazon.com/Fishers-Finery-Neck-Shirt-Women/dp/B017OAU92M/ref=sr_1_10?dib=eyJ2IjoiMSJ9.HDlgrrbnKakV21YEmQR-dvvGovzgmWD_xB5-wsKaPfDE9WeYGRNGyVm1E1TrX7mFSfYwej45hGLduN0v7JGv5_EysE1SFEjh28-3R0QoZyL_14v0T5k-ei3n4uE5emUObR4pGlZz-GpvGqplChXyzMVafKY52jc9vZjvV-uSFV-zw16XVJmt1uAYU_CaE2u-ovfvyXLZ99xFHGP4HNmq0ey06A5T3ARdmpskh6fCMxLCx7bI-7SMkRSw7AHBRLX1RClZFjE9EBXPE3PRltmLFgjM1EEVir35Y9sisoXiiVVxWOUYzMWw7AJmjs5afBGdsP5ohSe5YxVAHarriunB-zGc6RnhaslMUm4cWEWKaadGjBxMyI-BhcRzgwg8J4oocvzB2U85U9jFoQbv029E7RSm2Gx9w0sLI3uAgAru6Cw6ghFA9SCiVMsqKCjENy3c.ayscLOGNdfA22YlAb8-1DD_Awh4RkfXj36qAvXQ_Wqk&dib_tag=se&keywords=sustainable+clothing&qid=1741333124&sr=8-10,16.99,https://m.media-amazon.com/images/I/61HAi+XxnUL._AC_UL320_.jpg,fishers finery women's ecofabric short sleeve v-neck tee; relaxed fit,[],0,Low,Likely Product,Not Sustainable
YESNO Women's Summer Boho Casual Jumpsuits Wide Leg Overalls Floral Print Baggy Rompers with Pocket PZZCR,4.2,2416,300+ bought in past month,https://www.amazon.com/YESNO-Jumpsuits-Overalls-Rompers-PZZCR/dp/B0C5X2H8TF/ref=sr_1_11?dib=eyJ2IjoiMSJ9.HDlgrrbnKakV21YEmQR-dvvGovzgmWD_xB5-wsKaPfDE9WeYGRNGyVm1E1TrX7mFSfYwej45hGLduN0v7JGv5_EysE1SFEjh28-3R0QoZyL_14v0T5k-ei3n4uE5emUObR4pGlZz-GpvGqplChXyzMVafKY52jc9vZjvV-uSFV-zw16XVJmt1uAYU_CaE2u-ovfvyXLZ99xFHGP4HNmq0ey06A5T3ARdmpskh6fCMxLCx7bI-7SMkRSw7AHBRLX1RClZFjE9EBXPE3PRltmLFgjM1EEVir35Y9sisoXiiVVxWOUYzMWw7AJmjs5afBGdsP5ohSe5YxVAHarriunB-zGc6RnhaslMUm4cWEWKaadGjBxMyI-BhcRzgwg8J4oocvzB2U85U9jFoQbv029E7RSm2Gx9w0sLI3uAgAru6Cw6ghFA9SCiVMsqKCjENy3c.ayscLOGNdfA22YlAb8-1DD_Awh4RkfXj36qAvXQ_Wqk&dib_tag=se&keywords=sustainable+clothing&qid=1741333124&sr=8-11,16.99,https://m.media-amazon.com/images/I/71B+vs3G9gL._AC_UL320_.jpg,yesno women's summer boho casual jumpsuits wide leg overalls floral print baggy rompers with pocket pzzcr,[],0,Low,Likely Product,Not Sustainable
OQQ Women's 3 Piece Tank Tops Strappy Sleeveless Square Neck Stretch Tee Shirts Crop Camis,4.4,740,50+ bought in past month,https://www.amazon.com/OQQ-Strappy-Sleeveless-Stretch-Camis/dp/B0CP6SLRWC/ref=sr_1_12?dib=eyJ2IjoiMSJ9.HDlgrrbnKakV21YEmQR-dvvGovzgmWD_xB5-wsKaPfDE9WeYGRNGyVm1E1TrX7mFSfYwej45hGLduN0v7JGv5_EysE1SFEjh28-3R0QoZyL_14v0T5k-ei3n4uE5emUObR4pGlZz-GpvGqplChXyzMVafKY52jc9vZjvV-uSFV-zw16XVJmt1uAYU_CaE2u-ovfvyXLZ99xFHGP4HNmq0ey06A5T3ARdmpskh6fCMxLCx7bI-7SMkRSw7AHBRLX1RClZFjE9EBXPE3PRltmLFgjM1EEVir35Y9sisoXiiVVxWOUYzMWw7AJmjs5afBGdsP5ohSe5YxVAHarriunB-zGc6RnhaslMUm4cWEWKaadGjBxMyI-BhcRzgwg8J4oocvzB2U85U9jFoQbv029E7RSm2Gx9w0sLI3uAgAru6Cw6ghFA9SCiVMsqKCjENy3c.ayscLOGNdfA22YlAb8-1DD_Awh4RkfXj36qAvXQ_Wqk&dib_tag=se&keywords=sustainable+clothing&qid=1741333124&sr=8-12,16.99,https://m.media-amazon.com/images/I/71sFCQAhrdL._AC_UL320_.jpg,oqq women's 3 piece tank tops strappy sleeveless square neck stretch tee shirts crop camis,[],0,Low,Likely Product,Not Sustainable
Women Mountain Adventure Workout Tanks Hiking Camping Graphic Athletic Sleeveless Funny Tee Tops,4.6,1725,50+ bought in past month,https://www.amazon.com/Adventure-Mountain-Graphic-Camping-Clothes/dp/B09W22DYJ4/ref=sr_1_13?dib=eyJ2IjoiMSJ9.HDlgrrbnKakV21YEmQR-dvvGovzgmWD_xB5-wsKaPfDE9WeYGRNGyVm1E1TrX7mFSfYwej45hGLduN0v7JGv5_EysE1SFEjh28-3R0QoZyL_14v0T5k-ei3n4uE5emUObR4pGlZz-GpvGqplChXyzMVafKY52jc9vZjvV-uSFV-zw16XVJmt1uAYU_CaE2u-ovfvyXLZ99xFHGP4HNmq0ey06A5T3ARdmpskh6fCMxLCx7bI-7SMkRSw7AHBRLX1RClZFjE9EBXPE3PRltmLFgjM1EEVir35Y9sisoXiiVVxWOUYzMWw7AJmjs5afBGdsP5ohSe5YxVAHarriunB-zGc6RnhaslMUm4cWEWKaadGjBxMyI-BhcRzgwg8J4oocvzB2U85U9jFoQbv029E7RSm2Gx9w0sLI3uAgAru6Cw6ghFA9SCiVMsqKCjENy3c.ayscLOGNdfA22YlAb8-1DD_Awh4RkfXj36qAvXQ_Wqk&dib_tag=se&keywords=sustainable+clothing&qid=1741333124&sr=8-13,16.99,https://m.media-amazon.com/images/I/71x+pVAO2GL._AC_UL320_.jpg,women mountain adventure workout tanks hiking camping graphic athletic sleeveless funny tee tops,[],0,Low,Likely Product,Not Sustainable
Sunzel Womens Flare Leggings No Front Seam Flare Yoga Pants with Tummy Control Crossover High Waist and Wide Leg,4.3,11332,100+ bought in past month,https://www.amazon.com/Sunzel-Leggings-Crossover-Control-Waisted/dp/B0BWH7LTLJ/ref=sr_1_14?dib=eyJ2IjoiMSJ9.HDlgrrbnKakV21YEmQR-dvvGovzgmWD_xB5-wsKaPfDE9WeYGRNGyVm1E1TrX7mFSfYwej45hGLduN0v7JGv5_EysE1SFEjh28-3R0QoZyL_14v0T5k-ei3n4uE5emUObR4pGlZz-GpvGqplChXyzMVafKY52jc9vZjvV-uSFV-zw16XVJmt1uAYU_CaE2u-ovfvyXLZ99xFHGP4HNmq0ey06A5T3ARdmpskh6fCMxLCx7bI-7SMkRSw7AHBRLX1RClZFjE9EBXPE3PRltmLFgjM1EEVir35Y9sisoXiiVVxWOUYzMWw7AJmjs5afBGdsP5ohSe5YxVAHarriunB-zGc6RnhaslMUm4cWEWKaadGjBxMyI-BhcRzgwg8J4oocvzB2U85U9jFoQbv029E7RSm2Gx9w0sLI3uAgAru6Cw6ghFA9SCiVMsqKCjENy3c.ayscLOGNdfA22YlAb8-1DD_Awh4RkfXj36qAvXQ_Wqk&dib_tag=se&keywords=sustainable+clothing&qid=1741333124&sr=8-14,16.99,https://m.media-amazon.com/images/I/61837KkHFrL._AC_UL320_.jpg,sunzel womens flare leggings no front seam flare yoga pants with tummy control crossover high waist and wide leg,[],0,Low,Likely Product,Not Sustainable
"Hanes Women's Ecosmart V-Notch Crewneck Sweatshirt, Fleece Pullover Sweatshirt For Women",4.3,67777,700+ bought in past month,https://www.amazon.com/womens-Ecosmart-Crewneck-Sweatshirt-Medium/dp/B01I8JLJRC/ref=sr_1_15?dib=eyJ2IjoiMSJ9.HDlgrrbnKakV21YEmQR-dvvGovzgmWD_xB5-wsKaPfDE9WeYGRNGyVm1E1TrX7mFSfYwej45hGLduN0v7JGv5_EysE1SFEjh28-3R0QoZyL_14v0T5k-ei3n4uE5emUObR4pGlZz-GpvGqplChXyzMVafKY52jc9vZjvV-uSFV-zw16XVJmt1uAYU_CaE2u-ovfvyXLZ99xFHGP4HNmq0ey06A5T3ARdmpskh6fCMxLCx7bI-7SMkRSw7AHBRLX1RClZFjE9EBXPE3PRltmLFgjM1EEVir35Y9sisoXiiVVxWOUYzMWw7AJmjs5afBGdsP5ohSe5YxVAHarriunB-zGc6RnhaslMUm4cWEWKaadGjBxMyI-BhcRzgwg8J4oocvzB2U85U9jFoQbv029E7RSm2Gx9w0sLI3uAgAru6Cw6ghFA9SCiVMsqKCjENy3c.ayscLOGNdfA22YlAb8-1DD_Awh4RkfXj36qAvXQ_Wqk&dib_tag=se&keywords=sustainable+clothing&qid=1741333124&sr=8-15,16.99,https://m.media-amazon.com/images/I/716DeQPeSPL._AC_UL320_.jpg,"hanes women's ecosmart v-notch crewneck sweatshirt, fleece pullover sweatshirt for women",[],0,Low,Likely Product,Not Sustainable
YMI Women’s Sustainable Wannabettabutt Low Rise Wide Leg Jeans,3.9,29,50+ bought in past month,https://www.amazon.com/YMI-Womens-Sustainable-Wannabettabutt-Jeans/dp/B0CDQZ4ZH9/ref=sr_1_16?dib=eyJ2IjoiMSJ9.HDlgrrbnKakV21YEmQR-dvvGovzgmWD_xB5-wsKaPfDE9WeYGRNGyVm1E1TrX7mFSfYwej45hGLduN0v7JGv5_EysE1SFEjh28-3R0QoZyL_14v0T5k-ei3n4uE5emUObR4pGlZz-GpvGqplChXyzMVafKY52jc9vZjvV-uSFV-zw16XVJmt1uAYU_CaE2u-ovfvyXLZ99xFHGP4HNmq0ey06A5T3ARdmpskh6fCMxLCx7bI-7SMkRSw7AHBRLX1RClZFjE9EBXPE3PRltmLFgjM1EEVir35Y9sisoXiiVVxWOUYzMWw7AJmjs5afBGdsP5ohSe5YxVAHarriunB-zGc6RnhaslMUm4cWEWKaadGjBxMyI-BhcRzgwg8J4oocvzB2U85U9jFoQbv029E7RSm2Gx9w0sLI3uAgAru6Cw6ghFA9SCiVMsqKCjENy3c.ayscLOGNdfA22YlAb8-1DD_Awh4RkfXj36qAvXQ_Wqk&dib_tag=se&keywords=sustainable+clothing&qid=1741333124&sr=8-16,16.99,https://m.media-amazon.com/images/I/81WvlGvy6-L._AC_UL320_.jpg,ymi women’s sustainable wannabettabutt low rise wide leg jeans,['sustainable'],2,Low,Likely Product,Not Sustainable
siliteelon Linen Shirts Button Down Shirts for Women Long Sleeve Summer Shirt Casual Beach Work Collared Cotton Linen Tops,4.6,16,50+ bought in past month,https://www.amazon.com/s?k=sustainable+clothing#,16.99,https://m.media-amazon.com/images/I/71RJY4Nj7GL._AC_UL320_.jpg,siliteelon linen shirts button down shirts for women long sleeve summer shirt casual beach work collared cotton linen tops,[],0,Low,Likely Product,Not Sustainable
Smile Fish Women Crewneck Loose Fit Tunic Tops Short Sleeve Dressy Casual Summer Long Tee Shirts,4.3,79,50+ bought in past month,https://www.amazon.com/s?k=sustainable+clothing#,16.99,https://m.media-amazon.com/images/I/71xzkao4sBL._AC_UL320_.jpg,smile fish women crewneck loose fit tunic tops short sleeve dressy casual summer long tee shirts,[],0,Low,Likely Product,Not Sustainable
Libin Women's Cargo Joggers Lightweight Quick Dry Hiking Pants Athletic Lounge Casual Travel Petite/Regular/Tall,4.4,17920,50+ bought in past month,https://www.amazon.com/s?k=sustainable+clothing#,16.99,https://m.media-amazon.com/images/I/71FsoZne+oL._AC_UL320_.jpg,libin women's cargo joggers lightweight quick dry hiking pants athletic lounge casual travel petite/regular/tall,[],0,Low,Likely Product,Not Sustainable
Karlywindow Womens Long Sleeve Button Down Cotton Linen Shirt Blouse Loose Fit Casual V-Neck Tops,3.8,7086,100+ bought in past month,https://www.amazon.com/s?k=sustainable+clothing#,16.99,https://m.media-amazon.com/images/I/61csi78OImL._AC_UL320_.jpg,karlywindow womens long sleeve button down cotton linen shirt blouse loose fit casual v-neck tops,[],0,Low,Likely Product,Not Sustainable
ANRABESS Women Linen Pants Casual Loose High Waist Boho Wide Leg Cropped Palazzo Beach Pants Summer Outfits 2025 Trendy,3.9,2609,800+ bought in past month,https://www.amazon.com/s?k=sustainable+clothing#,16.99,https://m.media-amazon.com/images/I/71qxV015kLL._AC_UL320_.jpg,anrabess women linen pants casual loose high waist boho wide leg cropped palazzo beach pants summer outfits 2025 trendy,[],0,Low,Likely Product,Not Sustainable
Real Essentials 3 Pack: Women's Ultra-Soft Lounge Joggers Sweatpants Athletic Yoga Pants with Pockets (Available in Plus),4.2,10472,200+ bought in past month,https://www.amazon.com/s?k=sustainable+clothing#,16.99,https://m.media-amazon.com/images/I/71S6rC3n4sL._AC_UL320_.jpg,real essentials 3 pack: women's ultra-soft lounge joggers sweatpants athletic yoga pants with pockets (available in plus),[],0,Low,Likely Product,Not Sustainable
FUNYYZO Women's Loose Pleated Front Long Pants Wide Leg Trousers Solid Causal Dressy,4.3,216,50+ bought in past month,https://www.amazon.com/s?k=sustainable+clothing#,16.99,https://m.media-amazon.com/images/I/61I6pSIgNRL._AC_UL320_.jpg,funyyzo women's loose pleated front long pants wide leg trousers solid causal dressy,[],0,Low,Likely Product,Not Sustainable
YESNO Women's Casual Corduroy Overalls Adjustable Straps Baggy Pants Wide Leg Jumpsuits with Pockets PC2,4.4,344,100+ bought in past month,https://www.amazon.com/s?k=sustainable+clothing#,16.99,https://m.media-amazon.com/images/I/61mFZpyjCdL._AC_UL320_.jpg,yesno women's casual corduroy overalls adjustable straps baggy pants wide leg jumpsuits with pockets pc2,[],0,Low,Likely Product,Not Sustainable
OEAK Womens Push Up Everyday Bras Comfortable Wireless Bralettes V Neck Seamless Bra Smooth Brassiere Wire Free Basic Bras,4.1,1025,2K+ bought in past month,https://www.amazon.com/s?k=sustainable+clothing#,16.99,https://m.media-amazon.com/images/I/613xYKKe6eL._AC_UL320_.jpg,oeak womens push up everyday bras comfortable wireless bralettes v neck seamless bra smooth brassiere wire free basic bras,[],0,Low,Likely Product,Not Sustainable
SANTINY Women's Golf Skirts Skorts High Waisted Tennis Skirt Athletic Workout Casual Skorts for Woman with Short Pockets,4.2,246,50+ bought in past month,https://www.amazon.com/s?k=sustainable+clothing#,16.99,https://m.media-amazon.com/images/I/71tWQbjFTBL._AC_UL320_.jpg,santiny women's golf skirts skorts high waisted tennis skirt athletic workout casual skorts for woman with short pockets,[],0,Low,Likely Product,Not Sustainable
SAMPEEL Women's Casual Shirts Twist Knot Tunics Tops,4.3,29068,50+ bought in past month,https://www.amazon.com/s?k=sustainable+clothing#,16.99,https://m.media-amazon.com/images/I/61Q15hh+FRL._AC_UL320_.jpg,sampeel women's casual shirts twist knot tunics tops,[],0,Low,Likely Product,Not Sustainable
YESNO Women's Casual Corduroy Overalls Sleeveless Adjustable Straps Loose Harem Bib Jumpsuits for Women with Pockets PCL,4.2,144,50+ bought in past month,https://www.amazon.com/YESNO-Corduroy-Sleeveless-Adjustable-Jumpsuits/dp/B0D9P4XHKZ/ref=sr_1_36?dib=eyJ2IjoiMSJ9.HDlgrrbnKakV21YEmQR-dvvGovzgmWD_xB5-wsKaPfDE9WeYGRNGyVm1E1TrX7mFSfYwej45hGLduN0v7JGv5_EysE1SFEjh28-3R0QoZyL_14v0T5k-ei3n4uE5emUObR4pGlZz-GpvGqplChXyzMVafKY52jc9vZjvV-uSFV-zw16XVJmt1uAYU_CaE2u-ovfvyXLZ99xFHGP4HNmq0ey06A5T3ARdmpskh6fCMxLCx7bI-7SMkRSw7AHBRLX1RClZFjE9EBXPE3PRltmLFgjM1EEVir35Y9sisoXiiVVxWOUYzMWw7AJmjs5afBGdsP5ohSe5YxVAHarriunB-zGc6RnhaslMUm4cWEWKaadGjBxMyI-BhcRzgwg8J4oocvzB2U85U9jFoQbv029E7RSm2Gx9w0sLI3uAgAru6Cw6ghFA9SCiVMsqKCjENy3c.ayscLOGNdfA22YlAb8-1DD_Awh4RkfXj36qAvXQ_Wqk&dib_tag=se&keywords=sustainable+clothing&qid=1741333124&sr=8-36,16.99,https://m.media-amazon.com/images/I/61uSDdJ2VsL._AC_UL320_.jpg,yesno women's casual corduroy overalls sleeveless adjustable straps loose harem bib jumpsuits for women with pockets pcl,[],0,Low,Likely Product,Not Sustainable
Little Planet by Carter's Baby Organic Signature Stitch Cardigan,4.8,573,100+ bought in past month,https://www.amazon.com/little-planet-carters-unisex-baby-Signature/dp/B0CQD2WF2L/ref=sr_1_41?dib=eyJ2IjoiMSJ9.HDlgrrbnKakV21YEmQR-dvvGovzgmWD_xB5-wsKaPfDE9WeYGRNGyVm1E1TrX7mFSfYwej45hGLduN0v7JGv5_EysE1SFEjh28-3R0QoZyL_14v0T5k-ei3n4uE5emUObR4pGlZz-GpvGqplChXyzMVafKY52jc9vZjvV-uSFV-zw16XVJmt1uAYU_CaE2u-ovfvyXLZ99xFHGP4HNmq0ey06A5T3ARdmpskh6fCMxLCx7bI-7SMkRSw7AHBRLX1RClZFjE9EBXPE3PRltmLFgjM1EEVir35Y9sisoXiiVVxWOUYzMWw7AJmjs5afBGdsP5ohSe5YxVAHarriunB-zGc6RnhaslMUm4cWEWKaadGjBxMyI-BhcRzgwg8J4oocvzB2U85U9jFoQbv029E7RSm2Gx9w0sLI3uAgAru6Cw6ghFA9SCiVMsqKCjENy3c.ayscLOGNdfA22YlAb8-1DD_Awh4RkfXj36qAvXQ_Wqk&dib_tag=se&keywords=sustainable+clothing&qid=1741333124&sr=8-41,16.99,https://m.media-amazon.com/images/I/81ERDqMFAoL._AC_UL320_.jpg,little planet by carter's baby organic signature stitch cardigan,['organic'],2,Low,Likely Product,Not Sustainable
"HonestBaby 5-Pack Waffle Henley Long Sleeve Shirts 100% Organic Cotton for Infant Baby and Toddler Boys, Unisex",4.7,549,50+ bought in past month,https://www.amazon.com/HonestBaby-5-Pack-Organic-Toddler-Natured/dp/B0C9PB7GX5/ref=sr_1_42?dib=eyJ2IjoiMSJ9.HDlgrrbnKakV21YEmQR-dvvGovzgmWD_xB5-wsKaPfDE9WeYGRNGyVm1E1TrX7mFSfYwej45hGLduN0v7JGv5_EysE1SFEjh28-3R0QoZyL_14v0T5k-ei3n4uE5emUObR4pGlZz-GpvGqplChXyzMVafKY52jc9vZjvV-uSFV-zw16XVJmt1uAYU_CaE2u-ovfvyXLZ99xFHGP4HNmq0ey06A5T3ARdmpskh6fCMxLCx7bI-7SMkRSw7AHBRLX1RClZFjE9EBXPE3PRltmLFgjM1EEVir35Y9sisoXiiVVxWOUYzMWw7AJmjs5afBGdsP5ohSe5YxVAHarriunB-zGc6RnhaslMUm4cWEWKaadGjBxMyI-BhcRzgwg8J4oocvzB2U85U9jFoQbv029E7RSm2Gx9w0sLI3uAgAru6Cw6ghFA9SCiVMsqKCjENy3c.ayscLOGNdfA22YlAb8-1DD_Awh4RkfXj36qAvXQ_Wqk&dib_tag=se&keywords=sustainable+clothing&qid=1741333124&sr=8-42,16.99,https://m.media-amazon.com/images/I/81MjLB1KF7L._AC_UL320_.jpg,"honestbaby 5-pack waffle henley long sleeve shirts 100% organic cotton for infant baby and toddler boys, unisex",['organic'],2,Low,Likely Product,Not Sustainable
Amazon Essentials Women's Waisted Maxi Dress (Available in Plus Size),4.3,10900,50+ bought in past month,https://www.amazon.com/Amazon-Essentials-Womens-Surplice-XX-Large/dp/B097RRTX4B/ref=sr_1_43?dib=eyJ2IjoiMSJ9.HDlgrrbnKakV21YEmQR-dvvGovzgmWD_xB5-wsKaPfDE9WeYGRNGyVm1E1TrX7mFSfYwej45hGLduN0v7JGv5_EysE1SFEjh28-3R0QoZyL_14v0T5k-ei3n4uE5emUObR4pGlZz-GpvGqplChXyzMVafKY52jc9vZjvV-uSFV-zw16XVJmt1uAYU_CaE2u-ovfvyXLZ99xFHGP4HNmq0ey06A5T3ARdmpskh6fCMxLCx7bI-7SMkRSw7AHBRLX1RClZFjE9EBXPE3PRltmLFgjM1EEVir35Y9sisoXiiVVxWOUYzMWw7AJmjs5afBGdsP5ohSe5YxVAHarriunB-zGc6RnhaslMUm4cWEWKaadGjBxMyI-BhcRzgwg8J4oocvzB2U85U9jFoQbv029E7RSm2Gx9w0sLI3uAgAru6Cw6ghFA9SCiVMsqKCjENy3c.ayscLOGNdfA22YlAb8-1DD_Awh4RkfXj36qAvXQ_Wqk&dib_tag=se&keywords=sustainable+clothing&qid=1741333124&sr=8-43,16.99,https://m.media-amazon.com/images/I/71+YZG4No-L._AC_UL320_.jpg,amazon essentials women's waisted maxi dress (available in plus size),[],0,Low,Likely Product,Not Sustainable
GEMBERA Women Spaghetti Strap Scoop Neck Ribbed Tank Tops Slim Fitted Cotton Camisole Basic Sleeveless Layering Shirts,4.3,1638,300+ bought in past month,https://www.amazon.com/GEMBERA-Spaghetti-Camisole-Sleeveless-Layering/dp/B0C2TQWB2M/ref=sr_1_44?dib=eyJ2IjoiMSJ9.HDlgrrbnKakV21YEmQR-dvvGovzgmWD_xB5-wsKaPfDE9WeYGRNGyVm1E1TrX7mFSfYwej45hGLduN0v7JGv5_EysE1SFEjh28-3R0QoZyL_14v0T5k-ei3n4uE5emUObR4pGlZz-GpvGqplChXyzMVafKY52jc9vZjvV-uSFV-zw16XVJmt1uAYU_CaE2u-ovfvyXLZ99xFHGP4HNmq0ey06A5T3ARdmpskh6fCMxLCx7bI-7SMkRSw7AHBRLX1RClZFjE9EBXPE3PRltmLFgjM1EEVir35Y9sisoXiiVVxWOUYzMWw7AJmjs5afBGdsP5ohSe5YxVAHarriunB-zGc6RnhaslMUm4cWEWKaadGjBxMyI-BhcRzgwg8J4oocvzB2U85U9jFoQbv029E7RSm2Gx9w0sLI3uAgAru6Cw6ghFA9SCiVMsqKCjENy3c.ayscLOGNdfA22YlAb8-1DD_Awh4RkfXj36qAvXQ_Wqk&dib_tag=se&keywords=sustainable+clothing&qid=1741333124&sr=8-44,16.99,https://m.media-amazon.com/images/I/61a3cnQ9t+L._AC_UL320_.jpg,gembera women spaghetti strap scoop neck ribbed tank tops slim fitted cotton camisole basic sleeveless layering shirts,[],0,Low,Likely Product,Not Sustainable
Himosyber Women Cotton Pants Wide Leg Pants Casual Loose Drawstring Low Waist Beach Palazzo Harem Pants,4.2,84,50+ bought in past month,https://www.amazon.com/Himosyber-Cotton-Drawstring-Palazzo-Coffee-XL/dp/B0DFLSMBZ7/ref=sr_1_45?dib=eyJ2IjoiMSJ9.HDlgrrbnKakV21YEmQR-dvvGovzgmWD_xB5-wsKaPfDE9WeYGRNGyVm1E1TrX7mFSfYwej45hGLduN0v7JGv5_EysE1SFEjh28-3R0QoZyL_14v0T5k-ei3n4uE5emUObR4pGlZz-GpvGqplChXyzMVafKY52jc9vZjvV-uSFV-zw16XVJmt1uAYU_CaE2u-ovfvyXLZ99xFHGP4HNmq0ey06A5T3ARdmpskh6fCMxLCx7bI-7SMkRSw7AHBRLX1RClZFjE9EBXPE3PRltmLFgjM1EEVir35Y9sisoXiiVVxWOUYzMWw7AJmjs5afBGdsP5ohSe5YxVAHarriunB-zGc6RnhaslMUm4cWEWKaadGjBxMyI-BhcRzgwg8J4oocvzB2U85U9jFoQbv029E7RSm2Gx9w0sLI3uAgAru6Cw6ghFA9SCiVMsqKCjENy3c.ayscLOGNdfA22YlAb8-1DD_Awh4RkfXj36qAvXQ_Wqk&dib_tag=se&keywords=sustainable+clothing&qid=1741333124&sr=8-45,16.99,https://m.media-amazon.com/images/I/71flgAPTTbL._AC_UL320_.jpg,himosyber women cotton pants wide leg pants casual loose drawstring low waist beach palazzo harem pants,[],0,Low,Likely Product,Not Sustainable
Astylish Women Corduroy Shirts Casual Long Sleeve Button Down Blouses Top,4.4,11000,50+ bought in past month,https://www.amazon.com/Astylish-Womens-Corduroy-Shirts-Pockets/dp/B08LD424DK/ref=sr_1_46?dib=eyJ2IjoiMSJ9.HDlgrrbnKakV21YEmQR-dvvGovzgmWD_xB5-wsKaPfDE9WeYGRNGyVm1E1TrX7mFSfYwej45hGLduN0v7JGv5_EysE1SFEjh28-3R0QoZyL_14v0T5k-ei3n4uE5emUObR4pGlZz-GpvGqplChXyzMVafKY52jc9vZjvV-uSFV-zw16XVJmt1uAYU_CaE2u-ovfvyXLZ99xFHGP4HNmq0ey06A5T3ARdmpskh6fCMxLCx7bI-7SMkRSw7AHBRLX1RClZFjE9EBXPE3PRltmLFgjM1EEVir35Y9sisoXiiVVxWOUYzMWw7AJmjs5afBGdsP5ohSe5YxVAHarriunB-zGc6RnhaslMUm4cWEWKaadGjBxMyI-BhcRzgwg8J4oocvzB2U85U9jFoQbv029E7RSm2Gx9w0sLI3uAgAru6Cw6ghFA9SCiVMsqKCjENy3c.ayscLOGNdfA22YlAb8-1DD_Awh4RkfXj36qAvXQ_Wqk&dib_tag=se&keywords=sustainable+clothing&qid=1741333124&sr=8-46,16.99,https://m.media-amazon.com/images/I/71UWF0u-oQS._AC_UL320_.jpg,astylish women corduroy shirts casual long sleeve button down blouses top,[],0,Low,Likely Product,Not Sustainable
Nebility 2 Piece Slip Shapewear Shorts for Under Dresses Smooth Seamless Shaping Boyshorts Panties,4.3,93,50+ bought in past month,https://www.amazon.com/Nebility-Dresses-Shapewear-Seamless-Boyshorts/dp/B0D8XV5H51/ref=sr_1_47?dib=eyJ2IjoiMSJ9.HDlgrrbnKakV21YEmQR-dvvGovzgmWD_xB5-wsKaPfDE9WeYGRNGyVm1E1TrX7mFSfYwej45hGLduN0v7JGv5_EysE1SFEjh28-3R0QoZyL_14v0T5k-ei3n4uE5emUObR4pGlZz-GpvGqplChXyzMVafKY52jc9vZjvV-uSFV-zw16XVJmt1uAYU_CaE2u-ovfvyXLZ99xFHGP4HNmq0ey06A5T3ARdmpskh6fCMxLCx7bI-7SMkRSw7AHBRLX1RClZFjE9EBXPE3PRltmLFgjM1EEVir35Y9sisoXiiVVxWOUYzMWw7AJmjs5afBGdsP5ohSe5YxVAHarriunB-zGc6RnhaslMUm4cWEWKaadGjBxMyI-BhcRzgwg8J4oocvzB2U85U9jFoQbv029E7RSm2Gx9w0sLI3uAgAru6Cw6ghFA9SCiVMsqKCjENy3c.ayscLOGNdfA22YlAb8-1DD_Awh4RkfXj36qAvXQ_Wqk&dib_tag=se&keywords=sustainable+clothing&qid=1741333124&sr=8-47,16.99,https://m.media-amazon.com/images/I/71R3WC2jrYL._AC_UL320_.jpg,nebility 2 piece slip shapewear shorts for under dresses smooth seamless shaping boyshorts panties,[],0,Low,Likely Product,Not Sustainable
"Muslin Unisex Bathrobe Women & Men, Turkish 100% Cotton Kimono Lightweight Robe | Long Robes Soft, Absorbent, Spa robes",4.5,494,50+ bought in past month,https://www.amazon.com/Bathrobe-Turkish-Absorbent-Natural-Garment/dp/B08LCP4F3V/ref=sr_1_48?dib=eyJ2IjoiMSJ9.HDlgrrbnKakV21YEmQR-dvvGovzgmWD_xB5-wsKaPfDE9WeYGRNGyVm1E1TrX7mFSfYwej45hGLduN0v7JGv5_EysE1SFEjh28-3R0QoZyL_14v0T5k-ei3n4uE5emUObR4pGlZz-GpvGqplChXyzMVafKY52jc9vZjvV-uSFV-zw16XVJmt1uAYU_CaE2u-ovfvyXLZ99xFHGP4HNmq0ey06A5T3ARdmpskh6fCMxLCx7bI-7SMkRSw7AHBRLX1RClZFjE9EBXPE3PRltmLFgjM1EEVir35Y9sisoXiiVVxWOUYzMWw7AJmjs5afBGdsP5ohSe5YxVAHarriunB-zGc6RnhaslMUm4cWEWKaadGjBxMyI-BhcRzgwg8J4oocvzB2U85U9jFoQbv029E7RSm2Gx9w0sLI3uAgAru6Cw6ghFA9SCiVMsqKCjENy3c.ayscLOGNdfA22YlAb8-1DD_Awh4RkfXj36qAvXQ_Wqk&dib_tag=se&keywords=sustainable+clothing&qid=1741333124&sr=8-48,16.99,https://m.media-amazon.com/images/I/51h29Q7+X2L._AC_UL320_.jpg,"muslin unisex bathrobe women & men, turkish 100% cotton kimono lightweight robe | long robes soft, absorbent, spa robes",[],0,Low,Likely Product,Not Sustainable
FINETOO 12Pack Womens Seamless Underwear No Show Cheeky Panties Invisibles Briefs Soft Stretch Bikini Hipster XS-XL,4.4,16351,200+ bought in past month,https://www.amazon.com/Seamless-Hipster-Underwear-Invisibles-Underwears/dp/B08BCGFYWY/ref=sr_1_49?dib=eyJ2IjoiMSJ9.HDlgrrbnKakV21YEmQR-dvvGovzgmWD_xB5-wsKaPfDE9WeYGRNGyVm1E1TrX7mFSfYwej45hGLduN0v7JGv5_EysE1SFEjh28-3R0QoZyL_14v0T5k-ei3n4uE5emUObR4pGlZz-GpvGqplChXyzMVafKY52jc9vZjvV-uSFV-zw16XVJmt1uAYU_CaE2u-ovfvyXLZ99xFHGP4HNmq0ey06A5T3ARdmpskh6fCMxLCx7bI-7SMkRSw7AHBRLX1RClZFjE9EBXPE3PRltmLFgjM1EEVir35Y9sisoXiiVVxWOUYzMWw7AJmjs5afBGdsP5ohSe5YxVAHarriunB-zGc6RnhaslMUm4cWEWKaadGjBxMyI-BhcRzgwg8J4oocvzB2U85U9jFoQbv029E7RSm2Gx9w0sLI3uAgAru6Cw6ghFA9SCiVMsqKCjENy3c.ayscLOGNdfA22YlAb8-1DD_Awh4RkfXj36qAvXQ_Wqk&dib_tag=se&keywords=sustainable+clothing&qid=1741333124&sr=8-49,16.99,https://m.media-amazon.com/images/I/71xZbBr1vPS._AC_UL320_.jpg,finetoo 12pack womens seamless underwear no show cheeky panties invisibles briefs soft stretch bikini hipster xs-xl,[],0,Low,Likely Product,Not Sustainable
"American Apparel Women's CVC Racerneck Tank, Style G101CVC, 2-Pack",4.0,29,50+ bought in past month,https://www.amazon.com/American-Apparel-Racerneck-G101CVC-Heather/dp/B0C7Y9TNGB/ref=sr_1_50?dib=eyJ2IjoiMSJ9.HDlgrrbnKakV21YEmQR-dvvGovzgmWD_xB5-wsKaPfDE9WeYGRNGyVm1E1TrX7mFSfYwej45hGLduN0v7JGv5_EysE1SFEjh28-3R0QoZyL_14v0T5k-ei3n4uE5emUObR4pGlZz-GpvGqplChXyzMVafKY52jc9vZjvV-uSFV-zw16XVJmt1uAYU_CaE2u-ovfvyXLZ99xFHGP4HNmq0ey06A5T3ARdmpskh6fCMxLCx7bI-7SMkRSw7AHBRLX1RClZFjE9EBXPE3PRltmLFgjM1EEVir35Y9sisoXiiVVxWOUYzMWw7AJmjs5afBGdsP5ohSe5YxVAHarriunB-zGc6RnhaslMUm4cWEWKaadGjBxMyI-BhcRzgwg8J4oocvzB2U85U9jFoQbv029E7RSm2Gx9w0sLI3uAgAru6Cw6ghFA9SCiVMsqKCjENy3c.ayscLOGNdfA22YlAb8-1DD_Awh4RkfXj36qAvXQ_Wqk&dib_tag=se&keywords=sustainable+clothing&qid=1741333124&sr=8-50,16.99,https://m.media-amazon.com/images/I/81gIwT9u7TL._AC_UL320_.jpg,"american apparel women's cvc racerneck tank, style g101cvc, 2-pack",[],0,Low,Likely Product,Not Sustainable
Molasus Womens Cotton Boxer Shorts Underwear Anti Chafing Bike Shorts(Regular & Plus Size),4.4,14019,50+ bought in past month,https://www.amazon.com/Molasus-Womens-briefs-Underwear-Chafing/dp/B08JTGV62B/ref=sr_1_51?dib=eyJ2IjoiMSJ9.HDlgrrbnKakV21YEmQR-dvvGovzgmWD_xB5-wsKaPfDE9WeYGRNGyVm1E1TrX7mFSfYwej45hGLduN0v7JGv5_EysE1SFEjh28-3R0QoZyL_14v0T5k-ei3n4uE5emUObR4pGlZz-GpvGqplChXyzMVafKY52jc9vZjvV-uSFV-zw16XVJmt1uAYU_CaE2u-ovfvyXLZ99xFHGP4HNmq0ey06A5T3ARdmpskh6fCMxLCx7bI-7SMkRSw7AHBRLX1RClZFjE9EBXPE3PRltmLFgjM1EEVir35Y9sisoXiiVVxWOUYzMWw7AJmjs5afBGdsP5ohSe5YxVAHarriunB-zGc6RnhaslMUm4cWEWKaadGjBxMyI-BhcRzgwg8J4oocvzB2U85U9jFoQbv029E7RSm2Gx9w0sLI3uAgAru6Cw6ghFA9SCiVMsqKCjENy3c.ayscLOGNdfA22YlAb8-1DD_Awh4RkfXj36qAvXQ_Wqk&dib_tag=se&keywords=sustainable+clothing&qid=1741333124&sr=8-51,16.99,https://m.media-amazon.com/images/I/61oBha74XrL._AC_UL320_.jpg,molasus womens cotton boxer shorts underwear anti chafing bike shorts(regular & plus size),[],0,Low,Likely Product,Not Sustainable
ANRABESS Women Summer Casual Dressy Sleeveless Smocked Wide Leg Linen Jumpsuits Rompers 2025 Trendy Travel Outfit Pocket,4.0,401,50+ bought in past month,https://www.amazon.com/ANRABESS-Sleeveless-Smocked-Jumpsuits-Rompers/dp/B0CRW18FW6/ref=sr_1_52?dib=eyJ2IjoiMSJ9.HDlgrrbnKakV21YEmQR-dvvGovzgmWD_xB5-wsKaPfDE9WeYGRNGyVm1E1TrX7mFSfYwej45hGLduN0v7JGv5_EysE1SFEjh28-3R0QoZyL_14v0T5k-ei3n4uE5emUObR4pGlZz-GpvGqplChXyzMVafKY52jc9vZjvV-uSFV-zw16XVJmt1uAYU_CaE2u-ovfvyXLZ99xFHGP4HNmq0ey06A5T3ARdmpskh6fCMxLCx7bI-7SMkRSw7AHBRLX1RClZFjE9EBXPE3PRltmLFgjM1EEVir35Y9sisoXiiVVxWOUYzMWw7AJmjs5afBGdsP5ohSe5YxVAHarriunB-zGc6RnhaslMUm4cWEWKaadGjBxMyI-BhcRzgwg8J4oocvzB2U85U9jFoQbv029E7RSm2Gx9w0sLI3uAgAru6Cw6ghFA9SCiVMsqKCjENy3c.ayscLOGNdfA22YlAb8-1DD_Awh4RkfXj36qAvXQ_Wqk&dib_tag=se&keywords=sustainable+clothing&qid=1741333124&sr=8-52,16.99,https://m.media-amazon.com/images/I/715W5Rk9-xL._AC_UL320_.jpg,anrabess women summer casual dressy sleeveless smocked wide leg linen jumpsuits rompers 2025 trendy travel outfit pocket,[],0,Low,Likely Product,Not Sustainable
LIYOHON Womens Tops Dressy Casual Mock Turtleneck Business Short Sleeve T Shirts Going Out Tops 2025,4.3,8134,100+ bought in past month,https://www.amazon.com/LIYOHON-Womens-T-Shirt-Blouses-Turquoise-M/dp/B083SRJ1HH/ref=sr_1_53?dib=eyJ2IjoiMSJ9.HDlgrrbnKakV21YEmQR-dvvGovzgmWD_xB5-wsKaPfDE9WeYGRNGyVm1E1TrX7mFSfYwej45hGLduN0v7JGv5_EysE1SFEjh28-3R0QoZyL_14v0T5k-ei3n4uE5emUObR4pGlZz-GpvGqplChXyzMVafKY52jc9vZjvV-uSFV-zw16XVJmt1uAYU_CaE2u-ovfvyXLZ99xFHGP4HNmq0ey06A5T3ARdmpskh6fCMxLCx7bI-7SMkRSw7AHBRLX1RClZFjE9EBXPE3PRltmLFgjM1EEVir35Y9sisoXiiVVxWOUYzMWw7AJmjs5afBGdsP5ohSe5YxVAHarriunB-zGc6RnhaslMUm4cWEWKaadGjBxMyI-BhcRzgwg8J4oocvzB2U85U9jFoQbv029E7RSm2Gx9w0sLI3uAgAru6Cw6ghFA9SCiVMsqKCjENy3c.ayscLOGNdfA22YlAb8-1DD_Awh4RkfXj36qAvXQ_Wqk&dib_tag=se&keywords=sustainable+clothing&qid=1741333124&sr=8-53,16.99,https://m.media-amazon.com/images/I/71tZwS1riLL._AC_UL320_.jpg,liyohon womens tops dressy casual mock turtleneck business short sleeve t shirts going out tops 2025,[],0,Low,Likely Product,Not Sustainable
Tanming Sweater Sets Women 2 Piece Lounge Sets Short Sleeve Knit Pullover Tops Wide Leg Pants,4.3,4180,200+ bought in past month,https://www.amazon.com/Tanming-Sweater-Lounge-Pullover-Apricot-L/dp/B0C2BKYH64/ref=sr_1_54?dib=eyJ2IjoiMSJ9.HDlgrrbnKakV21YEmQR-dvvGovzgmWD_xB5-wsKaPfDE9WeYGRNGyVm1E1TrX7mFSfYwej45hGLduN0v7JGv5_EysE1SFEjh28-3R0QoZyL_14v0T5k-ei3n4uE5emUObR4pGlZz-GpvGqplChXyzMVafKY52jc9vZjvV-uSFV-zw16XVJmt1uAYU_CaE2u-ovfvyXLZ99xFHGP4HNmq0ey06A5T3ARdmpskh6fCMxLCx7bI-7SMkRSw7AHBRLX1RClZFjE9EBXPE3PRltmLFgjM1EEVir35Y9sisoXiiVVxWOUYzMWw7AJmjs5afBGdsP5ohSe5YxVAHarriunB-zGc6RnhaslMUm4cWEWKaadGjBxMyI-BhcRzgwg8J4oocvzB2U85U9jFoQbv029E7RSm2Gx9w0sLI3uAgAru6Cw6ghFA9SCiVMsqKCjENy3c.ayscLOGNdfA22YlAb8-1DD_Awh4RkfXj36qAvXQ_Wqk&dib_tag=se&keywords=sustainable+clothing&qid=1741333124&sr=8-54,16.99,https://m.media-amazon.com/images/I/71hn76ZYwsL._AC_UL320_.jpg,tanming sweater sets women 2 piece lounge sets short sleeve knit pullover tops wide leg pants,[],0,Low,Likely Product,Not Sustainable
"HonestBaby 10-Pack Long Sleeve Bodysuits One-piece 100% Organic Cotton for Infant Baby Boys, Girls, Unisex",4.8,1589,50+ bought in past month,https://www.amazon.com/HonestBaby-10-Pack-Organic-Bodysuits-Rainbow/dp/B09Q81T1VP/ref=sr_1_55?dib=eyJ2IjoiMSJ9.HDlgrrbnKakV21YEmQR-dvvGovzgmWD_xB5-wsKaPfDE9WeYGRNGyVm1E1TrX7mFSfYwej45hGLduN0v7JGv5_EysE1SFEjh28-3R0QoZyL_14v0T5k-ei3n4uE5emUObR4pGlZz-GpvGqplChXyzMVafKY52jc9vZjvV-uSFV-zw16XVJmt1uAYU_CaE2u-ovfvyXLZ99xFHGP4HNmq0ey06A5T3ARdmpskh6fCMxLCx7bI-7SMkRSw7AHBRLX1RClZFjE9EBXPE3PRltmLFgjM1EEVir35Y9sisoXiiVVxWOUYzMWw7AJmjs5afBGdsP5ohSe5YxVAHarriunB-zGc6RnhaslMUm4cWEWKaadGjBxMyI-BhcRzgwg8J4oocvzB2U85U9jFoQbv029E7RSm2Gx9w0sLI3uAgAru6Cw6ghFA9SCiVMsqKCjENy3c.ayscLOGNdfA22YlAb8-1DD_Awh4RkfXj36qAvXQ_Wqk&dib_tag=se&keywords=sustainable+clothing&qid=1741333124&sr=8-55,16.99,https://m.media-amazon.com/images/I/8191T+3V4JL._AC_UL320_.jpg,"honestbaby 10-pack long sleeve bodysuits one-piece 100% organic cotton for infant baby boys, girls, unisex",['organic'],2,Low,Likely Product,Not Sustainable
FTCayanz Women's Linen Tops Shirts Summer Casual Jacquard Tunic Blouse,4.0,1802,50+ bought in past month,https://www.amazon.com/FTCayanz-Womens-Jacquard-XX-Large-Apricot/dp/B07QLDD2WX/ref=sr_1_56?dib=eyJ2IjoiMSJ9.HDlgrrbnKakV21YEmQR-dvvGovzgmWD_xB5-wsKaPfDE9WeYGRNGyVm1E1TrX7mFSfYwej45hGLduN0v7JGv5_EysE1SFEjh28-3R0QoZyL_14v0T5k-ei3n4uE5emUObR4pGlZz-GpvGqplChXyzMVafKY52jc9vZjvV-uSFV-zw16XVJmt1uAYU_CaE2u-ovfvyXLZ99xFHGP4HNmq0ey06A5T3ARdmpskh6fCMxLCx7bI-7SMkRSw7AHBRLX1RClZFjE9EBXPE3PRltmLFgjM1EEVir35Y9sisoXiiVVxWOUYzMWw7AJmjs5afBGdsP5ohSe5YxVAHarriunB-zGc6RnhaslMUm4cWEWKaadGjBxMyI-BhcRzgwg8J4oocvzB2U85U9jFoQbv029E7RSm2Gx9w0sLI3uAgAru6Cw6ghFA9SCiVMsqKCjENy3c.ayscLOGNdfA22YlAb8-1DD_Awh4RkfXj36qAvXQ_Wqk&dib_tag=se&keywords=sustainable+clothing&qid=1741333124&sr=8-56,16.99,https://m.media-amazon.com/images/I/61AkdSXKi9L._AC_UL320_.jpg,ftcayanz women's linen tops shirts summer casual jacquard tunic blouse,[],0,Low,Likely Product,Not Sustainable
MAGCOMSEN Women's T Shirts V-Neck Long Sleeve UPF 50+ UV Sun Shirt Quick Dry Performance Tees Workout Swim Tops,4.4,791,50+ bought in past month,https://www.amazon.com/Athletic-Running-Workout-T-Shirt-Apricot/dp/B0B49T3FP9/ref=sr_1_57?dib=eyJ2IjoiMSJ9.HDlgrrbnKakV21YEmQR-dvvGovzgmWD_xB5-wsKaPfDE9WeYGRNGyVm1E1TrX7mFSfYwej45hGLduN0v7JGv5_EysE1SFEjh28-3R0QoZyL_14v0T5k-ei3n4uE5emUObR4pGlZz-GpvGqplChXyzMVafKY52jc9vZjvV-uSFV-zw16XVJmt1uAYU_CaE2u-ovfvyXLZ99xFHGP4HNmq0ey06A5T3ARdmpskh6fCMxLCx7bI-7SMkRSw7AHBRLX1RClZFjE9EBXPE3PRltmLFgjM1EEVir35Y9sisoXiiVVxWOUYzMWw7AJmjs5afBGdsP5ohSe5YxVAHarriunB-zGc6RnhaslMUm4cWEWKaadGjBxMyI-BhcRzgwg8J4oocvzB2U85U9jFoQbv029E7RSm2Gx9w0sLI3uAgAru6Cw6ghFA9SCiVMsqKCjENy3c.ayscLOGNdfA22YlAb8-1DD_Awh4RkfXj36qAvXQ_Wqk&dib_tag=se&keywords=sustainable+clothing&qid=1741333124&sr=8-57,16.99,https://m.media-amazon.com/images/I/715mJsQdCNL._AC_UL320_.jpg,magcomsen women's t shirts v-neck long sleeve upf 50+ uv sun shirt quick dry performance tees workout swim tops,[],0,Low,Likely Product,Not Sustainable
BALEAF Women's Workout Tops Athletic Shirts Cropped Short Sleeve Split Back Running Gym Quick Dry Sun Protection UPF 50+,4.3,263,100+ bought in past month,https://www.amazon.com/BALEAF-Workout-Cropped-Exercise-Athletic/dp/B0CP5BMFJW/ref=sr_1_58?dib=eyJ2IjoiMSJ9.HDlgrrbnKakV21YEmQR-dvvGovzgmWD_xB5-wsKaPfDE9WeYGRNGyVm1E1TrX7mFSfYwej45hGLduN0v7JGv5_EysE1SFEjh28-3R0QoZyL_14v0T5k-ei3n4uE5emUObR4pGlZz-GpvGqplChXyzMVafKY52jc9vZjvV-uSFV-zw16XVJmt1uAYU_CaE2u-ovfvyXLZ99xFHGP4HNmq0ey06A5T3ARdmpskh6fCMxLCx7bI-7SMkRSw7AHBRLX1RClZFjE9EBXPE3PRltmLFgjM1EEVir35Y9sisoXiiVVxWOUYzMWw7AJmjs5afBGdsP5ohSe5YxVAHarriunB-zGc6RnhaslMUm4cWEWKaadGjBxMyI-BhcRzgwg8J4oocvzB2U85U9jFoQbv029E7RSm2Gx9w0sLI3uAgAru6Cw6ghFA9SCiVMsqKCjENy3c.ayscLOGNdfA22YlAb8-1DD_Awh4RkfXj36qAvXQ_Wqk&dib_tag=se&keywords=sustainable+clothing&qid=1741333124&sr=8-58,16.99,https://m.media-amazon.com/images/I/61WE9oq04sL._AC_UL320_.jpg,baleaf women's workout tops athletic shirts cropped short sleeve split back running gym quick dry sun protection upf 50+,[],0,Low,Likely Product,Not Sustainable
Ekouaer Women's 3 Piece Knit Lounge Set Pajama Long Sleeve Cardigan Sleeveless Top Pants Sweatsuit S-XXL,4.2,1793,50+ bought in past month,https://www.amazon.com/Ekouaer-Outfits-Lounge-Cardign-Knitwear/dp/B0B6BM2KLS/ref=sr_1_59?dib=eyJ2IjoiMSJ9.HDlgrrbnKakV21YEmQR-dvvGovzgmWD_xB5-wsKaPfDE9WeYGRNGyVm1E1TrX7mFSfYwej45hGLduN0v7JGv5_EysE1SFEjh28-3R0QoZyL_14v0T5k-ei3n4uE5emUObR4pGlZz-GpvGqplChXyzMVafKY52jc9vZjvV-uSFV-zw16XVJmt1uAYU_CaE2u-ovfvyXLZ99xFHGP4HNmq0ey06A5T3ARdmpskh6fCMxLCx7bI-7SMkRSw7AHBRLX1RClZFjE9EBXPE3PRltmLFgjM1EEVir35Y9sisoXiiVVxWOUYzMWw7AJmjs5afBGdsP5ohSe5YxVAHarriunB-zGc6RnhaslMUm4cWEWKaadGjBxMyI-BhcRzgwg8J4oocvzB2U85U9jFoQbv029E7RSm2Gx9w0sLI3uAgAru6Cw6ghFA9SCiVMsqKCjENy3c.ayscLOGNdfA22YlAb8-1DD_Awh4RkfXj36qAvXQ_Wqk&dib_tag=se&keywords=sustainable+clothing&qid=1741333124&sr=8-59,16.99,https://m.media-amazon.com/images/I/71QrKVKRw2L._AC_UL320_.jpg,ekouaer women's 3 piece knit lounge set pajama long sleeve cardigan sleeveless top pants sweatsuit s-xxl,[],0,Low,Likely Product,Not Sustainable
Geyoga 4 Pieces Basic Workout Crop Tank Tops Sleeveless Racerback Sport Tank Top for Women Yoga Running,4.5,5843,50+ bought in past month,https://www.amazon.com/Workout-Sleeveless-Racerback-Running-X-Large/dp/B0BF5579X4/ref=sr_1_60?dib=eyJ2IjoiMSJ9.HDlgrrbnKakV21YEmQR-dvvGovzgmWD_xB5-wsKaPfDE9WeYGRNGyVm1E1TrX7mFSfYwej45hGLduN0v7JGv5_EysE1SFEjh28-3R0QoZyL_14v0T5k-ei3n4uE5emUObR4pGlZz-GpvGqplChXyzMVafKY52jc9vZjvV-uSFV-zw16XVJmt1uAYU_CaE2u-ovfvyXLZ99xFHGP4HNmq0ey06A5T3ARdmpskh6fCMxLCx7bI-7SMkRSw7AHBRLX1RClZFjE9EBXPE3PRltmLFgjM1EEVir35Y9sisoXiiVVxWOUYzMWw7AJmjs5afBGdsP5ohSe5YxVAHarriunB-zGc6RnhaslMUm4cWEWKaadGjBxMyI-BhcRzgwg8J4oocvzB2U85U9jFoQbv029E7RSm2Gx9w0sLI3uAgAru6Cw6ghFA9SCiVMsqKCjENy3c.ayscLOGNdfA22YlAb8-1DD_Awh4RkfXj36qAvXQ_Wqk&dib_tag=se&keywords=sustainable+clothing&qid=1741333124&sr=8-60,16.99,https://m.media-amazon.com/images/I/71OrI5YRyuL._AC_UL320_.jpg,geyoga 4 pieces basic workout crop tank tops sleeveless racerback sport tank top for women yoga running,[],0,Low,Likely Product,Not Sustainable
Sustainable Wardrobe: Practical advice and projects for eco-friendly fashion (Sustainable Living Series),4.4,38,50+ bought in past month,https://www.amazon.com/dp/B08WPGQBL2?binding=kindle_edition&searchxofy=true&ref_=dbs_s_aps_series_rwt_tkin&qid=1741333305&sr=8-1,16.99,https://m.media-amazon.com/images/I/81SYqviibQL._AC_UL320_.jpg,sustainable wardrobe: practical advice and projects for eco-friendly fashion (sustainable living series),"['sustainable', 'eco-friendly']",4,Moderate,Likely Product,Potentially Sustainable
"12"" Be Brave Nora Eco Friendly Fashion Dolls, Toys for Kids, Multi-Color",4.6,74,50+ bought in past month,https://www.amazon.com/BeKind-Brave-Friendly-Fashion-Multi-Color/dp/B0B8TLSY4P/ref=sr_1_3?dib=eyJ2IjoiMSJ9.ay5ToGyREBeEMdBIk1YMqevnyrZ7mNcga30ltJkMZhfI2oP6n42WJyqzmgKUpy16UyPPacEPXIw4Ijm9cGg3QzZ0GLsfWPR-_UgJioYS_6CFE7li1T2eQs8S1BnSh74RQ15l4kKHV2z2RvO28lN3wCUxafGU0XYHfu1AcL4Tsv1gDqO05mjgApsbMbnHFW4uZkC5rsUWfb5Id9WfaMtgXnjaao5fYTybR4YzXcQikuOAtO47My3TgNwBVPHwMwDlq2Tvim4qjo1ehzJ7oQdxPzvOxTaS92RJNniBdMim5FmRB0yHBtXT3Woca9SvuzXjOgSSejSOg6tvtDoqDrzvt6zm1oksifoH1840gRn5SUORe0vtX7gxG6JLD9Uvk0qr9izUpuVPmKyMTMFSYWLM50W_g4v4MY8H0iq2Y3hITwMtW_bPwbDeGJ5MAZk95E72.x7hfq-b2BvbsbApztaNAs6C9Y7L9FWS_z9VDD8Zq910&dib_tag=se&keywords=eco+friendly+fashion&qid=1741333305&sr=8-3,16.99,https://m.media-amazon.com/images/I/61rgUWXAuZL._AC_UL320_.jpg,"12"" be brave nora eco friendly fashion dolls, toys for kids, multi-color",['eco friendly'],2,Low,Likely Product,Not Sustainable
CoaR's Refashioning 101: Create your own unique eco-friendly style! (because sustainable fashion shouldn't cost the Earth),5.0,5,50+ bought in past month,https://www.amazon.com/Sheri-Pavlovic/e/B00EB9B2JY?ref=sr_ntt_srch_lnk_4&qid=1741333305&sr=8-4,16.99,https://m.media-amazon.com/images/I/61Tz2Nf+l4L._AC_UL320_.jpg,coar's refashioning 101: create your own unique eco-friendly style! (because sustainable fashion shouldn't cost the earth),"['sustainable', 'eco-friendly']",4,Moderate,Likely Product,Potentially Sustainable
The Secrets Of Upcycled Fashions: How To Turn Your Old Items Into Eco-Friendly Fashion,3.5,2,50+ bought in past month,https://www.amazon.com/Secrets-Upcycled-Fashions-Eco-Friendly-Fashion/dp/B09Y52DJFS/ref=sr_1_6?dib=eyJ2IjoiMSJ9.ay5ToGyREBeEMdBIk1YMqevnyrZ7mNcga30ltJkMZhfI2oP6n42WJyqzmgKUpy16UyPPacEPXIw4Ijm9cGg3QzZ0GLsfWPR-_UgJioYS_6CFE7li1T2eQs8S1BnSh74RQ15l4kKHV2z2RvO28lN3wCUxafGU0XYHfu1AcL4Tsv1gDqO05mjgApsbMbnHFW4uZkC5rsUWfb5Id9WfaMtgXnjaao5fYTybR4YzXcQikuOAtO47My3TgNwBVPHwMwDlq2Tvim4qjo1ehzJ7oQdxPzvOxTaS92RJNniBdMim5FmRB0yHBtXT3Woca9SvuzXjOgSSejSOg6tvtDoqDrzvt6zm1oksifoH1840gRn5SUORe0vtX7gxG6JLD9Uvk0qr9izUpuVPmKyMTMFSYWLM50W_g4v4MY8H0iq2Y3hITwMtW_bPwbDeGJ5MAZk95E72.x7hfq-b2BvbsbApztaNAs6C9Y7L9FWS_z9VDD8Zq910&dib_tag=se&keywords=eco+friendly+fashion&qid=1741333305&sr=8-6,16.99,https://m.media-amazon.com/images/I/61hr8FgpzFL._AC_UL320_.jpg,the secrets of upcycled fashions: how to turn your old items into eco-friendly fashion,['eco-friendly'],2,Low,Possible Non-Product,Not Sustainable
"Jada B-Kind ECO Dolls B-Kind: Koral ECO-Friendly Fashion Doll with Craft Play,255713001",4.5,22,50+ bought in past month,https://www.amazon.com/B-Kind-ECO-Dolls-ECO-Friendly-255713001/dp/B09QSWK1PG/ref=sr_1_8?dib=eyJ2IjoiMSJ9.ay5ToGyREBeEMdBIk1YMqevnyrZ7mNcga30ltJkMZhfI2oP6n42WJyqzmgKUpy16UyPPacEPXIw4Ijm9cGg3QzZ0GLsfWPR-_UgJioYS_6CFE7li1T2eQs8S1BnSh74RQ15l4kKHV2z2RvO28lN3wCUxafGU0XYHfu1AcL4Tsv1gDqO05mjgApsbMbnHFW4uZkC5rsUWfb5Id9WfaMtgXnjaao5fYTybR4YzXcQikuOAtO47My3TgNwBVPHwMwDlq2Tvim4qjo1ehzJ7oQdxPzvOxTaS92RJNniBdMim5FmRB0yHBtXT3Woca9SvuzXjOgSSejSOg6tvtDoqDrzvt6zm1oksifoH1840gRn5SUORe0vtX7gxG6JLD9Uvk0qr9izUpuVPmKyMTMFSYWLM50W_g4v4MY8H0iq2Y3hITwMtW_bPwbDeGJ5MAZk95E72.x7hfq-b2BvbsbApztaNAs6C9Y7L9FWS_z9VDD8Zq910&dib_tag=se&keywords=eco+friendly+fashion&qid=1741333305&sr=8-8,16.99,https://m.media-amazon.com/images/I/81rVPXM19xL._AC_UL320_.jpg,"jada b-kind eco dolls b-kind: koral eco-friendly fashion doll with craft play,255713001",['eco-friendly'],2,Low,Likely Product,Not Sustainable
Sustainable Fashion for Dummies,4.8,12,50+ bought in past month,https://www.amazon.com/Audible-Sustainable-Fashion-for-Dummies/dp/B0CL2LPMSM/ref=sr_1_9?dib=eyJ2IjoiMSJ9.ay5ToGyREBeEMdBIk1YMqevnyrZ7mNcga30ltJkMZhfI2oP6n42WJyqzmgKUpy16UyPPacEPXIw4Ijm9cGg3QzZ0GLsfWPR-_UgJioYS_6CFE7li1T2eQs8S1BnSh74RQ15l4kKHV2z2RvO28lN3wCUxafGU0XYHfu1AcL4Tsv1gDqO05mjgApsbMbnHFW4uZkC5rsUWfb5Id9WfaMtgXnjaao5fYTybR4YzXcQikuOAtO47My3TgNwBVPHwMwDlq2Tvim4qjo1ehzJ7oQdxPzvOxTaS92RJNniBdMim5FmRB0yHBtXT3Woca9SvuzXjOgSSejSOg6tvtDoqDrzvt6zm1oksifoH1840gRn5SUORe0vtX7gxG6JLD9Uvk0qr9izUpuVPmKyMTMFSYWLM50W_g4v4MY8H0iq2Y3hITwMtW_bPwbDeGJ5MAZk95E72.x7hfq-b2BvbsbApztaNAs6C9Y7L9FWS_z9VDD8Zq910&dib_tag=se&keywords=eco+friendly+fashion&qid=1741333305&sr=8-9,16.99,https://m.media-amazon.com/images/I/81aml9tm+ML._AC_UL320_.jpg,sustainable fashion for dummies,['sustainable'],2,Low,Possible Non-Product,Not Sustainable
Sew Eco-Friendly: 25 Reusable Projects for Sustainable Sewing,4.7,242,50+ bought in past month,https://www.amazon.com/dp/B09W5MZSV4?binding=kindle_edition&searchxofy=true&ref_=dbs_s_aps_series_rwt_tkin&qid=1741333305&sr=8-10,16.99,https://m.media-amazon.com/images/I/81GgTEQQUPL._AC_UL320_.jpg,sew eco-friendly: 25 reusable projects for sustainable sewing,"['reusable', 'sustainable', 'eco-friendly']",7,Strong,Likely Product,Sustainable
„Reborn Fashion: The Eco-Friendly Wardrobe Revolution”: Up-Cycled Eco-Chic Green is the New Black (A Visual Anthology of Jewellery and Fashion),5.0,1,50+ bought in past month,https://www.amazon.com/dp/B0CLKW86T9?binding=kindle_edition&searchxofy=true&ref_=dbs_s_aps_series_rwt_tkin&qid=1741333305&sr=8-11,16.99,https://m.media-amazon.com/images/I/81vIdlu4u2L._AC_UL320_.jpg,„reborn fashion: the eco-friendly wardrobe revolution”: up-cycled eco-chic green is the new black (a visual anthology of jewellery and fashion),['eco-friendly'],2,Low,Likely Product,Not Sustainable
"Re:Fashion Wardrobe, The: Sew your own stylish, sustainable clothes",4.6,73,50+ bought in past month,https://www.amazon.com/Portia-Lawrie/e/B0BT23LG88?ref=sr_ntt_srch_lnk_13&qid=1741333305&sr=8-13,16.99,https://m.media-amazon.com/images/I/61DadQB4agL._AC_UL320_.jpg,"re:fashion wardrobe, the: sew your own stylish, sustainable clothes",['sustainable'],2,Low,Likely Product,Not Sustainable
"B-Kind ECO Dolls Brianna Eco-Friendly Fashion Doll with Craft Play,255713000",4.8,82,50+ bought in past month,https://www.amazon.com/B-Kind-Brianna-Eco-Friendly-Fashion-255713000/dp/B09QSVW9MP/ref=sr_1_14?dib=eyJ2IjoiMSJ9.ay5ToGyREBeEMdBIk1YMqevnyrZ7mNcga30ltJkMZhfI2oP6n42WJyqzmgKUpy16UyPPacEPXIw4Ijm9cGg3QzZ0GLsfWPR-_UgJioYS_6CFE7li1T2eQs8S1BnSh74RQ15l4kKHV2z2RvO28lN3wCUxafGU0XYHfu1AcL4Tsv1gDqO05mjgApsbMbnHFW4uZkC5rsUWfb5Id9WfaMtgXnjaao5fYTybR4YzXcQikuOAtO47My3TgNwBVPHwMwDlq2Tvim4qjo1ehzJ7oQdxPzvOxTaS92RJNniBdMim5FmRB0yHBtXT3Woca9SvuzXjOgSSejSOg6tvtDoqDrzvt6zm1oksifoH1840gRn5SUORe0vtX7gxG6JLD9Uvk0qr9izUpuVPmKyMTMFSYWLM50W_g4v4MY8H0iq2Y3hITwMtW_bPwbDeGJ5MAZk95E72.x7hfq-b2BvbsbApztaNAs6C9Y7L9FWS_z9VDD8Zq910&dib_tag=se&keywords=eco+friendly+fashion&qid=1741333305&sr=8-14,16.99,https://m.media-amazon.com/images/I/813uKe4PLQL._AC_UL320_.jpg,"b-kind eco dolls brianna eco-friendly fashion doll with craft play,255713000",['eco-friendly'],2,Low,Likely Product,Not Sustainable
Women's 2 Piece Lounge Set 2025 Summer Casual Loose Tank Top Wide Leg Pants Matching Travel Outfits Tracksuit,4.3,119,50+ bought in past month,https://www.amazon.com/s?k=eco+friendly+fashion#,16.99,https://m.media-amazon.com/images/I/61tAP4D6MHL._AC_UL320_.jpg,women's 2 piece lounge set 2025 summer casual loose tank top wide leg pants matching travel outfits tracksuit,[],0,Low,Likely Product,Not Sustainable
Two Piece Sets for Women Fall Outfits Lounge Sets Mock Neck Tops Wide Leg Pants Vacation Travel Airport Outfits,4.1,579,50+ bought in past month,https://www.amazon.com/s?k=eco+friendly+fashion#,16.99,https://m.media-amazon.com/images/I/61w4+OoUTfL._AC_UL320_.jpg,two piece sets for women fall outfits lounge sets mock neck tops wide leg pants vacation travel airport outfits,[],0,Low,Likely Product,Not Sustainable
Women Linen Pants Casual Loose High Waist Boho Wide Leg Cropped Palazzo Beach Pants Summer Outfits 2025 Trendy,3.9,2609,800+ bought in past month,https://www.amazon.com/s?k=eco+friendly+fashion#,16.99,https://m.media-amazon.com/images/I/71qxV015kLL._AC_UL320_.jpg,women linen pants casual loose high waist boho wide leg cropped palazzo beach pants summer outfits 2025 trendy,[],0,Low,Likely Product,Not Sustainable
Women's Lounge Set 3/4 Batwing Sleeve Capelet Crew Neck Pullover Top Wide Leg Pants Two Piece Outfits,4.0,160,50+ bought in past month,https://www.amazon.com/s?k=eco+friendly+fashion#,16.99,https://m.media-amazon.com/images/I/51GMUsONfwL._AC_UL320_.jpg,women's lounge set 3/4 batwing sleeve capelet crew neck pullover top wide leg pants two piece outfits,[],0,Low,Likely Product,Not Sustainable
Sweater Sets Women 2 Piece Lounge Sets Short Sleeve Knit Pullover Tops Wide Leg Pants,4.3,4180,50+ bought in past month,https://www.amazon.com/s?k=eco+friendly+fashion#,16.99,https://m.media-amazon.com/images/I/71m+4fjq6DL._AC_UL320_.jpg,sweater sets women 2 piece lounge sets short sleeve knit pullover tops wide leg pants,[],0,Low,Likely Product,Not Sustainable
Womens Knit 2 Piece Sweater Sets Short Sleeve Pullover Tops Elastic Waist Wide Leg Pants Lounge Set,4.2,2651,50+ bought in past month,https://www.amazon.com/s?k=eco+friendly+fashion#,16.99,https://m.media-amazon.com/images/I/61gbjLeVl-L._AC_UL320_.jpg,womens knit 2 piece sweater sets short sleeve pullover tops elastic waist wide leg pants lounge set,[],0,Low,Likely Product,Not Sustainable
Women's 2 Piece Outfits Long Sleeve Knit Sweater Top Wide Leg Pants Lounge Sets Tracksuits,4.2,3260,200+ bought in past month,https://www.amazon.com/s?k=eco+friendly+fashion#,16.99,https://m.media-amazon.com/images/I/719j8IZr08L._AC_UL320_.jpg,women's 2 piece outfits long sleeve knit sweater top wide leg pants lounge sets tracksuits,[],0,Low,Likely Product,Not Sustainable
Women's 2two Piece Outfits Sweater Sets Casual Loose Knit Crewneck Short Sleeve Tops Wide Leg Pants,4.0,40,50+ bought in past month,https://www.amazon.com/s?k=eco+friendly+fashion#,16.99,https://m.media-amazon.com/images/I/71lYRag5vNL._AC_UL320_.jpg,women's 2two piece outfits sweater sets casual loose knit crewneck short sleeve tops wide leg pants,[],0,Low,Likely Product,Not Sustainable
Womens V Neck Roll up Sleeve Button Down Blouses Tops,3.8,13605,600+ bought in past month,https://www.amazon.com/s?k=eco+friendly+fashion#,16.99,https://m.media-amazon.com/images/I/71y6a8pkm-L._AC_UL320_.jpg,womens v neck roll up sleeve button down blouses tops,[],0,Low,Likely Product,Not Sustainable
Women's Sweatsuit Sets 2 Piece Fleece Outfit Half Zip Sweatshirt and Joggers Pants Tracksuit,4.1,420,50+ bought in past month,https://www.amazon.com/s?k=eco+friendly+fashion#,16.99,https://m.media-amazon.com/images/I/61UEGeRXq9L._AC_UL320_.jpg,women's sweatsuit sets 2 piece fleece outfit half zip sweatshirt and joggers pants tracksuit,[],0,Low,Likely Product,Not Sustainable
Women's 2 Piece Outfits Casual Short Sleeve Pullover Tops and Wide Leg Pants Lounge Sets Tracksuits,4.3,1190,50+ bought in past month,https://www.amazon.com/s?k=eco+friendly+fashion#,16.99,https://m.media-amazon.com/images/I/711qGQBmNDL._AC_UL320_.jpg,women's 2 piece outfits casual short sleeve pullover tops and wide leg pants lounge sets tracksuits,[],0,Low,Likely Product,Not Sustainable
Women's 2 Piece Outfits V Neck Long Sleeve Sweater Pullover Top Wide Leg Pants Sweatsuit Lounge Sets,4.2,164,50+ bought in past month,https://www.amazon.com/s?k=eco+friendly+fashion#,16.99,https://m.media-amazon.com/images/I/51RCjyk28nL._AC_UL320_.jpg,women's 2 piece outfits v neck long sleeve sweater pullover top wide leg pants sweatsuit lounge sets,[],0,Low,Likely Product,Not Sustainable
Fix Your Fashion: How to Create an Ethical Wardrobe,4.2,3,50+ bought in past month,https://www.amazon.com/Laura-Strutt/e/B00DTSB4V4?ref=sr_ntt_srch_lnk_41&qid=1741333305&sr=8-41,16.99,https://m.media-amazon.com/images/I/51uhr5unyIL._AC_UL320_.jpg,fix your fashion: how to create an ethical wardrobe,['ethical'],2,Low,Possible Non-Product,Not Sustainable
(2 Pack) Sexy Lovely Fashion Style Hair Cap Extra Large Double Layer Lined Waterproof Durable Eco-Friendly Shower Cap with Tight Elastic-Fashionista Collection Bath Cap (Sexy Style),4.4,692,50+ bought in past month,https://www.amazon.com/Bleu-Bath-Waterproof-Eco-Friendly-Elastic-Fashionista/dp/B07JLB55XD/ref=sr_1_42?dib=eyJ2IjoiMSJ9.ay5ToGyREBeEMdBIk1YMqevnyrZ7mNcga30ltJkMZhfI2oP6n42WJyqzmgKUpy16UyPPacEPXIw4Ijm9cGg3QzZ0GLsfWPR-_UgJioYS_6CFE7li1T2eQs8S1BnSh74RQ15l4kKHV2z2RvO28lN3wCUxafGU0XYHfu1AcL4Tsv1gDqO05mjgApsbMbnHFW4uZkC5rsUWfb5Id9WfaMtgXnjaao5fYTybR4YzXcQikuOAtO47My3TgNwBVPHwMwDlq2Tvim4qjo1ehzJ7oQdxPzvOxTaS92RJNniBdMim5FmRB0yHBtXT3Woca9SvuzXjOgSSejSOg6tvtDoqDrzvt6zm1oksifoH1840gRn5SUORe0vtX7gxG6JLD9Uvk0qr9izUpuVPmKyMTMFSYWLM50W_g4v4MY8H0iq2Y3hITwMtW_bPwbDeGJ5MAZk95E72.x7hfq-b2BvbsbApztaNAs6C9Y7L9FWS_z9VDD8Zq910&dib_tag=se&keywords=eco+friendly+fashion&qid=1741333305&sr=8-42,16.99,https://m.media-amazon.com/images/I/81PKnG5hpzL._AC_UL320_.jpg,(2 pack) sexy lovely fashion style hair cap extra large double layer lined waterproof durable eco-friendly shower cap with tight elastic-fashionista collection bath cap (sexy style),['eco-friendly'],2,Low,Likely Product,Not Sustainable
"Eco Friendly Van Gogh Fashion Dog Leash, 5-Feet",4.5,139,50+ bought in past month,https://www.amazon.com/Dutch-Dog-Amsterdam-Friendly-Fashion/dp/B0073JK17S/ref=sr_1_43?dib=eyJ2IjoiMSJ9.ay5ToGyREBeEMdBIk1YMqevnyrZ7mNcga30ltJkMZhfI2oP6n42WJyqzmgKUpy16UyPPacEPXIw4Ijm9cGg3QzZ0GLsfWPR-_UgJioYS_6CFE7li1T2eQs8S1BnSh74RQ15l4kKHV2z2RvO28lN3wCUxafGU0XYHfu1AcL4Tsv1gDqO05mjgApsbMbnHFW4uZkC5rsUWfb5Id9WfaMtgXnjaao5fYTybR4YzXcQikuOAtO47My3TgNwBVPHwMwDlq2Tvim4qjo1ehzJ7oQdxPzvOxTaS92RJNniBdMim5FmRB0yHBtXT3Woca9SvuzXjOgSSejSOg6tvtDoqDrzvt6zm1oksifoH1840gRn5SUORe0vtX7gxG6JLD9Uvk0qr9izUpuVPmKyMTMFSYWLM50W_g4v4MY8H0iq2Y3hITwMtW_bPwbDeGJ5MAZk95E72.x7hfq-b2BvbsbApztaNAs6C9Y7L9FWS_z9VDD8Zq910&dib_tag=se&keywords=eco+friendly+fashion&qid=1741333305&sr=8-43,16.99,https://m.media-amazon.com/images/I/81OZtPpxffL._AC_UL320_.jpg,"eco friendly van gogh fashion dog leash, 5-feet",['eco friendly'],2,Low,Likely Product,Not Sustainable
Fashion Beyond Borders: Exploring The Global Fashion Industry Manufacturing,5.0,5,50+ bought in past month,https://www.amazon.com/Fashion-Beyond-Borders-Exploring-Manufacturing/dp/B0CWPX5FVL/ref=sr_1_44?dib=eyJ2IjoiMSJ9.ay5ToGyREBeEMdBIk1YMqevnyrZ7mNcga30ltJkMZhfI2oP6n42WJyqzmgKUpy16UyPPacEPXIw4Ijm9cGg3QzZ0GLsfWPR-_UgJioYS_6CFE7li1T2eQs8S1BnSh74RQ15l4kKHV2z2RvO28lN3wCUxafGU0XYHfu1AcL4Tsv1gDqO05mjgApsbMbnHFW4uZkC5rsUWfb5Id9WfaMtgXnjaao5fYTybR4YzXcQikuOAtO47My3TgNwBVPHwMwDlq2Tvim4qjo1ehzJ7oQdxPzvOxTaS92RJNniBdMim5FmRB0yHBtXT3Woca9SvuzXjOgSSejSOg6tvtDoqDrzvt6zm1oksifoH1840gRn5SUORe0vtX7gxG6JLD9Uvk0qr9izUpuVPmKyMTMFSYWLM50W_g4v4MY8H0iq2Y3hITwMtW_bPwbDeGJ5MAZk95E72.x7hfq-b2BvbsbApztaNAs6C9Y7L9FWS_z9VDD8Zq910&dib_tag=se&keywords=eco+friendly+fashion&qid=1741333305&sr=8-44,16.99,https://m.media-amazon.com/images/I/61-BiaUg3oL._AC_UL320_.jpg,fashion beyond borders: exploring the global fashion industry manufacturing,[],0,Low,Likely Product,Not Sustainable
The Sewing Bible: Sewing Techniques & Easy Step-by-Step Projects to Bring New Life to Your Old Clothes and Refresh Your Wardrobe While Saving Money,5.0,1,50+ bought in past month,https://www.amazon.com/Sewing-Bible-Techniques-Step-Step-ebook/dp/B0DYG3NP5R/ref=sr_1_46?dib=eyJ2IjoiMSJ9.ay5ToGyREBeEMdBIk1YMqevnyrZ7mNcga30ltJkMZhfI2oP6n42WJyqzmgKUpy16UyPPacEPXIw4Ijm9cGg3QzZ0GLsfWPR-_UgJioYS_6CFE7li1T2eQs8S1BnSh74RQ15l4kKHV2z2RvO28lN3wCUxafGU0XYHfu1AcL4Tsv1gDqO05mjgApsbMbnHFW4uZkC5rsUWfb5Id9WfaMtgXnjaao5fYTybR4YzXcQikuOAtO47My3TgNwBVPHwMwDlq2Tvim4qjo1ehzJ7oQdxPzvOxTaS92RJNniBdMim5FmRB0yHBtXT3Woca9SvuzXjOgSSejSOg6tvtDoqDrzvt6zm1oksifoH1840gRn5SUORe0vtX7gxG6JLD9Uvk0qr9izUpuVPmKyMTMFSYWLM50W_g4v4MY8H0iq2Y3hITwMtW_bPwbDeGJ5MAZk95E72.x7hfq-b2BvbsbApztaNAs6C9Y7L9FWS_z9VDD8Zq910&dib_tag=se&keywords=eco+friendly+fashion&qid=1741333305&sr=8-46,16.99,https://m.media-amazon.com/images/I/913GO0zckuL._AC_UL320_.jpg,the sewing bible: sewing techniques & easy step-by-step projects to bring new life to your old clothes and refresh your wardrobe while saving money,[],0,Low,Likely Product,Not Sustainable
"Bow Claw Clips 4Pcs Hair Bows for Women Thick Hair - Fashionable and Eco-Friendly Hair Accessories - Ideal Gift for Girls, Women, and Mothers",5.0,5,50+ bought in past month,https://www.amazon.com/Lhyzdq-Claw-Clips-Women-Thick/dp/B0CZJGV973/ref=sr_1_47?dib=eyJ2IjoiMSJ9.ay5ToGyREBeEMdBIk1YMqevnyrZ7mNcga30ltJkMZhfI2oP6n42WJyqzmgKUpy16UyPPacEPXIw4Ijm9cGg3QzZ0GLsfWPR-_UgJioYS_6CFE7li1T2eQs8S1BnSh74RQ15l4kKHV2z2RvO28lN3wCUxafGU0XYHfu1AcL4Tsv1gDqO05mjgApsbMbnHFW4uZkC5rsUWfb5Id9WfaMtgXnjaao5fYTybR4YzXcQikuOAtO47My3TgNwBVPHwMwDlq2Tvim4qjo1ehzJ7oQdxPzvOxTaS92RJNniBdMim5FmRB0yHBtXT3Woca9SvuzXjOgSSejSOg6tvtDoqDrzvt6zm1oksifoH1840gRn5SUORe0vtX7gxG6JLD9Uvk0qr9izUpuVPmKyMTMFSYWLM50W_g4v4MY8H0iq2Y3hITwMtW_bPwbDeGJ5MAZk95E72.x7hfq-b2BvbsbApztaNAs6C9Y7L9FWS_z9VDD8Zq910&dib_tag=se&keywords=eco+friendly+fashion&qid=1741333305&sr=8-47,16.99,https://m.media-amazon.com/images/I/71ta60R5MbL._AC_UL320_.jpg,"bow claw clips 4pcs hair bows for women thick hair - fashionable and eco-friendly hair accessories - ideal gift for girls, women, and mothers",['eco-friendly'],2,Low,Likely Product,Not Sustainable
Vector Art Fashion Scarf or Shawl Vibrant Colorful Patterned Lightweight Neckwear or Wrap for Women,4.7,31,50+ bought in past month,https://www.amazon.com/Humble-Hilo-Vector-Fashion-Medallion/dp/B0D61MDP6T/ref=sr_1_49?dib=eyJ2IjoiMSJ9.ay5ToGyREBeEMdBIk1YMqevnyrZ7mNcga30ltJkMZhfI2oP6n42WJyqzmgKUpy16UyPPacEPXIw4Ijm9cGg3QzZ0GLsfWPR-_UgJioYS_6CFE7li1T2eQs8S1BnSh74RQ15l4kKHV2z2RvO28lN3wCUxafGU0XYHfu1AcL4Tsv1gDqO05mjgApsbMbnHFW4uZkC5rsUWfb5Id9WfaMtgXnjaao5fYTybR4YzXcQikuOAtO47My3TgNwBVPHwMwDlq2Tvim4qjo1ehzJ7oQdxPzvOxTaS92RJNniBdMim5FmRB0yHBtXT3Woca9SvuzXjOgSSejSOg6tvtDoqDrzvt6zm1oksifoH1840gRn5SUORe0vtX7gxG6JLD9Uvk0qr9izUpuVPmKyMTMFSYWLM50W_g4v4MY8H0iq2Y3hITwMtW_bPwbDeGJ5MAZk95E72.x7hfq-b2BvbsbApztaNAs6C9Y7L9FWS_z9VDD8Zq910&dib_tag=se&keywords=eco+friendly+fashion&qid=1741333305&sr=8-49,16.99,https://m.media-amazon.com/images/I/61APeC4qDML._AC_UL320_.jpg,vector art fashion scarf or shawl vibrant colorful patterned lightweight neckwear or wrap for women,[],0,Low,Likely Product,Not Sustainable
"Retro Modern Wooden 'Mini' Wall Clock, Simplistic, Fashionable and Stylish, Silent Quartz Mechanism, Quality Materials Made from Eco-Friendly MDF and Bamboo, Decor for Home/Office (Red)",4.2,57,50+ bought in past month,https://www.amazon.com/MODIRNATION-Simplistic-Fashionable-Mechanism-Eco-Friendly/dp/B08KSTSM9T/ref=sr_1_51?dib=eyJ2IjoiMSJ9.ay5ToGyREBeEMdBIk1YMqevnyrZ7mNcga30ltJkMZhfI2oP6n42WJyqzmgKUpy16UyPPacEPXIw4Ijm9cGg3QzZ0GLsfWPR-_UgJioYS_6CFE7li1T2eQs8S1BnSh74RQ15l4kKHV2z2RvO28lN3wCUxafGU0XYHfu1AcL4Tsv1gDqO05mjgApsbMbnHFW4uZkC5rsUWfb5Id9WfaMtgXnjaao5fYTybR4YzXcQikuOAtO47My3TgNwBVPHwMwDlq2Tvim4qjo1ehzJ7oQdxPzvOxTaS92RJNniBdMim5FmRB0yHBtXT3Woca9SvuzXjOgSSejSOg6tvtDoqDrzvt6zm1oksifoH1840gRn5SUORe0vtX7gxG6JLD9Uvk0qr9izUpuVPmKyMTMFSYWLM50W_g4v4MY8H0iq2Y3hITwMtW_bPwbDeGJ5MAZk95E72.x7hfq-b2BvbsbApztaNAs6C9Y7L9FWS_z9VDD8Zq910&dib_tag=se&keywords=eco+friendly+fashion&qid=1741333305&sr=8-51,16.99,https://m.media-amazon.com/images/I/51jzcXYj0mL._AC_UL320_.jpg,"retro modern wooden 'mini' wall clock, simplistic, fashionable and stylish, silent quartz mechanism, quality materials made from eco-friendly mdf and bamboo, decor for home/office (red)","['eco-friendly', 'bamboo']",3,Moderate,Likely Product,Potentially Sustainable
"8 PCS Fashion Effortless Plastic Headbands with Teeth Comb Black Skinny Headbands No Slip Hair Accessories Bands for Women Men Teen Girls, Leopard&Bright Black",3.9,2013,1K+ bought in past month,https://www.amazon.com/ULTIMUTE-Fashion-Effortless-Headbands-Accessories/dp/B0DCZLLYDF/ref=sr_1_52?dib=eyJ2IjoiMSJ9.ay5ToGyREBeEMdBIk1YMqevnyrZ7mNcga30ltJkMZhfI2oP6n42WJyqzmgKUpy16UyPPacEPXIw4Ijm9cGg3QzZ0GLsfWPR-_UgJioYS_6CFE7li1T2eQs8S1BnSh74RQ15l4kKHV2z2RvO28lN3wCUxafGU0XYHfu1AcL4Tsv1gDqO05mjgApsbMbnHFW4uZkC5rsUWfb5Id9WfaMtgXnjaao5fYTybR4YzXcQikuOAtO47My3TgNwBVPHwMwDlq2Tvim4qjo1ehzJ7oQdxPzvOxTaS92RJNniBdMim5FmRB0yHBtXT3Woca9SvuzXjOgSSejSOg6tvtDoqDrzvt6zm1oksifoH1840gRn5SUORe0vtX7gxG6JLD9Uvk0qr9izUpuVPmKyMTMFSYWLM50W_g4v4MY8H0iq2Y3hITwMtW_bPwbDeGJ5MAZk95E72.x7hfq-b2BvbsbApztaNAs6C9Y7L9FWS_z9VDD8Zq910&dib_tag=se&keywords=eco+friendly+fashion&qid=1741333305&sr=8-52,16.99,https://m.media-amazon.com/images/I/71KdLkVpvBL._AC_UL320_.jpg,"8 pcs fashion effortless plastic headbands with teeth comb black skinny headbands no slip hair accessories bands for women men teen girls, leopard&bright black",[],0,Low,Likely Product,Not Sustainable
Coin Purse For Women Handmade Hemp Coin Pouch Eco friendly Hippie Boho Wallet Earphone holder (Red),4.6,36,50+ bought in past month,https://www.amazon.com/Handmade-friendly-Hippie-Wallet-Earphone/dp/B0BCNYLKGW/ref=sr_1_53?dib=eyJ2IjoiMSJ9.ay5ToGyREBeEMdBIk1YMqevnyrZ7mNcga30ltJkMZhfI2oP6n42WJyqzmgKUpy16UyPPacEPXIw4Ijm9cGg3QzZ0GLsfWPR-_UgJioYS_6CFE7li1T2eQs8S1BnSh74RQ15l4kKHV2z2RvO28lN3wCUxafGU0XYHfu1AcL4Tsv1gDqO05mjgApsbMbnHFW4uZkC5rsUWfb5Id9WfaMtgXnjaao5fYTybR4YzXcQikuOAtO47My3TgNwBVPHwMwDlq2Tvim4qjo1ehzJ7oQdxPzvOxTaS92RJNniBdMim5FmRB0yHBtXT3Woca9SvuzXjOgSSejSOg6tvtDoqDrzvt6zm1oksifoH1840gRn5SUORe0vtX7gxG6JLD9Uvk0qr9izUpuVPmKyMTMFSYWLM50W_g4v4MY8H0iq2Y3hITwMtW_bPwbDeGJ5MAZk95E72.x7hfq-b2BvbsbApztaNAs6C9Y7L9FWS_z9VDD8Zq910&dib_tag=se&keywords=eco+friendly+fashion&qid=1741333305&sr=8-53,16.99,https://m.media-amazon.com/images/I/91G8EOYqeLL._AC_UL320_.jpg,coin purse for women handmade hemp coin pouch eco friendly hippie boho wallet earphone holder (red),['eco friendly'],2,Low,Likely Product,Not Sustainable
2024 Boho Floral Pattern Crochet Open Front Long Sleeve Casual Knit Cardigan Sweater,4.5,9,50+ bought in past month,https://www.amazon.com/Lemamwu-Vintage-Inspired-Open-Front-Cardigan-Eco-Friendly/dp/B0DHCR68VX/ref=sr_1_54?dib=eyJ2IjoiMSJ9.ay5ToGyREBeEMdBIk1YMqevnyrZ7mNcga30ltJkMZhfI2oP6n42WJyqzmgKUpy16UyPPacEPXIw4Ijm9cGg3QzZ0GLsfWPR-_UgJioYS_6CFE7li1T2eQs8S1BnSh74RQ15l4kKHV2z2RvO28lN3wCUxafGU0XYHfu1AcL4Tsv1gDqO05mjgApsbMbnHFW4uZkC5rsUWfb5Id9WfaMtgXnjaao5fYTybR4YzXcQikuOAtO47My3TgNwBVPHwMwDlq2Tvim4qjo1ehzJ7oQdxPzvOxTaS92RJNniBdMim5FmRB0yHBtXT3Woca9SvuzXjOgSSejSOg6tvtDoqDrzvt6zm1oksifoH1840gRn5SUORe0vtX7gxG6JLD9Uvk0qr9izUpuVPmKyMTMFSYWLM50W_g4v4MY8H0iq2Y3hITwMtW_bPwbDeGJ5MAZk95E72.x7hfq-b2BvbsbApztaNAs6C9Y7L9FWS_z9VDD8Zq910&dib_tag=se&keywords=eco+friendly+fashion&qid=1741333305&sr=8-54,16.99,https://m.media-amazon.com/images/I/71EN2426goL._AC_UL320_.jpg,2024 boho floral pattern crochet open front long sleeve casual knit cardigan sweater,[],0,Low,Likely Product,Not Sustainable
Earth Day Shirt Women Respect Your Mother Letter Print T Shirt Earth Day Eco Friendly Gift Causal Tees Tops,5.0,1,50+ bought in past month,https://www.amazon.com/HQP-Respect-Mother-Letter-Friendly/dp/B0DSPWJNT1/ref=sr_1_55?dib=eyJ2IjoiMSJ9.ay5ToGyREBeEMdBIk1YMqevnyrZ7mNcga30ltJkMZhfI2oP6n42WJyqzmgKUpy16UyPPacEPXIw4Ijm9cGg3QzZ0GLsfWPR-_UgJioYS_6CFE7li1T2eQs8S1BnSh74RQ15l4kKHV2z2RvO28lN3wCUxafGU0XYHfu1AcL4Tsv1gDqO05mjgApsbMbnHFW4uZkC5rsUWfb5Id9WfaMtgXnjaao5fYTybR4YzXcQikuOAtO47My3TgNwBVPHwMwDlq2Tvim4qjo1ehzJ7oQdxPzvOxTaS92RJNniBdMim5FmRB0yHBtXT3Woca9SvuzXjOgSSejSOg6tvtDoqDrzvt6zm1oksifoH1840gRn5SUORe0vtX7gxG6JLD9Uvk0qr9izUpuVPmKyMTMFSYWLM50W_g4v4MY8H0iq2Y3hITwMtW_bPwbDeGJ5MAZk95E72.x7hfq-b2BvbsbApztaNAs6C9Y7L9FWS_z9VDD8Zq910&dib_tag=se&keywords=eco+friendly+fashion&qid=1741333305&sr=8-55,16.99,https://m.media-amazon.com/images/I/71-UC4o08VL._AC_UL320_.jpg,earth day shirt women respect your mother letter print t shirt earth day eco friendly gift causal tees tops,['eco friendly'],2,Low,Likely Product,Not Sustainable
Women's Sweater Knit Poncho Pullover Wrap Organic Cotton - Loving Thread,3.9,121,50+ bought in past month,https://www.amazon.com/Cardigan-Pullover-Lightweight-All-Season-Eco-Friendly/dp/B0775D1S5D/ref=sr_1_56?dib=eyJ2IjoiMSJ9.ay5ToGyREBeEMdBIk1YMqevnyrZ7mNcga30ltJkMZhfI2oP6n42WJyqzmgKUpy16UyPPacEPXIw4Ijm9cGg3QzZ0GLsfWPR-_UgJioYS_6CFE7li1T2eQs8S1BnSh74RQ15l4kKHV2z2RvO28lN3wCUxafGU0XYHfu1AcL4Tsv1gDqO05mjgApsbMbnHFW4uZkC5rsUWfb5Id9WfaMtgXnjaao5fYTybR4YzXcQikuOAtO47My3TgNwBVPHwMwDlq2Tvim4qjo1ehzJ7oQdxPzvOxTaS92RJNniBdMim5FmRB0yHBtXT3Woca9SvuzXjOgSSejSOg6tvtDoqDrzvt6zm1oksifoH1840gRn5SUORe0vtX7gxG6JLD9Uvk0qr9izUpuVPmKyMTMFSYWLM50W_g4v4MY8H0iq2Y3hITwMtW_bPwbDeGJ5MAZk95E72.x7hfq-b2BvbsbApztaNAs6C9Y7L9FWS_z9VDD8Zq910&dib_tag=se&keywords=eco+friendly+fashion&qid=1741333305&sr=8-56,16.99,https://m.media-amazon.com/images/I/61lTzYqonXL._AC_UL320_.jpg,women's sweater knit poncho pullover wrap organic cotton - loving thread,['organic'],2,Low,Likely Product,Not Sustainable
"Earth’s Choice™, Durable Fashion Color 3 Ring View Binder, 3 Inch Round Ring, Up to 25% Plant Based Plastic, Eco-Friendly, USDA Certified Biobased, Purple, Value 2 Pack (U86808)",4.6,15199,50+ bought in past month,https://www.amazon.com/Samsill-Durable-Eco-Friendly-Certified-Biobased/dp/B08K3SKL9Z/ref=sr_1_57?dib=eyJ2IjoiMSJ9.ay5ToGyREBeEMdBIk1YMqevnyrZ7mNcga30ltJkMZhfI2oP6n42WJyqzmgKUpy16UyPPacEPXIw4Ijm9cGg3QzZ0GLsfWPR-_UgJioYS_6CFE7li1T2eQs8S1BnSh74RQ15l4kKHV2z2RvO28lN3wCUxafGU0XYHfu1AcL4Tsv1gDqO05mjgApsbMbnHFW4uZkC5rsUWfb5Id9WfaMtgXnjaao5fYTybR4YzXcQikuOAtO47My3TgNwBVPHwMwDlq2Tvim4qjo1ehzJ7oQdxPzvOxTaS92RJNniBdMim5FmRB0yHBtXT3Woca9SvuzXjOgSSejSOg6tvtDoqDrzvt6zm1oksifoH1840gRn5SUORe0vtX7gxG6JLD9Uvk0qr9izUpuVPmKyMTMFSYWLM50W_g4v4MY8H0iq2Y3hITwMtW_bPwbDeGJ5MAZk95E72.x7hfq-b2BvbsbApztaNAs6C9Y7L9FWS_z9VDD8Zq910&dib_tag=se&keywords=eco+friendly+fashion&qid=1741333305&sr=8-57,16.99,https://m.media-amazon.com/images/I/61wWRBjaQdL._AC_UL320_.jpg,"earth’s choice™, durable fashion color 3 ring view binder, 3 inch round ring, up to 25% plant based plastic, eco-friendly, usda certified biobased, purple, value 2 pack (u86808)","['eco-friendly', 'plant based']",4,Moderate,Likely Product,Potentially Sustainable
Mending Life: A Handbook for Repairing Clothes and Hearts and Patching to Practice Sustainable Fashion and Fix the Clothes You Love),4.7,498,50+ bought in past month,https://www.amazon.com/Nina-Montenegro/e/B07YF42QKW?ref=sr_ntt_srch_lnk_59&qid=1741333305&sr=8-59,10.93,https://m.media-amazon.com/images/I/91sLStoy0WL._AC_UL320_.jpg,mending life: a handbook for repairing clothes and hearts and patching to practice sustainable fashion and fix the clothes you love),['sustainable'],2,Low,Possible Non-Product,Not Sustainable
"Running II Crew Running Socks for Men and Women – Cushioned, Eco-Friendly and Anti Blister Socks with our Patented Double Layer Design - American Made, No Blisters Guaranteed",4.2,170,50+ bought in past month,https://www.amazon.com/Wrightsock-Double-Layer-Running-White/dp/B00461591Y/ref=sr_1_60?dib=eyJ2IjoiMSJ9.ay5ToGyREBeEMdBIk1YMqevnyrZ7mNcga30ltJkMZhfI2oP6n42WJyqzmgKUpy16UyPPacEPXIw4Ijm9cGg3QzZ0GLsfWPR-_UgJioYS_6CFE7li1T2eQs8S1BnSh74RQ15l4kKHV2z2RvO28lN3wCUxafGU0XYHfu1AcL4Tsv1gDqO05mjgApsbMbnHFW4uZkC5rsUWfb5Id9WfaMtgXnjaao5fYTybR4YzXcQikuOAtO47My3TgNwBVPHwMwDlq2Tvim4qjo1ehzJ7oQdxPzvOxTaS92RJNniBdMim5FmRB0yHBtXT3Woca9SvuzXjOgSSejSOg6tvtDoqDrzvt6zm1oksifoH1840gRn5SUORe0vtX7gxG6JLD9Uvk0qr9izUpuVPmKyMTMFSYWLM50W_g4v4MY8H0iq2Y3hITwMtW_bPwbDeGJ5MAZk95E72.x7hfq-b2BvbsbApztaNAs6C9Y7L9FWS_z9VDD8Zq910&dib_tag=se&keywords=eco+friendly+fashion&qid=1741333305&sr=8-60,10.93,https://m.media-amazon.com/images/I/71B9uS-WyeL._AC_UL320_.jpg,"running ii crew running socks for men and women – cushioned, eco-friendly and anti blister socks with our patented double layer design - american made, no blisters guaranteed",['eco-friendly'],2,Low,Likely Product,Not Sustainable
"HonestBaby Multipack Short Sleeve T-Shirt Tee 100% Organic Cotton Infant Baby, Toddler, Little Kids Boys, Girls, Unisex",4.6,5389,200+ bought in past month,https://www.amazon.com/HonestBaby-Organic-T-Shirt-Multi-Packs-10-Pack/dp/B09QTQ4C14/ref=sr_1_1?dib=eyJ2IjoiMSJ9.R6xU2loQxuXqJpoBViBsHkURulcXPDtjM4uXls28o_LJauwQr2I9PavZ5yIkoyyRCdQSBbqeF-FDctDPEe0rTby1MGF7Hbjd2hpnMGY6ne-iI-2VJ0FsPqFrlfgi6UycqkxfRadCy-BMyqCj2XwsX03iC3SkzURqH2XzUPvxD2Aknm_JTf0EKWihP8n8mmqeJVDFQmJ7ubFTl71UW6YGj8uDl1iSH8qv-MPYN3mNqvRbdQeBptns-nXlLh0p-CDqzkh3jhhdmSp6YMfcducBW9VuUCNOl0wazBSiA-MXy-jSGD2pbo8pH2DEsaqxK0jKIUQKDXvSMFTWSxr6NG4X3bTqobwr9kWFITSVMvYp7B8Gzv9ekgahh-QeDt6iPWkbaZGiLr4u0BCfssVemO49g-ktMiI2LQbJAGp1Foh2X4a5AuFU-Xg1AWuVcrcm1HxD.w6wxMT25oH-hmcoqi_HdY_YTpc0vYFJRADPHo2hs_mQ&dib_tag=se&keywords=organic+cotton+clothing&qid=1741333771&sr=8-1,10.93,https://m.media-amazon.com/images/I/816bxYG-fML._AC_UL320_.jpg,"honestbaby multipack short sleeve t-shirt tee 100% organic cotton infant baby, toddler, little kids boys, girls, unisex",['organic'],2,Low,Likely Product,Not Sustainable
"Hanes Women's Organic Cotton Panties Pack, ComfortSoft Underwear, 6-Pack (Colors May Vary)",4.2,3450,1K+ bought in past month,https://www.amazon.com/Hanes-Womens-Comfort-Hipster-Assorted/dp/B08JSB5S65/ref=sr_1_2?dib=eyJ2IjoiMSJ9.R6xU2loQxuXqJpoBViBsHkURulcXPDtjM4uXls28o_LJauwQr2I9PavZ5yIkoyyRCdQSBbqeF-FDctDPEe0rTby1MGF7Hbjd2hpnMGY6ne-iI-2VJ0FsPqFrlfgi6UycqkxfRadCy-BMyqCj2XwsX03iC3SkzURqH2XzUPvxD2Aknm_JTf0EKWihP8n8mmqeJVDFQmJ7ubFTl71UW6YGj8uDl1iSH8qv-MPYN3mNqvRbdQeBptns-nXlLh0p-CDqzkh3jhhdmSp6YMfcducBW9VuUCNOl0wazBSiA-MXy-jSGD2pbo8pH2DEsaqxK0jKIUQKDXvSMFTWSxr6NG4X3bTqobwr9kWFITSVMvYp7B8Gzv9ekgahh-QeDt6iPWkbaZGiLr4u0BCfssVemO49g-ktMiI2LQbJAGp1Foh2X4a5AuFU-Xg1AWuVcrcm1HxD.w6wxMT25oH-hmcoqi_HdY_YTpc0vYFJRADPHo2hs_mQ&dib_tag=se&keywords=organic+cotton+clothing&qid=1741333771&sr=8-2,10.93,https://m.media-amazon.com/images/I/61kWS-9WxyL._AC_UL320_.jpg,"hanes women's organic cotton panties pack, comfortsoft underwear, 6-pack (colors may vary)",['organic'],2,Low,Likely Product,Not Sustainable
Pact Women's Cotton Camisole Tank Top with Built-in Shelf Bra,4.2,5920,200+ bought in past month,https://www.amazon.com/Organic-Cotton-Shelf-Camisole-White/dp/B01348WEN0/ref=sr_1_3?dib=eyJ2IjoiMSJ9.R6xU2loQxuXqJpoBViBsHkURulcXPDtjM4uXls28o_LJauwQr2I9PavZ5yIkoyyRCdQSBbqeF-FDctDPEe0rTby1MGF7Hbjd2hpnMGY6ne-iI-2VJ0FsPqFrlfgi6UycqkxfRadCy-BMyqCj2XwsX03iC3SkzURqH2XzUPvxD2Aknm_JTf0EKWihP8n8mmqeJVDFQmJ7ubFTl71UW6YGj8uDl1iSH8qv-MPYN3mNqvRbdQeBptns-nXlLh0p-CDqzkh3jhhdmSp6YMfcducBW9VuUCNOl0wazBSiA-MXy-jSGD2pbo8pH2DEsaqxK0jKIUQKDXvSMFTWSxr6NG4X3bTqobwr9kWFITSVMvYp7B8Gzv9ekgahh-QeDt6iPWkbaZGiLr4u0BCfssVemO49g-ktMiI2LQbJAGp1Foh2X4a5AuFU-Xg1AWuVcrcm1HxD.w6wxMT25oH-hmcoqi_HdY_YTpc0vYFJRADPHo2hs_mQ&dib_tag=se&keywords=organic+cotton+clothing&qid=1741333771&sr=8-3,10.93,https://m.media-amazon.com/images/I/71Ln7dUPl3L._AC_UL320_.jpg,pact women's cotton camisole tank top with built-in shelf bra,[],0,Low,Likely Product,Not Sustainable
"Hanes Women's Originals Cotton Joggers, 100% Cotton Jersey Sweatpants For Women, 29 Inseam",4.0,988,400+ bought in past month,https://www.amazon.com/Hanes-Originals-Womens-Joggers-XX-Large/dp/B0BCHF44BK/ref=sr_1_4?dib=eyJ2IjoiMSJ9.R6xU2loQxuXqJpoBViBsHkURulcXPDtjM4uXls28o_LJauwQr2I9PavZ5yIkoyyRCdQSBbqeF-FDctDPEe0rTby1MGF7Hbjd2hpnMGY6ne-iI-2VJ0FsPqFrlfgi6UycqkxfRadCy-BMyqCj2XwsX03iC3SkzURqH2XzUPvxD2Aknm_JTf0EKWihP8n8mmqeJVDFQmJ7ubFTl71UW6YGj8uDl1iSH8qv-MPYN3mNqvRbdQeBptns-nXlLh0p-CDqzkh3jhhdmSp6YMfcducBW9VuUCNOl0wazBSiA-MXy-jSGD2pbo8pH2DEsaqxK0jKIUQKDXvSMFTWSxr6NG4X3bTqobwr9kWFITSVMvYp7B8Gzv9ekgahh-QeDt6iPWkbaZGiLr4u0BCfssVemO49g-ktMiI2LQbJAGp1Foh2X4a5AuFU-Xg1AWuVcrcm1HxD.w6wxMT25oH-hmcoqi_HdY_YTpc0vYFJRADPHo2hs_mQ&dib_tag=se&keywords=organic+cotton+clothing&qid=1741333771&sr=8-4,10.93,https://m.media-amazon.com/images/I/71DfrIGHxAL._AC_UL320_.jpg,"hanes women's originals cotton joggers, 100% cotton jersey sweatpants for women, 29 inseam",[],0,Low,Likely Product,Not Sustainable
Hooever Women's Wide Leg Cotton Linen Pants High Waist Adjustable Tie Knot Lounge Trousers,4.1,339,50+ bought in past month,https://www.amazon.com/Hooever-Womens-Adjustable-Trousers-Blue-XS/dp/B0BYN47WDL/ref=sr_1_5?dib=eyJ2IjoiMSJ9.R6xU2loQxuXqJpoBViBsHkURulcXPDtjM4uXls28o_LJauwQr2I9PavZ5yIkoyyRCdQSBbqeF-FDctDPEe0rTby1MGF7Hbjd2hpnMGY6ne-iI-2VJ0FsPqFrlfgi6UycqkxfRadCy-BMyqCj2XwsX03iC3SkzURqH2XzUPvxD2Aknm_JTf0EKWihP8n8mmqeJVDFQmJ7ubFTl71UW6YGj8uDl1iSH8qv-MPYN3mNqvRbdQeBptns-nXlLh0p-CDqzkh3jhhdmSp6YMfcducBW9VuUCNOl0wazBSiA-MXy-jSGD2pbo8pH2DEsaqxK0jKIUQKDXvSMFTWSxr6NG4X3bTqobwr9kWFITSVMvYp7B8Gzv9ekgahh-QeDt6iPWkbaZGiLr4u0BCfssVemO49g-ktMiI2LQbJAGp1Foh2X4a5AuFU-Xg1AWuVcrcm1HxD.w6wxMT25oH-hmcoqi_HdY_YTpc0vYFJRADPHo2hs_mQ&dib_tag=se&keywords=organic+cotton+clothing&qid=1741333771&sr=8-5,10.93,https://m.media-amazon.com/images/I/61jwnc+rgUL._AC_UL320_.jpg,hooever women's wide leg cotton linen pants high waist adjustable tie knot lounge trousers,[],0,Low,Likely Product,Not Sustainable
little planet by carter's Baby Sleep and Play Made with Organic Cotton,4.8,2438,100+ bought in past month,https://www.amazon.com/little-planet-carters-unisex-baby-Organic/dp/B0CQD5V2YG/ref=sr_1_6?dib=eyJ2IjoiMSJ9.R6xU2loQxuXqJpoBViBsHkURulcXPDtjM4uXls28o_LJauwQr2I9PavZ5yIkoyyRCdQSBbqeF-FDctDPEe0rTby1MGF7Hbjd2hpnMGY6ne-iI-2VJ0FsPqFrlfgi6UycqkxfRadCy-BMyqCj2XwsX03iC3SkzURqH2XzUPvxD2Aknm_JTf0EKWihP8n8mmqeJVDFQmJ7ubFTl71UW6YGj8uDl1iSH8qv-MPYN3mNqvRbdQeBptns-nXlLh0p-CDqzkh3jhhdmSp6YMfcducBW9VuUCNOl0wazBSiA-MXy-jSGD2pbo8pH2DEsaqxK0jKIUQKDXvSMFTWSxr6NG4X3bTqobwr9kWFITSVMvYp7B8Gzv9ekgahh-QeDt6iPWkbaZGiLr4u0BCfssVemO49g-ktMiI2LQbJAGp1Foh2X4a5AuFU-Xg1AWuVcrcm1HxD.w6wxMT25oH-hmcoqi_HdY_YTpc0vYFJRADPHo2hs_mQ&dib_tag=se&keywords=organic+cotton+clothing&qid=1741333771&sr=8-6,10.93,https://m.media-amazon.com/images/I/717o9wwDGtL._AC_UL320_.jpg,little planet by carter's baby sleep and play made with organic cotton,['organic'],2,Low,Likely Product,Not Sustainable
TREELANCE Organic Cotton Yoga Workout Tank Top Moon Phases Shirts Tops Tees Tanks for Women,4.2,1580,50+ bought in past month,https://www.amazon.com/Organic-Cotton-Namaste-Evolution-Women/dp/B01HWPTCRC/ref=sr_1_7?dib=eyJ2IjoiMSJ9.R6xU2loQxuXqJpoBViBsHkURulcXPDtjM4uXls28o_LJauwQr2I9PavZ5yIkoyyRCdQSBbqeF-FDctDPEe0rTby1MGF7Hbjd2hpnMGY6ne-iI-2VJ0FsPqFrlfgi6UycqkxfRadCy-BMyqCj2XwsX03iC3SkzURqH2XzUPvxD2Aknm_JTf0EKWihP8n8mmqeJVDFQmJ7ubFTl71UW6YGj8uDl1iSH8qv-MPYN3mNqvRbdQeBptns-nXlLh0p-CDqzkh3jhhdmSp6YMfcducBW9VuUCNOl0wazBSiA-MXy-jSGD2pbo8pH2DEsaqxK0jKIUQKDXvSMFTWSxr6NG4X3bTqobwr9kWFITSVMvYp7B8Gzv9ekgahh-QeDt6iPWkbaZGiLr4u0BCfssVemO49g-ktMiI2LQbJAGp1Foh2X4a5AuFU-Xg1AWuVcrcm1HxD.w6wxMT25oH-hmcoqi_HdY_YTpc0vYFJRADPHo2hs_mQ&dib_tag=se&keywords=organic+cotton+clothing&qid=1741333771&sr=8-7,10.93,https://m.media-amazon.com/images/I/61bY0TgCAJL._AC_UL320_.jpg,treelance organic cotton yoga workout tank top moon phases shirts tops tees tanks for women,['organic'],2,Low,Likely Product,Not Sustainable
Allmade Unisex Organic Cotton T-Shirt,4.0,6,50+ bought in past month,https://www.amazon.com/Allmade-Unisex-Organic-T-Shirt-X-Large/dp/B0BGKPNYG6/ref=sr_1_8?dib=eyJ2IjoiMSJ9.R6xU2loQxuXqJpoBViBsHkURulcXPDtjM4uXls28o_LJauwQr2I9PavZ5yIkoyyRCdQSBbqeF-FDctDPEe0rTby1MGF7Hbjd2hpnMGY6ne-iI-2VJ0FsPqFrlfgi6UycqkxfRadCy-BMyqCj2XwsX03iC3SkzURqH2XzUPvxD2Aknm_JTf0EKWihP8n8mmqeJVDFQmJ7ubFTl71UW6YGj8uDl1iSH8qv-MPYN3mNqvRbdQeBptns-nXlLh0p-CDqzkh3jhhdmSp6YMfcducBW9VuUCNOl0wazBSiA-MXy-jSGD2pbo8pH2DEsaqxK0jKIUQKDXvSMFTWSxr6NG4X3bTqobwr9kWFITSVMvYp7B8Gzv9ekgahh-QeDt6iPWkbaZGiLr4u0BCfssVemO49g-ktMiI2LQbJAGp1Foh2X4a5AuFU-Xg1AWuVcrcm1HxD.w6wxMT25oH-hmcoqi_HdY_YTpc0vYFJRADPHo2hs_mQ&dib_tag=se&keywords=organic+cotton+clothing&qid=1741333771&sr=8-8,10.93,https://m.media-amazon.com/images/I/71yVeVWpw9L._AC_UL320_.jpg,allmade unisex organic cotton t-shirt,['organic'],2,Low,Likely Product,Not Sustainable
UEU Womens Long Sleeve Tops Crew Neck Casual Oversized Cotton Shirts Blouses Tshirt Tee 2024 Fall Trendy Clothes with Pockets,3.9,78,50+ bought in past month,https://www.amazon.com/UEU-Oversized-Blouses-Fashion-Clothes/dp/B0DB5GWJXN/ref=sr_1_9?dib=eyJ2IjoiMSJ9.R6xU2loQxuXqJpoBViBsHkURulcXPDtjM4uXls28o_LJauwQr2I9PavZ5yIkoyyRCdQSBbqeF-FDctDPEe0rTby1MGF7Hbjd2hpnMGY6ne-iI-2VJ0FsPqFrlfgi6UycqkxfRadCy-BMyqCj2XwsX03iC3SkzURqH2XzUPvxD2Aknm_JTf0EKWihP8n8mmqeJVDFQmJ7ubFTl71UW6YGj8uDl1iSH8qv-MPYN3mNqvRbdQeBptns-nXlLh0p-CDqzkh3jhhdmSp6YMfcducBW9VuUCNOl0wazBSiA-MXy-jSGD2pbo8pH2DEsaqxK0jKIUQKDXvSMFTWSxr6NG4X3bTqobwr9kWFITSVMvYp7B8Gzv9ekgahh-QeDt6iPWkbaZGiLr4u0BCfssVemO49g-ktMiI2LQbJAGp1Foh2X4a5AuFU-Xg1AWuVcrcm1HxD.w6wxMT25oH-hmcoqi_HdY_YTpc0vYFJRADPHo2hs_mQ&dib_tag=se&keywords=organic+cotton+clothing&qid=1741333771&sr=8-9,10.93,https://m.media-amazon.com/images/I/61rLFaARZsL._AC_UL320_.jpg,ueu womens long sleeve tops crew neck casual oversized cotton shirts blouses tshirt tee 2024 fall trendy clothes with pockets,[],0,Low,Likely Product,Not Sustainable
SCANDI Organic Cotton Tank Top for Women Ribbed High Neck Women's Top Turkish Cotton Tank for Summer Full Coverage,4.1,38,50+ bought in past month,https://www.amazon.com/Organic-Cotton-Tank-Tops-Women/dp/B0C9NCDBTR/ref=sr_1_10?dib=eyJ2IjoiMSJ9.R6xU2loQxuXqJpoBViBsHkURulcXPDtjM4uXls28o_LJauwQr2I9PavZ5yIkoyyRCdQSBbqeF-FDctDPEe0rTby1MGF7Hbjd2hpnMGY6ne-iI-2VJ0FsPqFrlfgi6UycqkxfRadCy-BMyqCj2XwsX03iC3SkzURqH2XzUPvxD2Aknm_JTf0EKWihP8n8mmqeJVDFQmJ7ubFTl71UW6YGj8uDl1iSH8qv-MPYN3mNqvRbdQeBptns-nXlLh0p-CDqzkh3jhhdmSp6YMfcducBW9VuUCNOl0wazBSiA-MXy-jSGD2pbo8pH2DEsaqxK0jKIUQKDXvSMFTWSxr6NG4X3bTqobwr9kWFITSVMvYp7B8Gzv9ekgahh-QeDt6iPWkbaZGiLr4u0BCfssVemO49g-ktMiI2LQbJAGp1Foh2X4a5AuFU-Xg1AWuVcrcm1HxD.w6wxMT25oH-hmcoqi_HdY_YTpc0vYFJRADPHo2hs_mQ&dib_tag=se&keywords=organic+cotton+clothing&qid=1741333771&sr=8-10,10.93,https://m.media-amazon.com/images/I/71b4I-0HxfL._AC_UL320_.jpg,scandi organic cotton tank top for women ribbed high neck women's top turkish cotton tank for summer full coverage,['organic'],2,Low,Likely Product,Not Sustainable
little planet by carter's unisex-baby Organic Cotton Gauze Shortall,4.8,232,100+ bought in past month,https://www.amazon.com/little-planet-carters-unisex-baby-Organic/dp/B0CQD35DSK/ref=sr_1_11?dib=eyJ2IjoiMSJ9.R6xU2loQxuXqJpoBViBsHkURulcXPDtjM4uXls28o_LJauwQr2I9PavZ5yIkoyyRCdQSBbqeF-FDctDPEe0rTby1MGF7Hbjd2hpnMGY6ne-iI-2VJ0FsPqFrlfgi6UycqkxfRadCy-BMyqCj2XwsX03iC3SkzURqH2XzUPvxD2Aknm_JTf0EKWihP8n8mmqeJVDFQmJ7ubFTl71UW6YGj8uDl1iSH8qv-MPYN3mNqvRbdQeBptns-nXlLh0p-CDqzkh3jhhdmSp6YMfcducBW9VuUCNOl0wazBSiA-MXy-jSGD2pbo8pH2DEsaqxK0jKIUQKDXvSMFTWSxr6NG4X3bTqobwr9kWFITSVMvYp7B8Gzv9ekgahh-QeDt6iPWkbaZGiLr4u0BCfssVemO49g-ktMiI2LQbJAGp1Foh2X4a5AuFU-Xg1AWuVcrcm1HxD.w6wxMT25oH-hmcoqi_HdY_YTpc0vYFJRADPHo2hs_mQ&dib_tag=se&keywords=organic+cotton+clothing&qid=1741333771&sr=8-11,10.93,https://m.media-amazon.com/images/I/91LJgsuwblL._AC_UL320_.jpg,little planet by carter's unisex-baby organic cotton gauze shortall,['organic'],2,Low,Likely Product,Not Sustainable
"Burt's Bees Baby Boys' Sleep & Play PJs, 100% Organic Cotton One-Piece Zip Front Jumpsuit, Baby Boys Footie Pajamas & PJs",4.8,21630,2K+ bought in past month,https://www.amazon.com/Burts-Bees-Baby-One-Piece-Jumpsuit/dp/B07MF5T12J/ref=sr_1_12?dib=eyJ2IjoiMSJ9.R6xU2loQxuXqJpoBViBsHkURulcXPDtjM4uXls28o_LJauwQr2I9PavZ5yIkoyyRCdQSBbqeF-FDctDPEe0rTby1MGF7Hbjd2hpnMGY6ne-iI-2VJ0FsPqFrlfgi6UycqkxfRadCy-BMyqCj2XwsX03iC3SkzURqH2XzUPvxD2Aknm_JTf0EKWihP8n8mmqeJVDFQmJ7ubFTl71UW6YGj8uDl1iSH8qv-MPYN3mNqvRbdQeBptns-nXlLh0p-CDqzkh3jhhdmSp6YMfcducBW9VuUCNOl0wazBSiA-MXy-jSGD2pbo8pH2DEsaqxK0jKIUQKDXvSMFTWSxr6NG4X3bTqobwr9kWFITSVMvYp7B8Gzv9ekgahh-QeDt6iPWkbaZGiLr4u0BCfssVemO49g-ktMiI2LQbJAGp1Foh2X4a5AuFU-Xg1AWuVcrcm1HxD.w6wxMT25oH-hmcoqi_HdY_YTpc0vYFJRADPHo2hs_mQ&dib_tag=se&keywords=organic+cotton+clothing&qid=1741333771&sr=8-12,10.93,https://m.media-amazon.com/images/I/71zyFZUa48L._AC_UL320_.jpg,"burt's bees baby boys' sleep & play pjs, 100% organic cotton one-piece zip front jumpsuit, baby boys footie pajamas & pjs",['organic'],2,Low,Likely Product,Not Sustainable
ORGANICKID Womens Organic Cotton Soft Boxer Briefs and Crop Top Racerback Bra Set Bralette GOTs Certified Panties in Gift Bag,2.0,1,50+ bought in past month,https://www.amazon.com/ORGANICKID-Racerback-Bralette-Certified-Uncolored/dp/B0DQ7KHXT6/ref=sr_1_13?dib=eyJ2IjoiMSJ9.R6xU2loQxuXqJpoBViBsHkURulcXPDtjM4uXls28o_LJauwQr2I9PavZ5yIkoyyRCdQSBbqeF-FDctDPEe0rTby1MGF7Hbjd2hpnMGY6ne-iI-2VJ0FsPqFrlfgi6UycqkxfRadCy-BMyqCj2XwsX03iC3SkzURqH2XzUPvxD2Aknm_JTf0EKWihP8n8mmqeJVDFQmJ7ubFTl71UW6YGj8uDl1iSH8qv-MPYN3mNqvRbdQeBptns-nXlLh0p-CDqzkh3jhhdmSp6YMfcducBW9VuUCNOl0wazBSiA-MXy-jSGD2pbo8pH2DEsaqxK0jKIUQKDXvSMFTWSxr6NG4X3bTqobwr9kWFITSVMvYp7B8Gzv9ekgahh-QeDt6iPWkbaZGiLr4u0BCfssVemO49g-ktMiI2LQbJAGp1Foh2X4a5AuFU-Xg1AWuVcrcm1HxD.w6wxMT25oH-hmcoqi_HdY_YTpc0vYFJRADPHo2hs_mQ&dib_tag=se&keywords=organic+cotton+clothing&qid=1741333771&sr=8-13,10.93,https://m.media-amazon.com/images/I/51h+t0QVCSL._AC_UL320_.jpg,organickid womens organic cotton soft boxer briefs and crop top racerback bra set bralette gots certified panties in gift bag,['organic'],2,Low,Likely Product,Not Sustainable
"Hanes Women's Organic Cotton Panties Pack, Comfortsort Underwear, 6-Pack (Colors May Vary)",4.3,2388,1K+ bought in past month,https://www.amazon.com/Hanes-Womens-Comfort-Briefs-Assorted/dp/B08JS47Q3D/ref=sr_1_14?dib=eyJ2IjoiMSJ9.R6xU2loQxuXqJpoBViBsHkURulcXPDtjM4uXls28o_LJauwQr2I9PavZ5yIkoyyRCdQSBbqeF-FDctDPEe0rTby1MGF7Hbjd2hpnMGY6ne-iI-2VJ0FsPqFrlfgi6UycqkxfRadCy-BMyqCj2XwsX03iC3SkzURqH2XzUPvxD2Aknm_JTf0EKWihP8n8mmqeJVDFQmJ7ubFTl71UW6YGj8uDl1iSH8qv-MPYN3mNqvRbdQeBptns-nXlLh0p-CDqzkh3jhhdmSp6YMfcducBW9VuUCNOl0wazBSiA-MXy-jSGD2pbo8pH2DEsaqxK0jKIUQKDXvSMFTWSxr6NG4X3bTqobwr9kWFITSVMvYp7B8Gzv9ekgahh-QeDt6iPWkbaZGiLr4u0BCfssVemO49g-ktMiI2LQbJAGp1Foh2X4a5AuFU-Xg1AWuVcrcm1HxD.w6wxMT25oH-hmcoqi_HdY_YTpc0vYFJRADPHo2hs_mQ&dib_tag=se&keywords=organic+cotton+clothing&qid=1741333771&sr=8-14,10.93,https://m.media-amazon.com/images/I/61Fb1BGTdjL._AC_UL320_.jpg,"hanes women's organic cotton panties pack, comfortsort underwear, 6-pack (colors may vary)",['organic'],2,Low,Likely Product,Not Sustainable
Women's Maxi Boho Skirt with Pockets Bohemian Organic Cotton Hippie Gypsy,4.4,1325,50+ bought in past month,https://www.amazon.com/Thaluta-Womens-Pockets-Bohemian-Organic/dp/B0B6ZQKJ5G/ref=sr_1_15?dib=eyJ2IjoiMSJ9.R6xU2loQxuXqJpoBViBsHkURulcXPDtjM4uXls28o_LJauwQr2I9PavZ5yIkoyyRCdQSBbqeF-FDctDPEe0rTby1MGF7Hbjd2hpnMGY6ne-iI-2VJ0FsPqFrlfgi6UycqkxfRadCy-BMyqCj2XwsX03iC3SkzURqH2XzUPvxD2Aknm_JTf0EKWihP8n8mmqeJVDFQmJ7ubFTl71UW6YGj8uDl1iSH8qv-MPYN3mNqvRbdQeBptns-nXlLh0p-CDqzkh3jhhdmSp6YMfcducBW9VuUCNOl0wazBSiA-MXy-jSGD2pbo8pH2DEsaqxK0jKIUQKDXvSMFTWSxr6NG4X3bTqobwr9kWFITSVMvYp7B8Gzv9ekgahh-QeDt6iPWkbaZGiLr4u0BCfssVemO49g-ktMiI2LQbJAGp1Foh2X4a5AuFU-Xg1AWuVcrcm1HxD.w6wxMT25oH-hmcoqi_HdY_YTpc0vYFJRADPHo2hs_mQ&dib_tag=se&keywords=organic+cotton+clothing&qid=1741333771&sr=8-15,10.93,https://m.media-amazon.com/images/I/71XSDTSCVxL._AC_UL320_.jpg,women's maxi boho skirt with pockets bohemian organic cotton hippie gypsy,['organic'],2,Low,Likely Product,Not Sustainable
YESNO Women Casual Loose Long Bib Pants Wide Leg Jumpsuits Baggy Cotton Rompers Overalls with Pockets PZZTYP2,4.3,24664,50+ bought in past month,https://www.amazon.com/YESNO-Cropped-Jumpsuits-Overalls-B-Hemp-Cotton/dp/B07X2SQ9XQ/ref=sr_1_16?dib=eyJ2IjoiMSJ9.R6xU2loQxuXqJpoBViBsHkURulcXPDtjM4uXls28o_LJauwQr2I9PavZ5yIkoyyRCdQSBbqeF-FDctDPEe0rTby1MGF7Hbjd2hpnMGY6ne-iI-2VJ0FsPqFrlfgi6UycqkxfRadCy-BMyqCj2XwsX03iC3SkzURqH2XzUPvxD2Aknm_JTf0EKWihP8n8mmqeJVDFQmJ7ubFTl71UW6YGj8uDl1iSH8qv-MPYN3mNqvRbdQeBptns-nXlLh0p-CDqzkh3jhhdmSp6YMfcducBW9VuUCNOl0wazBSiA-MXy-jSGD2pbo8pH2DEsaqxK0jKIUQKDXvSMFTWSxr6NG4X3bTqobwr9kWFITSVMvYp7B8Gzv9ekgahh-QeDt6iPWkbaZGiLr4u0BCfssVemO49g-ktMiI2LQbJAGp1Foh2X4a5AuFU-Xg1AWuVcrcm1HxD.w6wxMT25oH-hmcoqi_HdY_YTpc0vYFJRADPHo2hs_mQ&dib_tag=se&keywords=organic+cotton+clothing&qid=1741333771&sr=8-16,10.93,https://m.media-amazon.com/images/I/51hf6S28xAL._AC_UL320_.jpg,yesno women casual loose long bib pants wide leg jumpsuits baggy cotton rompers overalls with pockets pzztyp2,[],0,Low,Likely Product,Not Sustainable
Neer 3 Pcs Women's Wide Leg Yoga Pant Comfy Loose High Waist Lounge Waist Lounge Casual Athletic Workout Joggers Apparel,4.1,3159,50+ bought in past month,https://www.amazon.com/s?k=organic+cotton+clothing#,10.93,https://m.media-amazon.com/images/I/81f8L3VZLQL._AC_UL320_.jpg,neer 3 pcs women's wide leg yoga pant comfy loose high waist lounge waist lounge casual athletic workout joggers apparel,[],0,Low,Likely Product,Not Sustainable
Smile Fish Women Crewneck Loose Fit Tunic Tops Short Sleeve Dressy Casual Summer Long Tee Shirts,4.3,79,50+ bought in past month,https://www.amazon.com/s?k=organic+cotton+clothing#,10.93,https://m.media-amazon.com/images/I/71xzkao4sBL._AC_UL320_.jpg,smile fish women crewneck loose fit tunic tops short sleeve dressy casual summer long tee shirts,[],0,Low,Likely Product,Not Sustainable
Colored Organics - Organic Cotton Long Sleeve Baby & Toddler Hoodie Pullover Shirt - Boy & Girl Clothing,4.2,45,50+ bought in past month,https://www.amazon.com/s?k=organic+cotton+clothing#,10.93,https://m.media-amazon.com/images/I/71FcwvLrO0L._AC_UL320_.jpg,colored organics - organic cotton long sleeve baby & toddler hoodie pullover shirt - boy & girl clothing,['organic'],2,Low,Likely Product,Not Sustainable
ANRABESS Women Linen Pants Casual Loose High Waist Boho Wide Leg Cropped Palazzo Beach Pants Summer Outfits 2025 Trendy,3.9,2609,50+ bought in past month,https://www.amazon.com/s?k=organic+cotton+clothing#,10.93,https://m.media-amazon.com/images/I/71eANkccNjL._AC_UL320_.jpg,anrabess women linen pants casual loose high waist boho wide leg cropped palazzo beach pants summer outfits 2025 trendy,[],0,Low,Likely Product,Not Sustainable
COOFANDY Men's Henley Shirts Cotton Short Sleeve Casual T-Shirt Button Henley Basic Tee,4.3,65,50+ bought in past month,https://www.amazon.com/s?k=organic+cotton+clothing#,10.93,https://m.media-amazon.com/images/I/71oQnK2lbhL._AC_UL320_.jpg,coofandy men's henley shirts cotton short sleeve casual t-shirt button henley basic tee,[],0,Low,Likely Product,Not Sustainable
Women's GOTS Certified 100% Organic Cotton Slub V-Neck T Shirt Short Sleeve Tee Tops,4.0,11,50+ bought in past month,https://www.amazon.com/s?k=organic+cotton+clothing#,10.93,https://m.media-amazon.com/images/I/81y8NCtfxsL._AC_UL320_.jpg,women's gots certified 100% organic cotton slub v-neck t shirt short sleeve tee tops,['organic'],2,Low,Likely Product,Not Sustainable
"Crewneck 100% Certified Organic Cotton, Soft Shirts for Men",4.4,300,50+ bought in past month,https://www.amazon.com/s?k=organic+cotton+clothing#,10.93,https://m.media-amazon.com/images/I/812FRKdMPVL._AC_UL320_.jpg,"crewneck 100% certified organic cotton, soft shirts for men",['organic'],2,Low,Likely Product,Not Sustainable
Pact Women's Cotton Camisole Tank Top with Built-in Shelf Bra,4.2,5920,100+ bought in past month,https://www.amazon.com/s?k=organic+cotton+clothing#,10.93,https://m.media-amazon.com/images/I/71Ln7dUPl3L._AC_UL320_.jpg,pact women's cotton camisole tank top with built-in shelf bra,[],0,Low,Likely Product,Not Sustainable
LNX Womens Linen Pants High Waisted Wide Leg Drawstring Casual Loose Trousers with Pockets,4.0,6654,50+ bought in past month,https://www.amazon.com/s?k=organic+cotton+clothing#,10.93,https://m.media-amazon.com/images/I/7195B4DLbbL._AC_UL320_.jpg,lnx womens linen pants high waisted wide leg drawstring casual loose trousers with pockets,[],0,Low,Likely Product,Not Sustainable
Womens Casual Sleeveless Strap Loose Adjustable Jumpsuits Stretchy Long Pants Romper with Pockets,4.4,8293,200+ bought in past month,https://www.amazon.com/s?k=organic+cotton+clothing#,10.93,https://m.media-amazon.com/images/I/51QXXNs5Z9S._AC_UL320_.jpg,womens casual sleeveless strap loose adjustable jumpsuits stretchy long pants romper with pockets,[],0,Low,Likely Product,Not Sustainable
COOFANDY Men's Cotton Linen Henley T-Shirts Long Sleeve Hippie Casual Beach T-Shirts,4.2,29246,50+ bought in past month,https://www.amazon.com/s?k=organic+cotton+clothing#,10.93,https://m.media-amazon.com/images/I/61FSEazoXWL._AC_UL320_.jpg,coofandy men's cotton linen henley t-shirts long sleeve hippie casual beach t-shirts,[],0,Low,Likely Product,Not Sustainable
Colored Organics Baby Zip-Up Footed Sleeper with 2-Way Zipper - Newborn Organic Cotton Pajamas,4.6,82,50+ bought in past month,https://www.amazon.com/s?k=organic+cotton+clothing#,10.93,https://m.media-amazon.com/images/I/51W6wSNMFuL._AC_UL320_.jpg,colored organics baby zip-up footed sleeper with 2-way zipper - newborn organic cotton pajamas,['organic'],2,Low,Likely Product,Not Sustainable
"HonestBaby Sleep & Play Footed One-Piece Pajama Sleeper 100% Organic Cotton, Baby Boys",4.7,561,100+ bought in past month,https://www.amazon.com/HonestBaby-Pajamas-One-Piece-Jumpsuit-Zip-front/dp/B0CFG4BP2L/ref=sr_1_41?dib=eyJ2IjoiMSJ9.R6xU2loQxuXqJpoBViBsHkURulcXPDtjM4uXls28o_LJauwQr2I9PavZ5yIkoyyRCdQSBbqeF-FDctDPEe0rTby1MGF7Hbjd2hpnMGY6ne-iI-2VJ0FsPqFrlfgi6UycqkxfRadCy-BMyqCj2XwsX03iC3SkzURqH2XzUPvxD2Aknm_JTf0EKWihP8n8mmqeJVDFQmJ7ubFTl71UW6YGj8uDl1iSH8qv-MPYN3mNqvRbdQeBptns-nXlLh0p-CDqzkh3jhhdmSp6YMfcducBW9VuUCNOl0wazBSiA-MXy-jSGD2pbo8pH2DEsaqxK0jKIUQKDXvSMFTWSxr6NG4X3bTqobwr9kWFITSVMvYp7B8Gzv9ekgahh-QeDt6iPWkbaZGiLr4u0BCfssVemO49g-ktMiI2LQbJAGp1Foh2X4a5AuFU-Xg1AWuVcrcm1HxD.w6wxMT25oH-hmcoqi_HdY_YTpc0vYFJRADPHo2hs_mQ&dib_tag=se&keywords=organic+cotton+clothing&qid=1741333771&sr=8-41,10.93,https://m.media-amazon.com/images/I/61uDOxuzQzL._AC_UL320_.jpg,"honestbaby sleep & play footed one-piece pajama sleeper 100% organic cotton, baby boys",['organic'],2,Low,Likely Product,Not Sustainable
"HonestBaby Multipack Pullover Hoodie Sweatshirt Jogger Sweatpant Sets Organic Cotton Baby, Toddler, Boys, Girls, Unisex",4.4,250,50+ bought in past month,https://www.amazon.com/HonestBaby-Multipack-Pullover-Sweatshirt-Sweatpant/dp/B0CP33N9T4/ref=sr_1_42?dib=eyJ2IjoiMSJ9.R6xU2loQxuXqJpoBViBsHkURulcXPDtjM4uXls28o_LJauwQr2I9PavZ5yIkoyyRCdQSBbqeF-FDctDPEe0rTby1MGF7Hbjd2hpnMGY6ne-iI-2VJ0FsPqFrlfgi6UycqkxfRadCy-BMyqCj2XwsX03iC3SkzURqH2XzUPvxD2Aknm_JTf0EKWihP8n8mmqeJVDFQmJ7ubFTl71UW6YGj8uDl1iSH8qv-MPYN3mNqvRbdQeBptns-nXlLh0p-CDqzkh3jhhdmSp6YMfcducBW9VuUCNOl0wazBSiA-MXy-jSGD2pbo8pH2DEsaqxK0jKIUQKDXvSMFTWSxr6NG4X3bTqobwr9kWFITSVMvYp7B8Gzv9ekgahh-QeDt6iPWkbaZGiLr4u0BCfssVemO49g-ktMiI2LQbJAGp1Foh2X4a5AuFU-Xg1AWuVcrcm1HxD.w6wxMT25oH-hmcoqi_HdY_YTpc0vYFJRADPHo2hs_mQ&dib_tag=se&keywords=organic+cotton+clothing&qid=1741333771&sr=8-42,10.93,https://m.media-amazon.com/images/I/61jmqXE+ltL._AC_UL320_.jpg,"honestbaby multipack pullover hoodie sweatshirt jogger sweatpant sets organic cotton baby, toddler, boys, girls, unisex",['organic'],2,Low,Likely Product,Not Sustainable
"Amazon Essentials Cotton Sweaters for Women - Funnel-Neck, Available in Plus Size",4.4,528,50+ bought in past month,https://www.amazon.com/Amazon-Essentials-Funnel-Neck-Sweater-Available/dp/B0BG7JNLX2/ref=sr_1_43?dib=eyJ2IjoiMSJ9.R6xU2loQxuXqJpoBViBsHkURulcXPDtjM4uXls28o_LJauwQr2I9PavZ5yIkoyyRCdQSBbqeF-FDctDPEe0rTby1MGF7Hbjd2hpnMGY6ne-iI-2VJ0FsPqFrlfgi6UycqkxfRadCy-BMyqCj2XwsX03iC3SkzURqH2XzUPvxD2Aknm_JTf0EKWihP8n8mmqeJVDFQmJ7ubFTl71UW6YGj8uDl1iSH8qv-MPYN3mNqvRbdQeBptns-nXlLh0p-CDqzkh3jhhdmSp6YMfcducBW9VuUCNOl0wazBSiA-MXy-jSGD2pbo8pH2DEsaqxK0jKIUQKDXvSMFTWSxr6NG4X3bTqobwr9kWFITSVMvYp7B8Gzv9ekgahh-QeDt6iPWkbaZGiLr4u0BCfssVemO49g-ktMiI2LQbJAGp1Foh2X4a5AuFU-Xg1AWuVcrcm1HxD.w6wxMT25oH-hmcoqi_HdY_YTpc0vYFJRADPHo2hs_mQ&dib_tag=se&keywords=organic+cotton+clothing&qid=1741333771&sr=8-43,10.93,https://m.media-amazon.com/images/I/91AMfPg-8vL._AC_UL320_.jpg,"amazon essentials cotton sweaters for women - funnel-neck, available in plus size",[],0,Low,Likely Product,Not Sustainable
"HonestBaby Sleep & Play Footed One-Piece Pajama Sleeper 100% Organic Cotton, Baby Girls",4.7,1184,100+ bought in past month,https://www.amazon.com/HonestBaby-Footed-Pajamas-Organic-Newborn/dp/B0C9P1V4NC/ref=sr_1_44?dib=eyJ2IjoiMSJ9.R6xU2loQxuXqJpoBViBsHkURulcXPDtjM4uXls28o_LJauwQr2I9PavZ5yIkoyyRCdQSBbqeF-FDctDPEe0rTby1MGF7Hbjd2hpnMGY6ne-iI-2VJ0FsPqFrlfgi6UycqkxfRadCy-BMyqCj2XwsX03iC3SkzURqH2XzUPvxD2Aknm_JTf0EKWihP8n8mmqeJVDFQmJ7ubFTl71UW6YGj8uDl1iSH8qv-MPYN3mNqvRbdQeBptns-nXlLh0p-CDqzkh3jhhdmSp6YMfcducBW9VuUCNOl0wazBSiA-MXy-jSGD2pbo8pH2DEsaqxK0jKIUQKDXvSMFTWSxr6NG4X3bTqobwr9kWFITSVMvYp7B8Gzv9ekgahh-QeDt6iPWkbaZGiLr4u0BCfssVemO49g-ktMiI2LQbJAGp1Foh2X4a5AuFU-Xg1AWuVcrcm1HxD.w6wxMT25oH-hmcoqi_HdY_YTpc0vYFJRADPHo2hs_mQ&dib_tag=se&keywords=organic+cotton+clothing&qid=1741333771&sr=8-44,10.93,https://m.media-amazon.com/images/I/81rpdAS8W6L._AC_UL320_.jpg,"honestbaby sleep & play footed one-piece pajama sleeper 100% organic cotton, baby girls",['organic'],2,Low,Likely Product,Not Sustainable
Elesomo Womens T Shirts V Neck Summer Short/Long Sleeve Cotton Tops Tees,4.1,1863,300+ bought in past month,https://www.amazon.com/Elesomo-Womens-Shirts-Sleeve-Summer/dp/B0C32PDRQH/ref=sr_1_45?dib=eyJ2IjoiMSJ9.R6xU2loQxuXqJpoBViBsHkURulcXPDtjM4uXls28o_LJauwQr2I9PavZ5yIkoyyRCdQSBbqeF-FDctDPEe0rTby1MGF7Hbjd2hpnMGY6ne-iI-2VJ0FsPqFrlfgi6UycqkxfRadCy-BMyqCj2XwsX03iC3SkzURqH2XzUPvxD2Aknm_JTf0EKWihP8n8mmqeJVDFQmJ7ubFTl71UW6YGj8uDl1iSH8qv-MPYN3mNqvRbdQeBptns-nXlLh0p-CDqzkh3jhhdmSp6YMfcducBW9VuUCNOl0wazBSiA-MXy-jSGD2pbo8pH2DEsaqxK0jKIUQKDXvSMFTWSxr6NG4X3bTqobwr9kWFITSVMvYp7B8Gzv9ekgahh-QeDt6iPWkbaZGiLr4u0BCfssVemO49g-ktMiI2LQbJAGp1Foh2X4a5AuFU-Xg1AWuVcrcm1HxD.w6wxMT25oH-hmcoqi_HdY_YTpc0vYFJRADPHo2hs_mQ&dib_tag=se&keywords=organic+cotton+clothing&qid=1741333771&sr=8-45,10.93,https://m.media-amazon.com/images/I/71Kchu7YzBL._AC_UL320_.jpg,elesomo womens t shirts v neck summer short/long sleeve cotton tops tees,[],0,Low,Likely Product,Not Sustainable
little planet by carter's Baby Organic Cotton Wearable Blanket,4.6,214,50+ bought in past month,https://www.amazon.com/little-planet-carters-Wearable-Blanket/dp/B0DM3CYWZG/ref=sr_1_46?dib=eyJ2IjoiMSJ9.R6xU2loQxuXqJpoBViBsHkURulcXPDtjM4uXls28o_LJauwQr2I9PavZ5yIkoyyRCdQSBbqeF-FDctDPEe0rTby1MGF7Hbjd2hpnMGY6ne-iI-2VJ0FsPqFrlfgi6UycqkxfRadCy-BMyqCj2XwsX03iC3SkzURqH2XzUPvxD2Aknm_JTf0EKWihP8n8mmqeJVDFQmJ7ubFTl71UW6YGj8uDl1iSH8qv-MPYN3mNqvRbdQeBptns-nXlLh0p-CDqzkh3jhhdmSp6YMfcducBW9VuUCNOl0wazBSiA-MXy-jSGD2pbo8pH2DEsaqxK0jKIUQKDXvSMFTWSxr6NG4X3bTqobwr9kWFITSVMvYp7B8Gzv9ekgahh-QeDt6iPWkbaZGiLr4u0BCfssVemO49g-ktMiI2LQbJAGp1Foh2X4a5AuFU-Xg1AWuVcrcm1HxD.w6wxMT25oH-hmcoqi_HdY_YTpc0vYFJRADPHo2hs_mQ&dib_tag=se&keywords=organic+cotton+clothing&qid=1741333771&sr=8-46,10.93,https://m.media-amazon.com/images/I/810jzBrHv4L._AC_UL320_.jpg,little planet by carter's baby organic cotton wearable blanket,['organic'],2,Low,Likely Product,Not Sustainable
"City Threads Women's 100% Cotton Leggings Made in USA, Sensitive Skin & SPD Sensory Friendly for Yoga, Gym, Sports, Everyday",3.9,248,50+ bought in past month,https://www.amazon.com/City-Threads-Leggings-Sensitive-Friendly/dp/B094NSSXHW/ref=sr_1_47?dib=eyJ2IjoiMSJ9.R6xU2loQxuXqJpoBViBsHkURulcXPDtjM4uXls28o_LJauwQr2I9PavZ5yIkoyyRCdQSBbqeF-FDctDPEe0rTby1MGF7Hbjd2hpnMGY6ne-iI-2VJ0FsPqFrlfgi6UycqkxfRadCy-BMyqCj2XwsX03iC3SkzURqH2XzUPvxD2Aknm_JTf0EKWihP8n8mmqeJVDFQmJ7ubFTl71UW6YGj8uDl1iSH8qv-MPYN3mNqvRbdQeBptns-nXlLh0p-CDqzkh3jhhdmSp6YMfcducBW9VuUCNOl0wazBSiA-MXy-jSGD2pbo8pH2DEsaqxK0jKIUQKDXvSMFTWSxr6NG4X3bTqobwr9kWFITSVMvYp7B8Gzv9ekgahh-QeDt6iPWkbaZGiLr4u0BCfssVemO49g-ktMiI2LQbJAGp1Foh2X4a5AuFU-Xg1AWuVcrcm1HxD.w6wxMT25oH-hmcoqi_HdY_YTpc0vYFJRADPHo2hs_mQ&dib_tag=se&keywords=organic+cotton+clothing&qid=1741333771&sr=8-47,10.93,https://m.media-amazon.com/images/I/61QYex+IsxL._AC_UL320_.jpg,"city threads women's 100% cotton leggings made in usa, sensitive skin & spd sensory friendly for yoga, gym, sports, everyday",[],0,Low,Likely Product,Not Sustainable
"HonestBaby Multipack Long Sleeve T-shirts Tee 100% Organic Cotton Baby, Toddler, Kids, Boys, Girls",4.4,461,50+ bought in past month,https://www.amazon.com/HonestBaby-Multipack-T-Shirts-Organic-Toddler/dp/B0D5SJ2TGJ/ref=sr_1_48?dib=eyJ2IjoiMSJ9.R6xU2loQxuXqJpoBViBsHkURulcXPDtjM4uXls28o_LJauwQr2I9PavZ5yIkoyyRCdQSBbqeF-FDctDPEe0rTby1MGF7Hbjd2hpnMGY6ne-iI-2VJ0FsPqFrlfgi6UycqkxfRadCy-BMyqCj2XwsX03iC3SkzURqH2XzUPvxD2Aknm_JTf0EKWihP8n8mmqeJVDFQmJ7ubFTl71UW6YGj8uDl1iSH8qv-MPYN3mNqvRbdQeBptns-nXlLh0p-CDqzkh3jhhdmSp6YMfcducBW9VuUCNOl0wazBSiA-MXy-jSGD2pbo8pH2DEsaqxK0jKIUQKDXvSMFTWSxr6NG4X3bTqobwr9kWFITSVMvYp7B8Gzv9ekgahh-QeDt6iPWkbaZGiLr4u0BCfssVemO49g-ktMiI2LQbJAGp1Foh2X4a5AuFU-Xg1AWuVcrcm1HxD.w6wxMT25oH-hmcoqi_HdY_YTpc0vYFJRADPHo2hs_mQ&dib_tag=se&keywords=organic+cotton+clothing&qid=1741333771&sr=8-48,10.93,https://m.media-amazon.com/images/I/81qzL9VfJdL._AC_UL320_.jpg,"honestbaby multipack long sleeve t-shirts tee 100% organic cotton baby, toddler, kids, boys, girls",['organic'],2,Low,Likely Product,Not Sustainable
"Burt's Bees Baby Girls Zip Front One-Piece Pajamas, Sleep & Play Loose Fit, 100% Organic Cotton, Newborn",4.8,6982,500+ bought in past month,https://www.amazon.com/Burts-Bees-Baby-One-Piece-Jumpsuit/dp/B08YH1JP9H/ref=sr_1_49?dib=eyJ2IjoiMSJ9.R6xU2loQxuXqJpoBViBsHkURulcXPDtjM4uXls28o_LJauwQr2I9PavZ5yIkoyyRCdQSBbqeF-FDctDPEe0rTby1MGF7Hbjd2hpnMGY6ne-iI-2VJ0FsPqFrlfgi6UycqkxfRadCy-BMyqCj2XwsX03iC3SkzURqH2XzUPvxD2Aknm_JTf0EKWihP8n8mmqeJVDFQmJ7ubFTl71UW6YGj8uDl1iSH8qv-MPYN3mNqvRbdQeBptns-nXlLh0p-CDqzkh3jhhdmSp6YMfcducBW9VuUCNOl0wazBSiA-MXy-jSGD2pbo8pH2DEsaqxK0jKIUQKDXvSMFTWSxr6NG4X3bTqobwr9kWFITSVMvYp7B8Gzv9ekgahh-QeDt6iPWkbaZGiLr4u0BCfssVemO49g-ktMiI2LQbJAGp1Foh2X4a5AuFU-Xg1AWuVcrcm1HxD.w6wxMT25oH-hmcoqi_HdY_YTpc0vYFJRADPHo2hs_mQ&dib_tag=se&keywords=organic+cotton+clothing&qid=1741333771&sr=8-49,10.93,https://m.media-amazon.com/images/I/71bGqSmmZ2L._AC_UL320_.jpg,"burt's bees baby girls zip front one-piece pajamas, sleep & play loose fit, 100% organic cotton, newborn",['organic'],2,Low,Likely Product,Not Sustainable
"Burt's Bees Baby Boys Pajamas, 2-Piece Long Sleeve Tee and Long Pant Cotton PJ Set, Sizes for 12 Months to 12 Years",4.8,14904,400+ bought in past month,https://www.amazon.com/Burts-Bees-Baby-Pajamas-Herbivores/dp/B08Q3H4W7T/ref=sr_1_50?dib=eyJ2IjoiMSJ9.R6xU2loQxuXqJpoBViBsHkURulcXPDtjM4uXls28o_LJauwQr2I9PavZ5yIkoyyRCdQSBbqeF-FDctDPEe0rTby1MGF7Hbjd2hpnMGY6ne-iI-2VJ0FsPqFrlfgi6UycqkxfRadCy-BMyqCj2XwsX03iC3SkzURqH2XzUPvxD2Aknm_JTf0EKWihP8n8mmqeJVDFQmJ7ubFTl71UW6YGj8uDl1iSH8qv-MPYN3mNqvRbdQeBptns-nXlLh0p-CDqzkh3jhhdmSp6YMfcducBW9VuUCNOl0wazBSiA-MXy-jSGD2pbo8pH2DEsaqxK0jKIUQKDXvSMFTWSxr6NG4X3bTqobwr9kWFITSVMvYp7B8Gzv9ekgahh-QeDt6iPWkbaZGiLr4u0BCfssVemO49g-ktMiI2LQbJAGp1Foh2X4a5AuFU-Xg1AWuVcrcm1HxD.w6wxMT25oH-hmcoqi_HdY_YTpc0vYFJRADPHo2hs_mQ&dib_tag=se&keywords=organic+cotton+clothing&qid=1741333771&sr=8-50,10.93,https://m.media-amazon.com/images/I/714E14H4f9L._AC_UL320_.jpg,"burt's bees baby boys pajamas, 2-piece long sleeve tee and long pant cotton pj set, sizes for 12 months to 12 years",[],0,Low,Likely Product,Not Sustainable
HonestBaby Baby Long Sleeve Side-Snap Organic Cotton Kimono Bodysuits (3 Pack),4.8,2020,400+ bought in past month,https://www.amazon.com/HonestBaby-Organic-Side-snap-Bodysuits-Honestly/dp/B0BVMXF1DJ/ref=sr_1_51?dib=eyJ2IjoiMSJ9.R6xU2loQxuXqJpoBViBsHkURulcXPDtjM4uXls28o_LJauwQr2I9PavZ5yIkoyyRCdQSBbqeF-FDctDPEe0rTby1MGF7Hbjd2hpnMGY6ne-iI-2VJ0FsPqFrlfgi6UycqkxfRadCy-BMyqCj2XwsX03iC3SkzURqH2XzUPvxD2Aknm_JTf0EKWihP8n8mmqeJVDFQmJ7ubFTl71UW6YGj8uDl1iSH8qv-MPYN3mNqvRbdQeBptns-nXlLh0p-CDqzkh3jhhdmSp6YMfcducBW9VuUCNOl0wazBSiA-MXy-jSGD2pbo8pH2DEsaqxK0jKIUQKDXvSMFTWSxr6NG4X3bTqobwr9kWFITSVMvYp7B8Gzv9ekgahh-QeDt6iPWkbaZGiLr4u0BCfssVemO49g-ktMiI2LQbJAGp1Foh2X4a5AuFU-Xg1AWuVcrcm1HxD.w6wxMT25oH-hmcoqi_HdY_YTpc0vYFJRADPHo2hs_mQ&dib_tag=se&keywords=organic+cotton+clothing&qid=1741333771&sr=8-51,10.93,https://m.media-amazon.com/images/I/61J9Rf5-NHL._AC_UL320_.jpg,honestbaby baby long sleeve side-snap organic cotton kimono bodysuits (3 pack),['organic'],2,Low,Likely Product,Not Sustainable
HonestBaby Unisex Baby Holiday Sleep & Play Footed One-Piece Pajama Sleeper 100% Organic Cotton,4.6,265,50+ bought in past month,https://www.amazon.com/HonestBaby-Holiday-One-Piece-Sleeper-Organic/dp/B0DDZPY4NJ/ref=sr_1_52?dib=eyJ2IjoiMSJ9.R6xU2loQxuXqJpoBViBsHkURulcXPDtjM4uXls28o_LJauwQr2I9PavZ5yIkoyyRCdQSBbqeF-FDctDPEe0rTby1MGF7Hbjd2hpnMGY6ne-iI-2VJ0FsPqFrlfgi6UycqkxfRadCy-BMyqCj2XwsX03iC3SkzURqH2XzUPvxD2Aknm_JTf0EKWihP8n8mmqeJVDFQmJ7ubFTl71UW6YGj8uDl1iSH8qv-MPYN3mNqvRbdQeBptns-nXlLh0p-CDqzkh3jhhdmSp6YMfcducBW9VuUCNOl0wazBSiA-MXy-jSGD2pbo8pH2DEsaqxK0jKIUQKDXvSMFTWSxr6NG4X3bTqobwr9kWFITSVMvYp7B8Gzv9ekgahh-QeDt6iPWkbaZGiLr4u0BCfssVemO49g-ktMiI2LQbJAGp1Foh2X4a5AuFU-Xg1AWuVcrcm1HxD.w6wxMT25oH-hmcoqi_HdY_YTpc0vYFJRADPHo2hs_mQ&dib_tag=se&keywords=organic+cotton+clothing&qid=1741333771&sr=8-52,10.93,https://m.media-amazon.com/images/I/71CKobdSkvL._AC_UL320_.jpg,honestbaby unisex baby holiday sleep & play footed one-piece pajama sleeper 100% organic cotton,['organic'],2,Low,Likely Product,Not Sustainable
"HonestBaby 3-Pack Footed Pants Roomy Fit Pull on Bottoms 100% Organic Cotton for Infant Baby Boys, Girls, Unisex",4.6,3551,200+ bought in past month,https://www.amazon.com/HonestBaby-3-Pack-Organic-Cotton-Footed/dp/B07WT7ZHP9/ref=sr_1_53?dib=eyJ2IjoiMSJ9.R6xU2loQxuXqJpoBViBsHkURulcXPDtjM4uXls28o_LJauwQr2I9PavZ5yIkoyyRCdQSBbqeF-FDctDPEe0rTby1MGF7Hbjd2hpnMGY6ne-iI-2VJ0FsPqFrlfgi6UycqkxfRadCy-BMyqCj2XwsX03iC3SkzURqH2XzUPvxD2Aknm_JTf0EKWihP8n8mmqeJVDFQmJ7ubFTl71UW6YGj8uDl1iSH8qv-MPYN3mNqvRbdQeBptns-nXlLh0p-CDqzkh3jhhdmSp6YMfcducBW9VuUCNOl0wazBSiA-MXy-jSGD2pbo8pH2DEsaqxK0jKIUQKDXvSMFTWSxr6NG4X3bTqobwr9kWFITSVMvYp7B8Gzv9ekgahh-QeDt6iPWkbaZGiLr4u0BCfssVemO49g-ktMiI2LQbJAGp1Foh2X4a5AuFU-Xg1AWuVcrcm1HxD.w6wxMT25oH-hmcoqi_HdY_YTpc0vYFJRADPHo2hs_mQ&dib_tag=se&keywords=organic+cotton+clothing&qid=1741333771&sr=8-53,10.93,https://m.media-amazon.com/images/I/61Qx1RG4-xL._AC_UL320_.jpg,"honestbaby 3-pack footed pants roomy fit pull on bottoms 100% organic cotton for infant baby boys, girls, unisex",['organic'],2,Low,Likely Product,Not Sustainable
little planet by carter's Baby 2-Pack Pants Made with Organic Cotton,4.3,837,50+ bought in past month,https://www.amazon.com/little-planet-carters-unisex-baby-Organic/dp/B0CQD3FY83/ref=sr_1_54?dib=eyJ2IjoiMSJ9.R6xU2loQxuXqJpoBViBsHkURulcXPDtjM4uXls28o_LJauwQr2I9PavZ5yIkoyyRCdQSBbqeF-FDctDPEe0rTby1MGF7Hbjd2hpnMGY6ne-iI-2VJ0FsPqFrlfgi6UycqkxfRadCy-BMyqCj2XwsX03iC3SkzURqH2XzUPvxD2Aknm_JTf0EKWihP8n8mmqeJVDFQmJ7ubFTl71UW6YGj8uDl1iSH8qv-MPYN3mNqvRbdQeBptns-nXlLh0p-CDqzkh3jhhdmSp6YMfcducBW9VuUCNOl0wazBSiA-MXy-jSGD2pbo8pH2DEsaqxK0jKIUQKDXvSMFTWSxr6NG4X3bTqobwr9kWFITSVMvYp7B8Gzv9ekgahh-QeDt6iPWkbaZGiLr4u0BCfssVemO49g-ktMiI2LQbJAGp1Foh2X4a5AuFU-Xg1AWuVcrcm1HxD.w6wxMT25oH-hmcoqi_HdY_YTpc0vYFJRADPHo2hs_mQ&dib_tag=se&keywords=organic+cotton+clothing&qid=1741333771&sr=8-54,10.93,https://m.media-amazon.com/images/I/810+zAecZKL._AC_UL320_.jpg,little planet by carter's baby 2-pack pants made with organic cotton,['organic'],2,Low,Likely Product,Not Sustainable
CRZ YOGA Pima Cotton Cropped Workout Tank Tops for Women - Sleeveless Sports Athletic Yoga Running Gym Crop Shirts,4.4,2887,200+ bought in past month,https://www.amazon.com/CRZ-YOGA-Workout-Sleeveless-Running/dp/B08KXY919Q/ref=sr_1_55?dib=eyJ2IjoiMSJ9.R6xU2loQxuXqJpoBViBsHkURulcXPDtjM4uXls28o_LJauwQr2I9PavZ5yIkoyyRCdQSBbqeF-FDctDPEe0rTby1MGF7Hbjd2hpnMGY6ne-iI-2VJ0FsPqFrlfgi6UycqkxfRadCy-BMyqCj2XwsX03iC3SkzURqH2XzUPvxD2Aknm_JTf0EKWihP8n8mmqeJVDFQmJ7ubFTl71UW6YGj8uDl1iSH8qv-MPYN3mNqvRbdQeBptns-nXlLh0p-CDqzkh3jhhdmSp6YMfcducBW9VuUCNOl0wazBSiA-MXy-jSGD2pbo8pH2DEsaqxK0jKIUQKDXvSMFTWSxr6NG4X3bTqobwr9kWFITSVMvYp7B8Gzv9ekgahh-QeDt6iPWkbaZGiLr4u0BCfssVemO49g-ktMiI2LQbJAGp1Foh2X4a5AuFU-Xg1AWuVcrcm1HxD.w6wxMT25oH-hmcoqi_HdY_YTpc0vYFJRADPHo2hs_mQ&dib_tag=se&keywords=organic+cotton+clothing&qid=1741333771&sr=8-55,10.93,https://m.media-amazon.com/images/I/71c9mL8dQSL._AC_UL320_.jpg,crz yoga pima cotton cropped workout tank tops for women - sleeveless sports athletic yoga running gym crop shirts,[],0,Low,Likely Product,Not Sustainable
"Burt's Bees Baby Unisex Baby 3-Pack Short Sleeve Bodysuits, 100% Organic Cotton",4.8,1273,50+ bought in past month,https://www.amazon.com/Burts-Bees-Baby-Bodysuits-Organic/dp/B0D71YHHQ2/ref=sr_1_56?dib=eyJ2IjoiMSJ9.R6xU2loQxuXqJpoBViBsHkURulcXPDtjM4uXls28o_LJauwQr2I9PavZ5yIkoyyRCdQSBbqeF-FDctDPEe0rTby1MGF7Hbjd2hpnMGY6ne-iI-2VJ0FsPqFrlfgi6UycqkxfRadCy-BMyqCj2XwsX03iC3SkzURqH2XzUPvxD2Aknm_JTf0EKWihP8n8mmqeJVDFQmJ7ubFTl71UW6YGj8uDl1iSH8qv-MPYN3mNqvRbdQeBptns-nXlLh0p-CDqzkh3jhhdmSp6YMfcducBW9VuUCNOl0wazBSiA-MXy-jSGD2pbo8pH2DEsaqxK0jKIUQKDXvSMFTWSxr6NG4X3bTqobwr9kWFITSVMvYp7B8Gzv9ekgahh-QeDt6iPWkbaZGiLr4u0BCfssVemO49g-ktMiI2LQbJAGp1Foh2X4a5AuFU-Xg1AWuVcrcm1HxD.w6wxMT25oH-hmcoqi_HdY_YTpc0vYFJRADPHo2hs_mQ&dib_tag=se&keywords=organic+cotton+clothing&qid=1741333771&sr=8-56,10.93,https://m.media-amazon.com/images/I/71alpZ6RTJL._AC_UL320_.jpg,"burt's bees baby unisex baby 3-pack short sleeve bodysuits, 100% organic cotton",['organic'],2,Low,Likely Product,Not Sustainable
LILLUSORY Womens Oversized Striped Soft Knit Pullover Sweater Shirts with Chest Pocket,4.4,598,300+ bought in past month,https://www.amazon.com/LILLUSORY-Oversized-Sweaters-Lightweight-Pullover/dp/B0D6BR7459/ref=sr_1_57?dib=eyJ2IjoiMSJ9.R6xU2loQxuXqJpoBViBsHkURulcXPDtjM4uXls28o_LJauwQr2I9PavZ5yIkoyyRCdQSBbqeF-FDctDPEe0rTby1MGF7Hbjd2hpnMGY6ne-iI-2VJ0FsPqFrlfgi6UycqkxfRadCy-BMyqCj2XwsX03iC3SkzURqH2XzUPvxD2Aknm_JTf0EKWihP8n8mmqeJVDFQmJ7ubFTl71UW6YGj8uDl1iSH8qv-MPYN3mNqvRbdQeBptns-nXlLh0p-CDqzkh3jhhdmSp6YMfcducBW9VuUCNOl0wazBSiA-MXy-jSGD2pbo8pH2DEsaqxK0jKIUQKDXvSMFTWSxr6NG4X3bTqobwr9kWFITSVMvYp7B8Gzv9ekgahh-QeDt6iPWkbaZGiLr4u0BCfssVemO49g-ktMiI2LQbJAGp1Foh2X4a5AuFU-Xg1AWuVcrcm1HxD.w6wxMT25oH-hmcoqi_HdY_YTpc0vYFJRADPHo2hs_mQ&dib_tag=se&keywords=organic+cotton+clothing&qid=1741333771&sr=8-57,10.93,https://m.media-amazon.com/images/I/81q71aBITgL._AC_UL320_.jpg,lillusory womens oversized striped soft knit pullover sweater shirts with chest pocket,[],0,Low,Likely Product,Not Sustainable
little planet by carter's unisex-baby Jumpsuit Made With Organic Cotton,4.8,42,50+ bought in past month,https://www.amazon.com/little-planet-carters-Jumpsuit-Organic/dp/B0DNNW95L5/ref=sr_1_58?dib=eyJ2IjoiMSJ9.R6xU2loQxuXqJpoBViBsHkURulcXPDtjM4uXls28o_LJauwQr2I9PavZ5yIkoyyRCdQSBbqeF-FDctDPEe0rTby1MGF7Hbjd2hpnMGY6ne-iI-2VJ0FsPqFrlfgi6UycqkxfRadCy-BMyqCj2XwsX03iC3SkzURqH2XzUPvxD2Aknm_JTf0EKWihP8n8mmqeJVDFQmJ7ubFTl71UW6YGj8uDl1iSH8qv-MPYN3mNqvRbdQeBptns-nXlLh0p-CDqzkh3jhhdmSp6YMfcducBW9VuUCNOl0wazBSiA-MXy-jSGD2pbo8pH2DEsaqxK0jKIUQKDXvSMFTWSxr6NG4X3bTqobwr9kWFITSVMvYp7B8Gzv9ekgahh-QeDt6iPWkbaZGiLr4u0BCfssVemO49g-ktMiI2LQbJAGp1Foh2X4a5AuFU-Xg1AWuVcrcm1HxD.w6wxMT25oH-hmcoqi_HdY_YTpc0vYFJRADPHo2hs_mQ&dib_tag=se&keywords=organic+cotton+clothing&qid=1741333771&sr=8-58,10.93,https://m.media-amazon.com/images/I/81bXne4xi-L._AC_UL320_.jpg,little planet by carter's unisex-baby jumpsuit made with organic cotton,['organic'],2,Low,Likely Product,Not Sustainable
little planet by carter's Baby 3-Pack Tops Made with Organic Cotton,4.8,108,50+ bought in past month,https://www.amazon.com/little-planet-carters-unisex-baby-Organic/dp/B0CQD31MQL/ref=sr_1_59?dib=eyJ2IjoiMSJ9.R6xU2loQxuXqJpoBViBsHkURulcXPDtjM4uXls28o_LJauwQr2I9PavZ5yIkoyyRCdQSBbqeF-FDctDPEe0rTby1MGF7Hbjd2hpnMGY6ne-iI-2VJ0FsPqFrlfgi6UycqkxfRadCy-BMyqCj2XwsX03iC3SkzURqH2XzUPvxD2Aknm_JTf0EKWihP8n8mmqeJVDFQmJ7ubFTl71UW6YGj8uDl1iSH8qv-MPYN3mNqvRbdQeBptns-nXlLh0p-CDqzkh3jhhdmSp6YMfcducBW9VuUCNOl0wazBSiA-MXy-jSGD2pbo8pH2DEsaqxK0jKIUQKDXvSMFTWSxr6NG4X3bTqobwr9kWFITSVMvYp7B8Gzv9ekgahh-QeDt6iPWkbaZGiLr4u0BCfssVemO49g-ktMiI2LQbJAGp1Foh2X4a5AuFU-Xg1AWuVcrcm1HxD.w6wxMT25oH-hmcoqi_HdY_YTpc0vYFJRADPHo2hs_mQ&dib_tag=se&keywords=organic+cotton+clothing&qid=1741333771&sr=8-59,10.93,https://m.media-amazon.com/images/I/71EWwYVpS3L._AC_UL320_.jpg,little planet by carter's baby 3-pack tops made with organic cotton,['organic'],2,Low,Likely Product,Not Sustainable
little planet by carter's Organic Cotton Footless Wrap Sleep & Play,4.7,697,50+ bought in past month,https://www.amazon.com/little-planet-carters-unisex-baby-Organic/dp/B09NNZBFNH/ref=sr_1_60?dib=eyJ2IjoiMSJ9.R6xU2loQxuXqJpoBViBsHkURulcXPDtjM4uXls28o_LJauwQr2I9PavZ5yIkoyyRCdQSBbqeF-FDctDPEe0rTby1MGF7Hbjd2hpnMGY6ne-iI-2VJ0FsPqFrlfgi6UycqkxfRadCy-BMyqCj2XwsX03iC3SkzURqH2XzUPvxD2Aknm_JTf0EKWihP8n8mmqeJVDFQmJ7ubFTl71UW6YGj8uDl1iSH8qv-MPYN3mNqvRbdQeBptns-nXlLh0p-CDqzkh3jhhdmSp6YMfcducBW9VuUCNOl0wazBSiA-MXy-jSGD2pbo8pH2DEsaqxK0jKIUQKDXvSMFTWSxr6NG4X3bTqobwr9kWFITSVMvYp7B8Gzv9ekgahh-QeDt6iPWkbaZGiLr4u0BCfssVemO49g-ktMiI2LQbJAGp1Foh2X4a5AuFU-Xg1AWuVcrcm1HxD.w6wxMT25oH-hmcoqi_HdY_YTpc0vYFJRADPHo2hs_mQ&dib_tag=se&keywords=organic+cotton+clothing&qid=1741333771&sr=8-60,10.93,https://m.media-amazon.com/images/I/71zZrN+LtkL._AC_UL320_.jpg,little planet by carter's organic cotton footless wrap sleep & play,['organic'],2,Low,Likely Product,Not Sustainable
The Art of Ethical Fashion: A stunning glimpse into the world of conscious garment manufacturing,5.0,5,50+ bought in past month,https://www.amazon.com/Hayley-Besheer-Santell/e/B0CL59M5FR?ref=sr_ntt_srch_lnk_1&qid=1741334046&sr=8-1,10.93,https://m.media-amazon.com/images/I/61QMR-YlD5L._AC_UL320_.jpg,the art of ethical fashion: a stunning glimpse into the world of conscious garment manufacturing,['ethical'],2,Low,Possible Non-Product,Not Sustainable
Fashionopolis: Why What We Wear Matters,4.6,580,50+ bought in past month,https://www.amazon.com/Dana-Thomas/e/B001JP2W74?ref=sr_ntt_srch_lnk_2&qid=1741334046&sr=8-2,10.93,https://m.media-amazon.com/images/I/81O8LkqdiBL._AC_UL320_.jpg,fashionopolis: why what we wear matters,[],0,Low,Likely Product,Not Sustainable
The Fashion Industry Doesn't Want You To Read This Book: Unveiling Hidden Truths: A Guide to Ethical and Sustainable Fashion Choices,4.8,14,50+ bought in past month,https://www.amazon.com/Jonathan-Ohayon/e/B0D26V9PQ6?ref=sr_ntt_srch_lnk_3&qid=1741334046&sr=8-3,10.93,https://m.media-amazon.com/images/I/81IxsT7Z7nL._AC_UL320_.jpg,the fashion industry doesn't want you to read this book: unveiling hidden truths: a guide to ethical and sustainable fashion choices,"['sustainable', 'ethical']",4,Moderate,Possible Non-Product,Potentially Sustainable
"Consumed: The Need for Collective Change: Colonialism, Climate Change, and Consumerism",4.4,351,50+ bought in past month,https://www.amazon.com/Consumed-Collective-Colonialism-Climate-Consumerism/dp/B09F8RLWSR/ref=sr_1_6?dib=eyJ2IjoiMSJ9.xxviSRkZR90C7PuDoKVGDnNJ0f6xL8d1fG2dmbrkzYo0-DWTs-YAF3UKD7NK8LAOga-0P3ifJSMlNibuNAXMWX4wUxuLFbMBY9w_sJPaacSZk-T7iolbZxU_mdGVEOeP_wrYIIsOU21wVgQ2Ov_8FdsLoHK8TV2A5i3q8iQ_2h5g5ixsB9dMSNgDiWu51Df3pxymmidS55sBTmguasP9OLlYNtBthXuDZkMmjwQ70D_lpdVe1_Na8BvOd-eKTiDjendBKeoIaMgoz-6w5h84_p7LTfNtu-2LyOMxzHNF46ybFe8Q29N2RlZq-5dqDLpC.iN32yFHo3i8fh7CExtKquyHX7g-vMq2qkuZWVmfk0IY&dib_tag=se&keywords=ethical+fashion&qid=1741334046&sr=8-6,10.93,https://m.media-amazon.com/images/I/71KXcUhhZJL._AC_UL320_.jpg,"consumed: the need for collective change: colonialism, climate change, and consumerism",[],0,Low,Likely Product,Not Sustainable
Clothing Poverty: The Hidden World of Fast Fashion and Second-Hand Clothes,4.5,68,50+ bought in past month,https://www.amazon.com/Andrew-Brooks/e/B00LDZ8PUI?ref=sr_ntt_srch_lnk_7&qid=1741334046&sr=8-7,10.93,https://m.media-amazon.com/images/I/81a5nntVsfL._AC_UL320_.jpg,clothing poverty: the hidden world of fast fashion and second-hand clothes,[],0,Low,Likely Product,Not Sustainable
Modesty: A Fashion Paradox,4.4,25,50+ bought in past month,https://www.amazon.com/Hafsa-Lodi/e/B08472PWD7?ref=sr_ntt_srch_lnk_8&qid=1741334046&sr=8-8,12.55,https://m.media-amazon.com/images/I/81MbHv-q7WL._AC_UL320_.jpg,modesty: a fashion paradox,[],0,Low,Likely Product,Not Sustainable
Slow Fashion: Aesthetics Meets Ethics,4.5,20,50+ bought in past month,https://www.amazon.com/Safia-Minney/e/B00MCKK5KG?ref=sr_ntt_srch_lnk_9&qid=1741334046&sr=8-9,12.55,https://m.media-amazon.com/images/I/611Es6nINxL._AC_UL320_.jpg,slow fashion: aesthetics meets ethics,"['ethics', 'slow fashion']",4,Moderate,Possible Non-Product,Potentially Sustainable
Let Them Be Naked,5.0,8,50+ bought in past month,https://www.amazon.com/Let-Them-Naked-Jeff-Garner/dp/B0DHFTT77M/ref=sr_1_10?dib=eyJ2IjoiMSJ9.xxviSRkZR90C7PuDoKVGDnNJ0f6xL8d1fG2dmbrkzYo0-DWTs-YAF3UKD7NK8LAOga-0P3ifJSMlNibuNAXMWX4wUxuLFbMBY9w_sJPaacSZk-T7iolbZxU_mdGVEOeP_wrYIIsOU21wVgQ2Ov_8FdsLoHK8TV2A5i3q8iQ_2h5g5ixsB9dMSNgDiWu51Df3pxymmidS55sBTmguasP9OLlYNtBthXuDZkMmjwQ70D_lpdVe1_Na8BvOd-eKTiDjendBKeoIaMgoz-6w5h84_p7LTfNtu-2LyOMxzHNF46ybFe8Q29N2RlZq-5dqDLpC.iN32yFHo3i8fh7CExtKquyHX7g-vMq2qkuZWVmfk0IY&dib_tag=se&keywords=ethical+fashion&qid=1741334046&sr=8-10,12.55,https://m.media-amazon.com/images/I/71R+sLFBqjL._AC_UL320_.jpg,let them be naked,[],0,Low,Likely Product,Not Sustainable
How To Break Up With Fast Fashion: A guilt-free guide to changing the way you shop – for good,4.6,289,50+ bought in past month,https://www.amazon.com/Lauren-Bravo/e/B07LDT5QTG?ref=sr_ntt_srch_lnk_11&qid=1741334046&sr=8-11,12.55,https://m.media-amazon.com/images/I/81Rk8KSfFXL._AC_UL320_.jpg,how to break up with fast fashion: a guilt-free guide to changing the way you shop – for good,[],0,Low,Possible Non-Product,Not Sustainable
"Why We Can't Have Nice Things: Social Media’s Influence on Fashion, Ethics, and Property",5.0,2,50+ bought in past month,https://www.amazon.com/Minh-Ha-T-Pham/e/B00TCL8QX6?ref=sr_ntt_srch_lnk_13&qid=1741334046&sr=8-13,12.55,https://m.media-amazon.com/images/I/81KKwBiupdL._AC_UL320_.jpg,"why we can't have nice things: social media’s influence on fashion, ethics, and property",['ethics'],2,Low,Possible Non-Product,Not Sustainable
"Sustainable Fashion: What's Next? A Conversation about Issues, Practices and Possibilities",4.1,17,50+ bought in past month,https://www.amazon.com/Sustainable-Fashion-Conversation-Practices-Possibilities/dp/1628925310/ref=sr_1_14?dib=eyJ2IjoiMSJ9.xxviSRkZR90C7PuDoKVGDnNJ0f6xL8d1fG2dmbrkzYo0-DWTs-YAF3UKD7NK8LAOga-0P3ifJSMlNibuNAXMWX4wUxuLFbMBY9w_sJPaacSZk-T7iolbZxU_mdGVEOeP_wrYIIsOU21wVgQ2Ov_8FdsLoHK8TV2A5i3q8iQ_2h5g5ixsB9dMSNgDiWu51Df3pxymmidS55sBTmguasP9OLlYNtBthXuDZkMmjwQ70D_lpdVe1_Na8BvOd-eKTiDjendBKeoIaMgoz-6w5h84_p7LTfNtu-2LyOMxzHNF46ybFe8Q29N2RlZq-5dqDLpC.iN32yFHo3i8fh7CExtKquyHX7g-vMq2qkuZWVmfk0IY&dib_tag=se&keywords=ethical+fashion&qid=1741334046&sr=8-14,12.55,https://m.media-amazon.com/images/I/71HTbrcFHyL._AC_UL320_.jpg,"sustainable fashion: what's next? a conversation about issues, practices and possibilities",['sustainable'],2,Low,Likely Product,Not Sustainable
F**k Fast Fashion: 101 ways to change how you shop and help save the planet,3.8,34,50+ bought in past month,https://www.amazon.com/The-F-Team/e/B07SVFJBYZ?ref=sr_ntt_srch_lnk_19&qid=1741334046&sr=8-19,12.55,https://m.media-amazon.com/images/I/81i+TcrR88L._AC_UL320_.jpg,f**k fast fashion: 101 ways to change how you shop and help save the planet,[],0,Low,Likely Product,Not Sustainable
Ethical Chic: The Inside Story of the Companies We Think We Love,3.6,39,50+ bought in past month,https://www.amazon.com/Fran-Hawthorne/e/B001H9U0KS?ref=sr_ntt_srch_lnk_20&qid=1741334046&sr=8-20,12.55,https://m.media-amazon.com/images/I/41ClN1EWn1L._AC_UL320_.jpg,ethical chic: the inside story of the companies we think we love,['ethical'],2,Low,Likely Product,Not Sustainable
Fashion Ethics,5.0,1,50+ bought in past month,https://www.amazon.com/Fashion-Ethics-Sue-Thomas-ebook/dp/B075LX3M3L/ref=sr_1_21?dib=eyJ2IjoiMSJ9.xxviSRkZR90C7PuDoKVGDnNJ0f6xL8d1fG2dmbrkzYo0-DWTs-YAF3UKD7NK8LAOga-0P3ifJSMlNibuNAXMWX4wUxuLFbMBY9w_sJPaacSZk-T7iolbZxU_mdGVEOeP_wrYIIsOU21wVgQ2Ov_8FdsLoHK8TV2A5i3q8iQ_2h5g5ixsB9dMSNgDiWu51Df3pxymmidS55sBTmguasP9OLlYNtBthXuDZkMmjwQ70D_lpdVe1_Na8BvOd-eKTiDjendBKeoIaMgoz-6w5h84_p7LTfNtu-2LyOMxzHNF46ybFe8Q29N2RlZq-5dqDLpC.iN32yFHo3i8fh7CExtKquyHX7g-vMq2qkuZWVmfk0IY&dib_tag=se&keywords=ethical+fashion&qid=1741334046&sr=8-21,12.55,https://m.media-amazon.com/images/I/51NQbeiR1oL._AC_UL320_.jpg,fashion ethics,['ethics'],2,Low,Possible Non-Product,Not Sustainable
Women's Puff Short Sleeve Tunic Tops Pleated Crew Neck Summer Blouses Dressy Casual Loose T Shirts,4.4,3663,50+ bought in past month,https://www.amazon.com/s?k=ethical+fashion#,12.55,https://m.media-amazon.com/images/I/91rXzwUIlbL._AC_UL320_.jpg,women's puff short sleeve tunic tops pleated crew neck summer blouses dressy casual loose t shirts,[],0,Low,Likely Product,Not Sustainable
3/4 Length Sleeve Womens Tops Dressy Casual Shirts Ruffle Bell Sleeve Front Pleated Fasion Trendy Summer Blouses,4.2,153,50+ bought in past month,https://www.amazon.com/s?k=ethical+fashion#,12.55,https://m.media-amazon.com/images/I/81bO8CqUQ1L._AC_UL320_.jpg,3/4 length sleeve womens tops dressy casual shirts ruffle bell sleeve front pleated fasion trendy summer blouses,[],0,Low,Likely Product,Not Sustainable
Women's Tops Long Sleeve Lace Scoop Neck A-line Tunic Blouse,4.4,15002,50+ bought in past month,https://www.amazon.com/s?k=ethical+fashion#,12.55,https://m.media-amazon.com/images/I/71k719gFYPL._AC_UL320_.jpg,women's tops long sleeve lace scoop neck a-line tunic blouse,[],0,Low,Likely Product,Not Sustainable
Womens Lace Shirts Dressy Button Down Shirts Embroidered Blouses Cotton Eyelet Long Sleeve Collared Tops,5.0,2,50+ bought in past month,https://www.amazon.com/s?k=ethical+fashion#,12.55,https://m.media-amazon.com/images/I/71H1pOMcKHL._AC_UL320_.jpg,womens lace shirts dressy button down shirts embroidered blouses cotton eyelet long sleeve collared tops,[],0,Low,Likely Product,Not Sustainable
HOBIBEAR Barefoot Minimalist Shoes Womens Mens | Zero Drop | Wide Width Fashion Sneaker,4.4,1452,50+ bought in past month,https://www.amazon.com/s?k=sustainable+shoes#,12.55,https://m.media-amazon.com/images/I/81PQbauLvoL._AC_UL320_.jpg,hobibear barefoot minimalist shoes womens mens | zero drop | wide width fashion sneaker,[],0,Low,Likely Product,Not Sustainable
HOBIBEAR Barefoot Minimalist Shoes Womens Mens | Zero Drop | Wide Width Fashion Sneaker,4.4,1452,50+ bought in past month,https://www.amazon.com/HOBIBEAR-Barefoot-Minimalist-Fashion-Sneaker/dp/B0CCTFG94K/ref=sr_1_2?dib=eyJ2IjoiMSJ9.ZgQpGF-pbTznCVnJTipU3iu_b-02gJl6wyXdhYnyumj0BvrK6tendiNVEro971vUXU0afrywM1p0nlndSUfC-xVEOhcJ4pbYI2wEDe3vm6DY0pIxK_DW45viBI8L4VSMD6euePEiKHkVQiCXbGfHQ8QYrR9njj_Rsjy2VfmihMikqhxuJUbI44sUHaxC4ThFxGiR-1aPL_vztQzWv8ldNQCq80ZqURyKp2IM50UUnmtC3U8TXlRpS-4V0h9wvCE-Uxi9rbQE3NVFvV6NRwCRbzC7vYOfgcsPDiIP286MtxadCphmSZTo9ml3t4iMVu-fJDC5Lwt5JzU4mGq11I4A7ObECzMRk4pv4R6Q7OONZv2eqGV0Gl-rzqO-DbEY57fZzzvnHh4yf4HbXEOOCQ3rbIM0DzFOhJpOBV5WybvGMACDfF9kBTPEcdyZcu_BFjKM.bZC_H6iMCTZaz5fR8ewBh3K-VnVP44zWUQgvi4Q9caI&dib_tag=se&keywords=sustainable+shoes&qid=1741334059&sr=8-2,12.55,https://m.media-amazon.com/images/I/71CFGbh0JQL._AC_UL320_.jpg,hobibear barefoot minimalist shoes womens mens | zero drop | wide width fashion sneaker,[],0,Low,Likely Product,Not Sustainable
Feelgoodz Unisex Banyan Sustainable Spa/Shower Non-Slip Slide Sandals,3.8,3,50+ bought in past month,https://www.amazon.com/Feelgoodz-Unisex-Sustainable-Non-Slip-Sandals/dp/B0C9P2RCDJ/ref=sr_1_3?dib=eyJ2IjoiMSJ9.ZgQpGF-pbTznCVnJTipU3iu_b-02gJl6wyXdhYnyumj0BvrK6tendiNVEro971vUXU0afrywM1p0nlndSUfC-xVEOhcJ4pbYI2wEDe3vm6DY0pIxK_DW45viBI8L4VSMD6euePEiKHkVQiCXbGfHQ8QYrR9njj_Rsjy2VfmihMikqhxuJUbI44sUHaxC4ThFxGiR-1aPL_vztQzWv8ldNQCq80ZqURyKp2IM50UUnmtC3U8TXlRpS-4V0h9wvCE-Uxi9rbQE3NVFvV6NRwCRbzC7vYOfgcsPDiIP286MtxadCphmSZTo9ml3t4iMVu-fJDC5Lwt5JzU4mGq11I4A7ObECzMRk4pv4R6Q7OONZv2eqGV0Gl-rzqO-DbEY57fZzzvnHh4yf4HbXEOOCQ3rbIM0DzFOhJpOBV5WybvGMACDfF9kBTPEcdyZcu_BFjKM.bZC_H6iMCTZaz5fR8ewBh3K-VnVP44zWUQgvi4Q9caI&dib_tag=se&keywords=sustainable+shoes&qid=1741334059&sr=8-3,12.55,https://m.media-amazon.com/images/I/61hJh7WINEL._AC_UL320_.jpg,feelgoodz unisex banyan sustainable spa/shower non-slip slide sandals,['sustainable'],2,Low,Likely Product,Not Sustainable
"Dr. Scholl's Shoes Women's Ruler Ankle Boot, Taupe Grey Microfiber, 8.5 US",4.0,134,50+ bought in past month,https://www.amazon.com/Dr-Scholls-Shoes-Womens-Microfiber/dp/B07PJVNTGQ/ref=sr_1_6?dib=eyJ2IjoiMSJ9.ZgQpGF-pbTznCVnJTipU3iu_b-02gJl6wyXdhYnyumj0BvrK6tendiNVEro971vUXU0afrywM1p0nlndSUfC-xVEOhcJ4pbYI2wEDe3vm6DY0pIxK_DW45viBI8L4VSMD6euePEiKHkVQiCXbGfHQ8QYrR9njj_Rsjy2VfmihMikqhxuJUbI44sUHaxC4ThFxGiR-1aPL_vztQzWv8ldNQCq80ZqURyKp2IM50UUnmtC3U8TXlRpS-4V0h9wvCE-Uxi9rbQE3NVFvV6NRwCRbzC7vYOfgcsPDiIP286MtxadCphmSZTo9ml3t4iMVu-fJDC5Lwt5JzU4mGq11I4A7ObECzMRk4pv4R6Q7OONZv2eqGV0Gl-rzqO-DbEY57fZzzvnHh4yf4HbXEOOCQ3rbIM0DzFOhJpOBV5WybvGMACDfF9kBTPEcdyZcu_BFjKM.bZC_H6iMCTZaz5fR8ewBh3K-VnVP44zWUQgvi4Q9caI&dib_tag=se&keywords=sustainable+shoes&qid=1741334059&sr=8-6,12.55,https://m.media-amazon.com/images/I/71aGSoJtKPL._AC_UL320_.jpg,"dr. scholl's shoes women's ruler ankle boot, taupe grey microfiber, 8.5 us",[],0,Low,Likely Product,Not Sustainable
WHITIN Men's Minimalist Trail Runner | Wide Toe Box | Barefoot Inspired,4.3,10630,50+ bought in past month,https://www.amazon.com/WHITIN-Running-Minimalist-Barefoot-FiveFingers/dp/B07RMLG62F/ref=sr_1_7?dib=eyJ2IjoiMSJ9.ZgQpGF-pbTznCVnJTipU3iu_b-02gJl6wyXdhYnyumj0BvrK6tendiNVEro971vUXU0afrywM1p0nlndSUfC-xVEOhcJ4pbYI2wEDe3vm6DY0pIxK_DW45viBI8L4VSMD6euePEiKHkVQiCXbGfHQ8QYrR9njj_Rsjy2VfmihMikqhxuJUbI44sUHaxC4ThFxGiR-1aPL_vztQzWv8ldNQCq80ZqURyKp2IM50UUnmtC3U8TXlRpS-4V0h9wvCE-Uxi9rbQE3NVFvV6NRwCRbzC7vYOfgcsPDiIP286MtxadCphmSZTo9ml3t4iMVu-fJDC5Lwt5JzU4mGq11I4A7ObECzMRk4pv4R6Q7OONZv2eqGV0Gl-rzqO-DbEY57fZzzvnHh4yf4HbXEOOCQ3rbIM0DzFOhJpOBV5WybvGMACDfF9kBTPEcdyZcu_BFjKM.bZC_H6iMCTZaz5fR8ewBh3K-VnVP44zWUQgvi4Q9caI&dib_tag=se&keywords=sustainable+shoes&qid=1741334059&sr=8-7,12.55,https://m.media-amazon.com/images/I/718nk4VaixL._AC_UL320_.jpg,whitin men's minimalist trail runner | wide toe box | barefoot inspired,[],0,Low,Likely Product,Not Sustainable
WHITIN Men's Minimalist Trail Running Shoes | Wide Toe Box | Optimal Barefoot-Feel,4.4,11068,100+ bought in past month,https://www.amazon.com/WHITIN-Minimalist-Barefoot-Sneakers-Treadmill/dp/B08J7SGP5V/ref=sr_1_8?dib=eyJ2IjoiMSJ9.ZgQpGF-pbTznCVnJTipU3iu_b-02gJl6wyXdhYnyumj0BvrK6tendiNVEro971vUXU0afrywM1p0nlndSUfC-xVEOhcJ4pbYI2wEDe3vm6DY0pIxK_DW45viBI8L4VSMD6euePEiKHkVQiCXbGfHQ8QYrR9njj_Rsjy2VfmihMikqhxuJUbI44sUHaxC4ThFxGiR-1aPL_vztQzWv8ldNQCq80ZqURyKp2IM50UUnmtC3U8TXlRpS-4V0h9wvCE-Uxi9rbQE3NVFvV6NRwCRbzC7vYOfgcsPDiIP286MtxadCphmSZTo9ml3t4iMVu-fJDC5Lwt5JzU4mGq11I4A7ObECzMRk4pv4R6Q7OONZv2eqGV0Gl-rzqO-DbEY57fZzzvnHh4yf4HbXEOOCQ3rbIM0DzFOhJpOBV5WybvGMACDfF9kBTPEcdyZcu_BFjKM.bZC_H6iMCTZaz5fR8ewBh3K-VnVP44zWUQgvi4Q9caI&dib_tag=se&keywords=sustainable+shoes&qid=1741334059&sr=8-8,12.55,https://m.media-amazon.com/images/I/81RX3-GI2hL._AC_UL320_.jpg,whitin men's minimalist trail running shoes | wide toe box | optimal barefoot-feel,[],0,Low,Likely Product,Not Sustainable
Dr. Scholl's Women's Nova Sneaker,4.3,3266,100+ bought in past month,https://www.amazon.com/Dr-Scholls-Womens-Slip-Ons-Loafer/dp/B005BHYZLC/ref=sr_1_9?dib=eyJ2IjoiMSJ9.ZgQpGF-pbTznCVnJTipU3iu_b-02gJl6wyXdhYnyumj0BvrK6tendiNVEro971vUXU0afrywM1p0nlndSUfC-xVEOhcJ4pbYI2wEDe3vm6DY0pIxK_DW45viBI8L4VSMD6euePEiKHkVQiCXbGfHQ8QYrR9njj_Rsjy2VfmihMikqhxuJUbI44sUHaxC4ThFxGiR-1aPL_vztQzWv8ldNQCq80ZqURyKp2IM50UUnmtC3U8TXlRpS-4V0h9wvCE-Uxi9rbQE3NVFvV6NRwCRbzC7vYOfgcsPDiIP286MtxadCphmSZTo9ml3t4iMVu-fJDC5Lwt5JzU4mGq11I4A7ObECzMRk4pv4R6Q7OONZv2eqGV0Gl-rzqO-DbEY57fZzzvnHh4yf4HbXEOOCQ3rbIM0DzFOhJpOBV5WybvGMACDfF9kBTPEcdyZcu_BFjKM.bZC_H6iMCTZaz5fR8ewBh3K-VnVP44zWUQgvi4Q9caI&dib_tag=se&keywords=sustainable+shoes&qid=1741334059&sr=8-9,12.55,https://m.media-amazon.com/images/I/71YtCD9h-EL._AC_UL320_.jpg,dr. scholl's women's nova sneaker,[],0,Low,Likely Product,Not Sustainable
Women's Vegan Leather Low Top Lace Up Non Slip Walking Running Sneakers Skateboard Tennis Shoes Comfortable Casual Athletic Versatile Fashion Sneakers,4.4,20,50+ bought in past month,https://www.amazon.com/Tifimuca-Sneakers-Skateboard-Comfortable-Versatile/dp/B0DP2D13NB/ref=sr_1_10?dib=eyJ2IjoiMSJ9.ZgQpGF-pbTznCVnJTipU3iu_b-02gJl6wyXdhYnyumj0BvrK6tendiNVEro971vUXU0afrywM1p0nlndSUfC-xVEOhcJ4pbYI2wEDe3vm6DY0pIxK_DW45viBI8L4VSMD6euePEiKHkVQiCXbGfHQ8QYrR9njj_Rsjy2VfmihMikqhxuJUbI44sUHaxC4ThFxGiR-1aPL_vztQzWv8ldNQCq80ZqURyKp2IM50UUnmtC3U8TXlRpS-4V0h9wvCE-Uxi9rbQE3NVFvV6NRwCRbzC7vYOfgcsPDiIP286MtxadCphmSZTo9ml3t4iMVu-fJDC5Lwt5JzU4mGq11I4A7ObECzMRk4pv4R6Q7OONZv2eqGV0Gl-rzqO-DbEY57fZzzvnHh4yf4HbXEOOCQ3rbIM0DzFOhJpOBV5WybvGMACDfF9kBTPEcdyZcu_BFjKM.bZC_H6iMCTZaz5fR8ewBh3K-VnVP44zWUQgvi4Q9caI&dib_tag=se&keywords=sustainable+shoes&qid=1741334059&sr=8-10,12.55,https://m.media-amazon.com/images/I/71Gkrq3fzeL._AC_UL320_.jpg,women's vegan leather low top lace up non slip walking running sneakers skateboard tennis shoes comfortable casual athletic versatile fashion sneakers,['vegan'],1,Low,Likely Product,Not Sustainable
Dr. Scholl's Shoes Women's Insane Loafer,4.1,3825,50+ bought in past month,https://www.amazon.com/Dr-Scholls-Shoes-Womens-Microfiber/dp/B07QZ8R6ZB/ref=sr_1_11?dib=eyJ2IjoiMSJ9.ZgQpGF-pbTznCVnJTipU3iu_b-02gJl6wyXdhYnyumj0BvrK6tendiNVEro971vUXU0afrywM1p0nlndSUfC-xVEOhcJ4pbYI2wEDe3vm6DY0pIxK_DW45viBI8L4VSMD6euePEiKHkVQiCXbGfHQ8QYrR9njj_Rsjy2VfmihMikqhxuJUbI44sUHaxC4ThFxGiR-1aPL_vztQzWv8ldNQCq80ZqURyKp2IM50UUnmtC3U8TXlRpS-4V0h9wvCE-Uxi9rbQE3NVFvV6NRwCRbzC7vYOfgcsPDiIP286MtxadCphmSZTo9ml3t4iMVu-fJDC5Lwt5JzU4mGq11I4A7ObECzMRk4pv4R6Q7OONZv2eqGV0Gl-rzqO-DbEY57fZzzvnHh4yf4HbXEOOCQ3rbIM0DzFOhJpOBV5WybvGMACDfF9kBTPEcdyZcu_BFjKM.bZC_H6iMCTZaz5fR8ewBh3K-VnVP44zWUQgvi4Q9caI&dib_tag=se&keywords=sustainable+shoes&qid=1741334059&sr=8-11,12.55,https://m.media-amazon.com/images/I/71bjNLwpSSL._AC_UL320_.jpg,dr. scholl's shoes women's insane loafer,[],0,Low,Likely Product,Not Sustainable
Dr. Scholl's Women's Madison Sneaker,4.2,19159,50+ bought in past month,https://www.amazon.com/Dr-Scholls-Shoes-Microfiber-Perforated/dp/B076C9KPSL/ref=sr_1_12?dib=eyJ2IjoiMSJ9.ZgQpGF-pbTznCVnJTipU3iu_b-02gJl6wyXdhYnyumj0BvrK6tendiNVEro971vUXU0afrywM1p0nlndSUfC-xVEOhcJ4pbYI2wEDe3vm6DY0pIxK_DW45viBI8L4VSMD6euePEiKHkVQiCXbGfHQ8QYrR9njj_Rsjy2VfmihMikqhxuJUbI44sUHaxC4ThFxGiR-1aPL_vztQzWv8ldNQCq80ZqURyKp2IM50UUnmtC3U8TXlRpS-4V0h9wvCE-Uxi9rbQE3NVFvV6NRwCRbzC7vYOfgcsPDiIP286MtxadCphmSZTo9ml3t4iMVu-fJDC5Lwt5JzU4mGq11I4A7ObECzMRk4pv4R6Q7OONZv2eqGV0Gl-rzqO-DbEY57fZzzvnHh4yf4HbXEOOCQ3rbIM0DzFOhJpOBV5WybvGMACDfF9kBTPEcdyZcu_BFjKM.bZC_H6iMCTZaz5fR8ewBh3K-VnVP44zWUQgvi4Q9caI&dib_tag=se&keywords=sustainable+shoes&qid=1741334059&sr=8-12,12.55,https://m.media-amazon.com/images/I/71ppfyReeVL._AC_UL320_.jpg,dr. scholl's women's madison sneaker,[],0,Low,Likely Product,Not Sustainable
Women's Islander Strappy Flat Sandal,4.2,1195,50+ bought in past month,https://www.amazon.com/Dr-Scholls-Womens-Islander-Tawnybirch/dp/B08Q86SB4C/ref=sr_1_13?dib=eyJ2IjoiMSJ9.ZgQpGF-pbTznCVnJTipU3iu_b-02gJl6wyXdhYnyumj0BvrK6tendiNVEro971vUXU0afrywM1p0nlndSUfC-xVEOhcJ4pbYI2wEDe3vm6DY0pIxK_DW45viBI8L4VSMD6euePEiKHkVQiCXbGfHQ8QYrR9njj_Rsjy2VfmihMikqhxuJUbI44sUHaxC4ThFxGiR-1aPL_vztQzWv8ldNQCq80ZqURyKp2IM50UUnmtC3U8TXlRpS-4V0h9wvCE-Uxi9rbQE3NVFvV6NRwCRbzC7vYOfgcsPDiIP286MtxadCphmSZTo9ml3t4iMVu-fJDC5Lwt5JzU4mGq11I4A7ObECzMRk4pv4R6Q7OONZv2eqGV0Gl-rzqO-DbEY57fZzzvnHh4yf4HbXEOOCQ3rbIM0DzFOhJpOBV5WybvGMACDfF9kBTPEcdyZcu_BFjKM.bZC_H6iMCTZaz5fR8ewBh3K-VnVP44zWUQgvi4Q9caI&dib_tag=se&keywords=sustainable+shoes&qid=1741334059&sr=8-13,12.55,https://m.media-amazon.com/images/I/61GeiViuB2L._AC_UL320_.jpg,women's islander strappy flat sandal,[],0,Low,Likely Product,Not Sustainable
PUMA Women's Carina V2.0,4.4,848,100+ bought in past month,https://www.amazon.com/PUMA-Womens-Carina-Sneaker-Medium/dp/B0BCHDJJ18/ref=sr_1_14?dib=eyJ2IjoiMSJ9.ZgQpGF-pbTznCVnJTipU3iu_b-02gJl6wyXdhYnyumj0BvrK6tendiNVEro971vUXU0afrywM1p0nlndSUfC-xVEOhcJ4pbYI2wEDe3vm6DY0pIxK_DW45viBI8L4VSMD6euePEiKHkVQiCXbGfHQ8QYrR9njj_Rsjy2VfmihMikqhxuJUbI44sUHaxC4ThFxGiR-1aPL_vztQzWv8ldNQCq80ZqURyKp2IM50UUnmtC3U8TXlRpS-4V0h9wvCE-Uxi9rbQE3NVFvV6NRwCRbzC7vYOfgcsPDiIP286MtxadCphmSZTo9ml3t4iMVu-fJDC5Lwt5JzU4mGq11I4A7ObECzMRk4pv4R6Q7OONZv2eqGV0Gl-rzqO-DbEY57fZzzvnHh4yf4HbXEOOCQ3rbIM0DzFOhJpOBV5WybvGMACDfF9kBTPEcdyZcu_BFjKM.bZC_H6iMCTZaz5fR8ewBh3K-VnVP44zWUQgvi4Q9caI&dib_tag=se&keywords=sustainable+shoes&qid=1741334059&sr=8-14,16.8,https://m.media-amazon.com/images/I/51mnJi+n-EL._AC_UL320_.jpg,puma women's carina v2.0,[],0,Low,Likely Product,Not Sustainable
WHITIN Women's Genuine Leather Wide Barefoot Shoes | Footloose Minimalist Style | Zero Drop & Flat,4.6,21,50+ bought in past month,https://www.amazon.com/WHITIN-Barefoot-Minimalist-Sneakers-Footwear/dp/B0DLB36923/ref=sr_1_15?dib=eyJ2IjoiMSJ9.ZgQpGF-pbTznCVnJTipU3iu_b-02gJl6wyXdhYnyumj0BvrK6tendiNVEro971vUXU0afrywM1p0nlndSUfC-xVEOhcJ4pbYI2wEDe3vm6DY0pIxK_DW45viBI8L4VSMD6euePEiKHkVQiCXbGfHQ8QYrR9njj_Rsjy2VfmihMikqhxuJUbI44sUHaxC4ThFxGiR-1aPL_vztQzWv8ldNQCq80ZqURyKp2IM50UUnmtC3U8TXlRpS-4V0h9wvCE-Uxi9rbQE3NVFvV6NRwCRbzC7vYOfgcsPDiIP286MtxadCphmSZTo9ml3t4iMVu-fJDC5Lwt5JzU4mGq11I4A7ObECzMRk4pv4R6Q7OONZv2eqGV0Gl-rzqO-DbEY57fZzzvnHh4yf4HbXEOOCQ3rbIM0DzFOhJpOBV5WybvGMACDfF9kBTPEcdyZcu_BFjKM.bZC_H6iMCTZaz5fR8ewBh3K-VnVP44zWUQgvi4Q9caI&dib_tag=se&keywords=sustainable+shoes&qid=1741334059&sr=8-15,16.8,https://m.media-amazon.com/images/I/81XZ5GAgezL._AC_UL320_.jpg,whitin women's genuine leather wide barefoot shoes | footloose minimalist style | zero drop & flat,[],0,Low,Likely Product,Not Sustainable
Dr. Scholl's Women's Madison Cloud Sneaker,4.2,5,50+ bought in past month,https://www.amazon.com/Dr-Scholls-Womens-Madison-Sneaker/dp/B0DJPYNVZN/ref=sr_1_16?dib=eyJ2IjoiMSJ9.ZgQpGF-pbTznCVnJTipU3iu_b-02gJl6wyXdhYnyumj0BvrK6tendiNVEro971vUXU0afrywM1p0nlndSUfC-xVEOhcJ4pbYI2wEDe3vm6DY0pIxK_DW45viBI8L4VSMD6euePEiKHkVQiCXbGfHQ8QYrR9njj_Rsjy2VfmihMikqhxuJUbI44sUHaxC4ThFxGiR-1aPL_vztQzWv8ldNQCq80ZqURyKp2IM50UUnmtC3U8TXlRpS-4V0h9wvCE-Uxi9rbQE3NVFvV6NRwCRbzC7vYOfgcsPDiIP286MtxadCphmSZTo9ml3t4iMVu-fJDC5Lwt5JzU4mGq11I4A7ObECzMRk4pv4R6Q7OONZv2eqGV0Gl-rzqO-DbEY57fZzzvnHh4yf4HbXEOOCQ3rbIM0DzFOhJpOBV5WybvGMACDfF9kBTPEcdyZcu_BFjKM.bZC_H6iMCTZaz5fR8ewBh3K-VnVP44zWUQgvi4Q9caI&dib_tag=se&keywords=sustainable+shoes&qid=1741334059&sr=8-16,16.8,https://m.media-amazon.com/images/I/61HOQkFwNRL._AC_UL320_.jpg,dr. scholl's women's madison cloud sneaker,[],0,Low,Likely Product,Not Sustainable
WHITIN Men's Wide Minimalist Barefoot Sneakers | Zero Drop Sole | Optimal Relaxation,4.4,6338,200+ bought in past month,https://www.amazon.com/s?k=sustainable+shoes#,16.8,https://m.media-amazon.com/images/I/71DjVPmLPtL._AC_UL320_.jpg,whitin men's wide minimalist barefoot sneakers | zero drop sole | optimal relaxation,[],0,Low,Likely Product,Not Sustainable
WHITIN Men's Barefoot Running Shoes | Minimalist Cross-Trainer | Zero Drop Sole,4.2,9558,100+ bought in past month,https://www.amazon.com/s?k=sustainable+shoes#,16.8,https://m.media-amazon.com/images/I/71KjPeUVjZL._AC_UL320_.jpg,whitin men's barefoot running shoes | minimalist cross-trainer | zero drop sole,[],0,Low,Likely Product,Not Sustainable
UIN Women's Artistic Design Slip-On Microfiber PU Shoes Stylish Comfortable Casual Loafers Lightweight Everyday Travel Footwear,4.4,985,50+ bought in past month,https://www.amazon.com/s?k=sustainable+shoes#,16.8,https://m.media-amazon.com/images/I/71HL-+nDzDL._AC_UL320_.jpg,uin women's artistic design slip-on microfiber pu shoes stylish comfortable casual loafers lightweight everyday travel footwear,[],0,Low,Likely Product,Not Sustainable
Men's Casual Dress Shoes Comfort Walking Shoes Mesh Knit Lightweight Breathable Sneakers Classic Leisure Oxford Business Shoes,3.8,99,50+ bought in past month,https://www.amazon.com/s?k=sustainable+shoes#,16.8,https://m.media-amazon.com/images/I/713-cSmjRUL._AC_UL320_.jpg,men's casual dress shoes comfort walking shoes mesh knit lightweight breathable sneakers classic leisure oxford business shoes,[],0,Low,Likely Product,Not Sustainable
WHITIN Men's Minimalist Trail Running Shoes | Wide Toe Box | Optimal Barefoot-Feel,4.4,11068,50+ bought in past month,https://www.amazon.com/s?k=sustainable+shoes#,16.8,https://m.media-amazon.com/images/I/81RX3-GI2hL._AC_UL320_.jpg,whitin men's minimalist trail running shoes | wide toe box | optimal barefoot-feel,[],0,Low,Likely Product,Not Sustainable
Men's Wide Minimalist Shoes Barefoot Sneakers Zero Drop Sole Optimal Relaxation,5.0,1,50+ bought in past month,https://www.amazon.com/s?k=sustainable+shoes#,16.8,https://m.media-amazon.com/images/I/718grOYUhkL._AC_UL320_.jpg,men's wide minimalist shoes barefoot sneakers zero drop sole optimal relaxation,[],0,Low,Likely Product,Not Sustainable
"Boot Bananas Eco Travel Deodorisers | Light Weight, Sustainable, Reusable Sports Shoe & Glove Deodorizer Odour Neutralizer & Air Purifier | Eco-Conscious | Lasts up to 12 Months | 1 Pair",4.3,257,600+ bought in past month,https://www.amazon.com/Boot-Bananas-Deodorisers-Sustainable-Eco-Conscious/dp/B0B2VZ8RVP/ref=sr_1_31?dib=eyJ2IjoiMSJ9.ZgQpGF-pbTznCVnJTipU3iu_b-02gJl6wyXdhYnyumj0BvrK6tendiNVEro971vUXU0afrywM1p0nlndSUfC-xVEOhcJ4pbYI2wEDe3vm6DY0pIxK_DW45viBI8L4VSMD6euePEiKHkVQiCXbGfHQ8QYrR9njj_Rsjy2VfmihMikqhxuJUbI44sUHaxC4ThFxGiR-1aPL_vztQzWv8ldNQCq80ZqURyKp2IM50UUnmtC3U8TXlRpS-4V0h9wvCE-Uxi9rbQE3NVFvV6NRwCRbzC7vYOfgcsPDiIP286MtxadCphmSZTo9ml3t4iMVu-fJDC5Lwt5JzU4mGq11I4A7ObECzMRk4pv4R6Q7OONZv2eqGV0Gl-rzqO-DbEY57fZzzvnHh4yf4HbXEOOCQ3rbIM0DzFOhJpOBV5WybvGMACDfF9kBTPEcdyZcu_BFjKM.bZC_H6iMCTZaz5fR8ewBh3K-VnVP44zWUQgvi4Q9caI&dib_tag=se&keywords=sustainable+shoes&qid=1741334059&sr=8-31,16.8,https://m.media-amazon.com/images/I/81WVdvzH5AL._AC_UL320_.jpg,"boot bananas eco travel deodorisers | light weight, sustainable, reusable sports shoe & glove deodorizer odour neutralizer & air purifier | eco-conscious | lasts up to 12 months | 1 pair","['reusable', 'sustainable']",5,Moderate,Likely Product,Potentially Sustainable
"People Footwear Rio, Water Shoes for Men and Women, Just Slip On for Comfort and Style, Lightweight, Waterproof & Anti-Slippery - Perfect for Outdoors",4.0,185,50+ bought in past month,https://www.amazon.com/People-Footwear-Womens-Fashion-Sneakers/dp/B09X6CGMML/ref=sr_1_32?dib=eyJ2IjoiMSJ9.ZgQpGF-pbTznCVnJTipU3iu_b-02gJl6wyXdhYnyumj0BvrK6tendiNVEro971vUXU0afrywM1p0nlndSUfC-xVEOhcJ4pbYI2wEDe3vm6DY0pIxK_DW45viBI8L4VSMD6euePEiKHkVQiCXbGfHQ8QYrR9njj_Rsjy2VfmihMikqhxuJUbI44sUHaxC4ThFxGiR-1aPL_vztQzWv8ldNQCq80ZqURyKp2IM50UUnmtC3U8TXlRpS-4V0h9wvCE-Uxi9rbQE3NVFvV6NRwCRbzC7vYOfgcsPDiIP286MtxadCphmSZTo9ml3t4iMVu-fJDC5Lwt5JzU4mGq11I4A7ObECzMRk4pv4R6Q7OONZv2eqGV0Gl-rzqO-DbEY57fZzzvnHh4yf4HbXEOOCQ3rbIM0DzFOhJpOBV5WybvGMACDfF9kBTPEcdyZcu_BFjKM.bZC_H6iMCTZaz5fR8ewBh3K-VnVP44zWUQgvi4Q9caI&dib_tag=se&keywords=sustainable+shoes&qid=1741334059&sr=8-32,16.8,https://m.media-amazon.com/images/I/51Y0JbStMIL._AC_UL320_.jpg,"people footwear rio, water shoes for men and women, just slip on for comfort and style, lightweight, waterproof & anti-slippery - perfect for outdoors",[],0,Low,Likely Product,Not Sustainable
alcubieree Mens Leather Casual Shoes Comfortable Fashion Sneakers Loafers Lightweight Dress Walking Driving Shoes for Men（Size 7.5-13）,4.2,1929,50+ bought in past month,https://www.amazon.com/s?k=sustainable+shoes#,16.8,https://m.media-amazon.com/images/I/71QjMhpfq0L._AC_UL320_.jpg,alcubieree mens leather casual shoes comfortable fashion sneakers loafers lightweight dress walking driving shoes for men（size 7.5-13）,[],0,Low,Likely Product,Not Sustainable
WHITIN Women's Wide Canvas Minimalist Barefoot Shoes | Zero Drop Sole | Casual Sneaker,4.2,1064,50+ bought in past month,https://www.amazon.com/s?k=sustainable+shoes#,16.8,https://m.media-amazon.com/images/I/81vZyJljGWL._AC_UL320_.jpg,whitin women's wide canvas minimalist barefoot shoes | zero drop sole | casual sneaker,[],0,Low,Likely Product,Not Sustainable
Dr. Scholl's Shoes Women's Rate Loafer Slip On Moc,4.0,217,50+ bought in past month,https://www.amazon.com/Dr-Scholls-Shoes-Womens-Microfiber/dp/B0C34QW871/ref=sr_1_39?dib=eyJ2IjoiMSJ9.ZgQpGF-pbTznCVnJTipU3iu_b-02gJl6wyXdhYnyumj0BvrK6tendiNVEro971vUXU0afrywM1p0nlndSUfC-xVEOhcJ4pbYI2wEDe3vm6DY0pIxK_DW45viBI8L4VSMD6euePEiKHkVQiCXbGfHQ8QYrR9njj_Rsjy2VfmihMikqhxuJUbI44sUHaxC4ThFxGiR-1aPL_vztQzWv8ldNQCq80ZqURyKp2IM50UUnmtC3U8TXlRpS-4V0h9wvCE-Uxi9rbQE3NVFvV6NRwCRbzC7vYOfgcsPDiIP286MtxadCphmSZTo9ml3t4iMVu-fJDC5Lwt5JzU4mGq11I4A7ObECzMRk4pv4R6Q7OONZv2eqGV0Gl-rzqO-DbEY57fZzzvnHh4yf4HbXEOOCQ3rbIM0DzFOhJpOBV5WybvGMACDfF9kBTPEcdyZcu_BFjKM.bZC_H6iMCTZaz5fR8ewBh3K-VnVP44zWUQgvi4Q9caI&dib_tag=se&keywords=sustainable+shoes&qid=1741334059&sr=8-39,16.8,https://m.media-amazon.com/images/I/7124iUsZfsL._AC_UL320_.jpg,dr. scholl's shoes women's rate loafer slip on moc,[],0,Low,Likely Product,Not Sustainable
WHITIN Minimalist Barefoot Sock Shoes for Women and Men | Lightweight Eco-friendlier Water Shoes | Multi-Purpose & Ultra Portable,4.4,4070,50+ bought in past month,https://www.amazon.com/WHITIN-Barefoot-Minimalist-Lightweight-Breathable/dp/B08SH3JR18/ref=sr_1_40?dib=eyJ2IjoiMSJ9.ZgQpGF-pbTznCVnJTipU3iu_b-02gJl6wyXdhYnyumj0BvrK6tendiNVEro971vUXU0afrywM1p0nlndSUfC-xVEOhcJ4pbYI2wEDe3vm6DY0pIxK_DW45viBI8L4VSMD6euePEiKHkVQiCXbGfHQ8QYrR9njj_Rsjy2VfmihMikqhxuJUbI44sUHaxC4ThFxGiR-1aPL_vztQzWv8ldNQCq80ZqURyKp2IM50UUnmtC3U8TXlRpS-4V0h9wvCE-Uxi9rbQE3NVFvV6NRwCRbzC7vYOfgcsPDiIP286MtxadCphmSZTo9ml3t4iMVu-fJDC5Lwt5JzU4mGq11I4A7ObECzMRk4pv4R6Q7OONZv2eqGV0Gl-rzqO-DbEY57fZzzvnHh4yf4HbXEOOCQ3rbIM0DzFOhJpOBV5WybvGMACDfF9kBTPEcdyZcu_BFjKM.bZC_H6iMCTZaz5fR8ewBh3K-VnVP44zWUQgvi4Q9caI&dib_tag=se&keywords=sustainable+shoes&qid=1741334059&sr=8-40,16.8,https://m.media-amazon.com/images/I/81vx-GM6ATL._AC_UL320_.jpg,whitin minimalist barefoot sock shoes for women and men | lightweight eco-friendlier water shoes | multi-purpose & ultra portable,[],0,Low,Likely Product,Not Sustainable
Dr. Scholl's Shoes Women's Madison Cloud Sneaker,4.2,3,50+ bought in past month,https://www.amazon.com/Dr-Scholls-Womens-Madison-Sneaker/dp/B0DJPYHS3T/ref=sr_1_41?dib=eyJ2IjoiMSJ9.ZgQpGF-pbTznCVnJTipU3iu_b-02gJl6wyXdhYnyumj0BvrK6tendiNVEro971vUXU0afrywM1p0nlndSUfC-xVEOhcJ4pbYI2wEDe3vm6DY0pIxK_DW45viBI8L4VSMD6euePEiKHkVQiCXbGfHQ8QYrR9njj_Rsjy2VfmihMikqhxuJUbI44sUHaxC4ThFxGiR-1aPL_vztQzWv8ldNQCq80ZqURyKp2IM50UUnmtC3U8TXlRpS-4V0h9wvCE-Uxi9rbQE3NVFvV6NRwCRbzC7vYOfgcsPDiIP286MtxadCphmSZTo9ml3t4iMVu-fJDC5Lwt5JzU4mGq11I4A7ObECzMRk4pv4R6Q7OONZv2eqGV0Gl-rzqO-DbEY57fZzzvnHh4yf4HbXEOOCQ3rbIM0DzFOhJpOBV5WybvGMACDfF9kBTPEcdyZcu_BFjKM.bZC_H6iMCTZaz5fR8ewBh3K-VnVP44zWUQgvi4Q9caI&dib_tag=se&keywords=sustainable+shoes&qid=1741334059&sr=8-41,16.8,https://m.media-amazon.com/images/I/71ZnK92dJuL._AC_UL320_.jpg,dr. scholl's shoes women's madison cloud sneaker,[],0,Low,Likely Product,Not Sustainable
WHITIN Wide Toe Box Barefoot Sneakers for Women | Canvas Minimalist Shoes,4.3,926,50+ bought in past month,https://www.amazon.com/WHITIN-Barefoot-Sneakers-Minimalist-Training/dp/B0C68TLZWV/ref=sr_1_42?dib=eyJ2IjoiMSJ9.ZgQpGF-pbTznCVnJTipU3iu_b-02gJl6wyXdhYnyumj0BvrK6tendiNVEro971vUXU0afrywM1p0nlndSUfC-xVEOhcJ4pbYI2wEDe3vm6DY0pIxK_DW45viBI8L4VSMD6euePEiKHkVQiCXbGfHQ8QYrR9njj_Rsjy2VfmihMikqhxuJUbI44sUHaxC4ThFxGiR-1aPL_vztQzWv8ldNQCq80ZqURyKp2IM50UUnmtC3U8TXlRpS-4V0h9wvCE-Uxi9rbQE3NVFvV6NRwCRbzC7vYOfgcsPDiIP286MtxadCphmSZTo9ml3t4iMVu-fJDC5Lwt5JzU4mGq11I4A7ObECzMRk4pv4R6Q7OONZv2eqGV0Gl-rzqO-DbEY57fZzzvnHh4yf4HbXEOOCQ3rbIM0DzFOhJpOBV5WybvGMACDfF9kBTPEcdyZcu_BFjKM.bZC_H6iMCTZaz5fR8ewBh3K-VnVP44zWUQgvi4Q9caI&dib_tag=se&keywords=sustainable+shoes&qid=1741334059&sr=8-42,16.8,https://m.media-amazon.com/images/I/81aDXpgCw9L._AC_UL320_.jpg,whitin wide toe box barefoot sneakers for women | canvas minimalist shoes,[],0,Low,Likely Product,Not Sustainable
UIN Women's Artistic Slip-On Shoes Vibrant Floral Casual Loafers Lightweight Comfortable Travel Footwear,4.5,7098,50+ bought in past month,https://www.amazon.com/UIN-Walking-Loafers-Lightweight-Painted/dp/B08X4JP9CW/ref=sr_1_43?dib=eyJ2IjoiMSJ9.ZgQpGF-pbTznCVnJTipU3iu_b-02gJl6wyXdhYnyumj0BvrK6tendiNVEro971vUXU0afrywM1p0nlndSUfC-xVEOhcJ4pbYI2wEDe3vm6DY0pIxK_DW45viBI8L4VSMD6euePEiKHkVQiCXbGfHQ8QYrR9njj_Rsjy2VfmihMikqhxuJUbI44sUHaxC4ThFxGiR-1aPL_vztQzWv8ldNQCq80ZqURyKp2IM50UUnmtC3U8TXlRpS-4V0h9wvCE-Uxi9rbQE3NVFvV6NRwCRbzC7vYOfgcsPDiIP286MtxadCphmSZTo9ml3t4iMVu-fJDC5Lwt5JzU4mGq11I4A7ObECzMRk4pv4R6Q7OONZv2eqGV0Gl-rzqO-DbEY57fZzzvnHh4yf4HbXEOOCQ3rbIM0DzFOhJpOBV5WybvGMACDfF9kBTPEcdyZcu_BFjKM.bZC_H6iMCTZaz5fR8ewBh3K-VnVP44zWUQgvi4Q9caI&dib_tag=se&keywords=sustainable+shoes&qid=1741334059&sr=8-43,16.8,https://m.media-amazon.com/images/I/71R8IBKIKML._AC_UL320_.jpg,uin women's artistic slip-on shoes vibrant floral casual loafers lightweight comfortable travel footwear,[],0,Low,Likely Product,Not Sustainable
"Dansko Peony Women’s Walking Sneakers– Comfortable, Breathable with Arch Support – Stain Resistant with Lightweight Rubber Outsole - Performance Walking Shoe Great for Healthcare",4.1,193,50+ bought in past month,https://www.amazon.com/Dansko-Peony-Sneakers-Comfortable-Breathable/dp/B0BQ5KZX8Z/ref=sr_1_44?dib=eyJ2IjoiMSJ9.ZgQpGF-pbTznCVnJTipU3iu_b-02gJl6wyXdhYnyumj0BvrK6tendiNVEro971vUXU0afrywM1p0nlndSUfC-xVEOhcJ4pbYI2wEDe3vm6DY0pIxK_DW45viBI8L4VSMD6euePEiKHkVQiCXbGfHQ8QYrR9njj_Rsjy2VfmihMikqhxuJUbI44sUHaxC4ThFxGiR-1aPL_vztQzWv8ldNQCq80ZqURyKp2IM50UUnmtC3U8TXlRpS-4V0h9wvCE-Uxi9rbQE3NVFvV6NRwCRbzC7vYOfgcsPDiIP286MtxadCphmSZTo9ml3t4iMVu-fJDC5Lwt5JzU4mGq11I4A7ObECzMRk4pv4R6Q7OONZv2eqGV0Gl-rzqO-DbEY57fZzzvnHh4yf4HbXEOOCQ3rbIM0DzFOhJpOBV5WybvGMACDfF9kBTPEcdyZcu_BFjKM.bZC_H6iMCTZaz5fR8ewBh3K-VnVP44zWUQgvi4Q9caI&dib_tag=se&keywords=sustainable+shoes&qid=1741334059&sr=8-44,16.8,https://m.media-amazon.com/images/I/81AFVkmN1nL._AC_UL320_.jpg,"dansko peony women’s walking sneakers– comfortable, breathable with arch support – stain resistant with lightweight rubber outsole - performance walking shoe great for healthcare",[],0,Low,Likely Product,Not Sustainable
"Vivobarefoot Primus Lite III, Womens Vegan Light Breathable Shoe with Barefoot Sole",4.2,345,50+ bought in past month,https://www.amazon.com/Vivobarefoot-Womens-Textile-Synthetic-Trainers/dp/B09DBL2JFH/ref=sr_1_45?dib=eyJ2IjoiMSJ9.ZgQpGF-pbTznCVnJTipU3iu_b-02gJl6wyXdhYnyumj0BvrK6tendiNVEro971vUXU0afrywM1p0nlndSUfC-xVEOhcJ4pbYI2wEDe3vm6DY0pIxK_DW45viBI8L4VSMD6euePEiKHkVQiCXbGfHQ8QYrR9njj_Rsjy2VfmihMikqhxuJUbI44sUHaxC4ThFxGiR-1aPL_vztQzWv8ldNQCq80ZqURyKp2IM50UUnmtC3U8TXlRpS-4V0h9wvCE-Uxi9rbQE3NVFvV6NRwCRbzC7vYOfgcsPDiIP286MtxadCphmSZTo9ml3t4iMVu-fJDC5Lwt5JzU4mGq11I4A7ObECzMRk4pv4R6Q7OONZv2eqGV0Gl-rzqO-DbEY57fZzzvnHh4yf4HbXEOOCQ3rbIM0DzFOhJpOBV5WybvGMACDfF9kBTPEcdyZcu_BFjKM.bZC_H6iMCTZaz5fR8ewBh3K-VnVP44zWUQgvi4Q9caI&dib_tag=se&keywords=sustainable+shoes&qid=1741334059&sr=8-45,16.8,https://m.media-amazon.com/images/I/51gM6W1yZvL._AC_UL320_.jpg,"vivobarefoot primus lite iii, womens vegan light breathable shoe with barefoot sole",['vegan'],1,Low,Likely Product,Not Sustainable
Vionic Women's Uptown Loafer,4.4,896,50+ bought in past month,https://www.amazon.com/Vionic-Uptown-Womens-Loafer-Casual/dp/B0C3FK7TPN/ref=sr_1_46?dib=eyJ2IjoiMSJ9.ZgQpGF-pbTznCVnJTipU3iu_b-02gJl6wyXdhYnyumj0BvrK6tendiNVEro971vUXU0afrywM1p0nlndSUfC-xVEOhcJ4pbYI2wEDe3vm6DY0pIxK_DW45viBI8L4VSMD6euePEiKHkVQiCXbGfHQ8QYrR9njj_Rsjy2VfmihMikqhxuJUbI44sUHaxC4ThFxGiR-1aPL_vztQzWv8ldNQCq80ZqURyKp2IM50UUnmtC3U8TXlRpS-4V0h9wvCE-Uxi9rbQE3NVFvV6NRwCRbzC7vYOfgcsPDiIP286MtxadCphmSZTo9ml3t4iMVu-fJDC5Lwt5JzU4mGq11I4A7ObECzMRk4pv4R6Q7OONZv2eqGV0Gl-rzqO-DbEY57fZzzvnHh4yf4HbXEOOCQ3rbIM0DzFOhJpOBV5WybvGMACDfF9kBTPEcdyZcu_BFjKM.bZC_H6iMCTZaz5fR8ewBh3K-VnVP44zWUQgvi4Q9caI&dib_tag=se&keywords=sustainable+shoes&qid=1741334059&sr=8-46,16.8,https://m.media-amazon.com/images/I/71alB1GBUSL._AC_UL320_.jpg,vionic women's uptown loafer,[],0,Low,Likely Product,Not Sustainable
"Vionic Beach Marshall Slip On Sneakers for Women-Sustainable Shoes That Include Three-Zone Comfort with Orthotic Insole Arch Support, Machine Wash Safe- Sizes 5-11",4.1,826,50+ bought in past month,https://www.amazon.com/Vionic-Marshall-Sneakers-Women-Sustainable-Three-Zone/dp/B09G1761NL/ref=sr_1_47?dib=eyJ2IjoiMSJ9.ZgQpGF-pbTznCVnJTipU3iu_b-02gJl6wyXdhYnyumj0BvrK6tendiNVEro971vUXU0afrywM1p0nlndSUfC-xVEOhcJ4pbYI2wEDe3vm6DY0pIxK_DW45viBI8L4VSMD6euePEiKHkVQiCXbGfHQ8QYrR9njj_Rsjy2VfmihMikqhxuJUbI44sUHaxC4ThFxGiR-1aPL_vztQzWv8ldNQCq80ZqURyKp2IM50UUnmtC3U8TXlRpS-4V0h9wvCE-Uxi9rbQE3NVFvV6NRwCRbzC7vYOfgcsPDiIP286MtxadCphmSZTo9ml3t4iMVu-fJDC5Lwt5JzU4mGq11I4A7ObECzMRk4pv4R6Q7OONZv2eqGV0Gl-rzqO-DbEY57fZzzvnHh4yf4HbXEOOCQ3rbIM0DzFOhJpOBV5WybvGMACDfF9kBTPEcdyZcu_BFjKM.bZC_H6iMCTZaz5fR8ewBh3K-VnVP44zWUQgvi4Q9caI&dib_tag=se&keywords=sustainable+shoes&qid=1741334059&sr=8-47,16.8,https://m.media-amazon.com/images/I/61p75KzVIoL._AC_UL320_.jpg,"vionic beach marshall slip on sneakers for women-sustainable shoes that include three-zone comfort with orthotic insole arch support, machine wash safe- sizes 5-11",['sustainable'],2,Low,Likely Product,Not Sustainable
"Brookstone, 2 Tier Bamboo Shoe Rack, Minimalistic Boho Wooden Shoe Organizer, Efficiently Fits 6 Pairs, Sustainable & Eco-Friendly for Small Spaces",4.7,16,100+ bought in past month,https://www.amazon.com/Brookstone-Minimalistic-Efficiently-Sustainable-Eco-Friendly/dp/B0CJCJL8Y8/ref=sr_1_49?dib=eyJ2IjoiMSJ9.ZgQpGF-pbTznCVnJTipU3iu_b-02gJl6wyXdhYnyumj0BvrK6tendiNVEro971vUXU0afrywM1p0nlndSUfC-xVEOhcJ4pbYI2wEDe3vm6DY0pIxK_DW45viBI8L4VSMD6euePEiKHkVQiCXbGfHQ8QYrR9njj_Rsjy2VfmihMikqhxuJUbI44sUHaxC4ThFxGiR-1aPL_vztQzWv8ldNQCq80ZqURyKp2IM50UUnmtC3U8TXlRpS-4V0h9wvCE-Uxi9rbQE3NVFvV6NRwCRbzC7vYOfgcsPDiIP286MtxadCphmSZTo9ml3t4iMVu-fJDC5Lwt5JzU4mGq11I4A7ObECzMRk4pv4R6Q7OONZv2eqGV0Gl-rzqO-DbEY57fZzzvnHh4yf4HbXEOOCQ3rbIM0DzFOhJpOBV5WybvGMACDfF9kBTPEcdyZcu_BFjKM.bZC_H6iMCTZaz5fR8ewBh3K-VnVP44zWUQgvi4Q9caI&dib_tag=se&keywords=sustainable+shoes&qid=1741334059&sr=8-49,16.8,https://m.media-amazon.com/images/I/71rbCcSLFyL._AC_UL320_.jpg,"brookstone, 2 tier bamboo shoe rack, minimalistic boho wooden shoe organizer, efficiently fits 6 pairs, sustainable & eco-friendly for small spaces","['sustainable', 'eco-friendly', 'bamboo']",5,Moderate,Likely Product,Potentially Sustainable
Brooks Women’s Glycerin 21 Neutral Running Shoe,4.5,1218,200+ bought in past month,https://www.amazon.com/Brooks-Womens-Glycerin-Neutral-Running/dp/B0CNWRGKFG/ref=sr_1_50?dib=eyJ2IjoiMSJ9.ZgQpGF-pbTznCVnJTipU3iu_b-02gJl6wyXdhYnyumj0BvrK6tendiNVEro971vUXU0afrywM1p0nlndSUfC-xVEOhcJ4pbYI2wEDe3vm6DY0pIxK_DW45viBI8L4VSMD6euePEiKHkVQiCXbGfHQ8QYrR9njj_Rsjy2VfmihMikqhxuJUbI44sUHaxC4ThFxGiR-1aPL_vztQzWv8ldNQCq80ZqURyKp2IM50UUnmtC3U8TXlRpS-4V0h9wvCE-Uxi9rbQE3NVFvV6NRwCRbzC7vYOfgcsPDiIP286MtxadCphmSZTo9ml3t4iMVu-fJDC5Lwt5JzU4mGq11I4A7ObECzMRk4pv4R6Q7OONZv2eqGV0Gl-rzqO-DbEY57fZzzvnHh4yf4HbXEOOCQ3rbIM0DzFOhJpOBV5WybvGMACDfF9kBTPEcdyZcu_BFjKM.bZC_H6iMCTZaz5fR8ewBh3K-VnVP44zWUQgvi4Q9caI&dib_tag=se&keywords=sustainable+shoes&qid=1741334059&sr=8-50,16.8,https://m.media-amazon.com/images/I/71PHmP-aXiL._AC_UL320_.jpg,brooks women’s glycerin 21 neutral running shoe,[],0,Low,Likely Product,Not Sustainable
WHITIN Women's Canvas/Leather Barefoot Shoes | Wide Width Minimalist Sneakers | Classic Fit Low Top,4.4,804,50+ bought in past month,https://www.amazon.com/WHITIN-Barefoot-Minimalist-Sneakers-Athletic/dp/B0DFQ36LSL/ref=sr_1_51?dib=eyJ2IjoiMSJ9.ZgQpGF-pbTznCVnJTipU3iu_b-02gJl6wyXdhYnyumj0BvrK6tendiNVEro971vUXU0afrywM1p0nlndSUfC-xVEOhcJ4pbYI2wEDe3vm6DY0pIxK_DW45viBI8L4VSMD6euePEiKHkVQiCXbGfHQ8QYrR9njj_Rsjy2VfmihMikqhxuJUbI44sUHaxC4ThFxGiR-1aPL_vztQzWv8ldNQCq80ZqURyKp2IM50UUnmtC3U8TXlRpS-4V0h9wvCE-Uxi9rbQE3NVFvV6NRwCRbzC7vYOfgcsPDiIP286MtxadCphmSZTo9ml3t4iMVu-fJDC5Lwt5JzU4mGq11I4A7ObECzMRk4pv4R6Q7OONZv2eqGV0Gl-rzqO-DbEY57fZzzvnHh4yf4HbXEOOCQ3rbIM0DzFOhJpOBV5WybvGMACDfF9kBTPEcdyZcu_BFjKM.bZC_H6iMCTZaz5fR8ewBh3K-VnVP44zWUQgvi4Q9caI&dib_tag=se&keywords=sustainable+shoes&qid=1741334059&sr=8-51,16.8,https://m.media-amazon.com/images/I/81OX9xPH6UL._AC_UL320_.jpg,whitin women's canvas/leather barefoot shoes | wide width minimalist sneakers | classic fit low top,[],0,Low,Likely Product,Not Sustainable
"Vionic Beach Seaview Casual Men’s Slip On Sneakers-Sustainable Shoes That Include Three-Zone Comfort with Orthotic Insole Arch Support, Machine Wash Safe- Sizes 7-13",4.2,210,50+ bought in past month,https://www.amazon.com/Vionic-Seaview-Sneakers-Sustainable-Three-Zone-Orthotic/dp/B09SXWY84G/ref=sr_1_52?dib=eyJ2IjoiMSJ9.ZgQpGF-pbTznCVnJTipU3iu_b-02gJl6wyXdhYnyumj0BvrK6tendiNVEro971vUXU0afrywM1p0nlndSUfC-xVEOhcJ4pbYI2wEDe3vm6DY0pIxK_DW45viBI8L4VSMD6euePEiKHkVQiCXbGfHQ8QYrR9njj_Rsjy2VfmihMikqhxuJUbI44sUHaxC4ThFxGiR-1aPL_vztQzWv8ldNQCq80ZqURyKp2IM50UUnmtC3U8TXlRpS-4V0h9wvCE-Uxi9rbQE3NVFvV6NRwCRbzC7vYOfgcsPDiIP286MtxadCphmSZTo9ml3t4iMVu-fJDC5Lwt5JzU4mGq11I4A7ObECzMRk4pv4R6Q7OONZv2eqGV0Gl-rzqO-DbEY57fZzzvnHh4yf4HbXEOOCQ3rbIM0DzFOhJpOBV5WybvGMACDfF9kBTPEcdyZcu_BFjKM.bZC_H6iMCTZaz5fR8ewBh3K-VnVP44zWUQgvi4Q9caI&dib_tag=se&keywords=sustainable+shoes&qid=1741334059&sr=8-52,16.8,https://m.media-amazon.com/images/I/61U63QEe+4L._AC_UL320_.jpg,"vionic beach seaview casual men’s slip on sneakers-sustainable shoes that include three-zone comfort with orthotic insole arch support, machine wash safe- sizes 7-13",['sustainable'],2,Low,Likely Product,Not Sustainable
Dr. Scholl's Men's Sync Oxford,4.3,1623,50+ bought in past month,https://www.amazon.com/Dr-Scholls-Casual-Oxford-Smooth/dp/B0BJ3D8KDW/ref=sr_1_53?dib=eyJ2IjoiMSJ9.ZgQpGF-pbTznCVnJTipU3iu_b-02gJl6wyXdhYnyumj0BvrK6tendiNVEro971vUXU0afrywM1p0nlndSUfC-xVEOhcJ4pbYI2wEDe3vm6DY0pIxK_DW45viBI8L4VSMD6euePEiKHkVQiCXbGfHQ8QYrR9njj_Rsjy2VfmihMikqhxuJUbI44sUHaxC4ThFxGiR-1aPL_vztQzWv8ldNQCq80ZqURyKp2IM50UUnmtC3U8TXlRpS-4V0h9wvCE-Uxi9rbQE3NVFvV6NRwCRbzC7vYOfgcsPDiIP286MtxadCphmSZTo9ml3t4iMVu-fJDC5Lwt5JzU4mGq11I4A7ObECzMRk4pv4R6Q7OONZv2eqGV0Gl-rzqO-DbEY57fZzzvnHh4yf4HbXEOOCQ3rbIM0DzFOhJpOBV5WybvGMACDfF9kBTPEcdyZcu_BFjKM.bZC_H6iMCTZaz5fR8ewBh3K-VnVP44zWUQgvi4Q9caI&dib_tag=se&keywords=sustainable+shoes&qid=1741334059&sr=8-53,16.8,https://m.media-amazon.com/images/I/716yI+NXIQL._AC_UL320_.jpg,dr. scholl's men's sync oxford,[],0,Low,Likely Product,Not Sustainable
Women's Once Twice Espadrille Platform Wedge Sandal,4.0,773,50+ bought in past month,https://www.amazon.com/Dr-Scholls-Shoes-Womens-Espadrille/dp/B0BJ4D7MND/ref=sr_1_54?dib=eyJ2IjoiMSJ9.ZgQpGF-pbTznCVnJTipU3iu_b-02gJl6wyXdhYnyumj0BvrK6tendiNVEro971vUXU0afrywM1p0nlndSUfC-xVEOhcJ4pbYI2wEDe3vm6DY0pIxK_DW45viBI8L4VSMD6euePEiKHkVQiCXbGfHQ8QYrR9njj_Rsjy2VfmihMikqhxuJUbI44sUHaxC4ThFxGiR-1aPL_vztQzWv8ldNQCq80ZqURyKp2IM50UUnmtC3U8TXlRpS-4V0h9wvCE-Uxi9rbQE3NVFvV6NRwCRbzC7vYOfgcsPDiIP286MtxadCphmSZTo9ml3t4iMVu-fJDC5Lwt5JzU4mGq11I4A7ObECzMRk4pv4R6Q7OONZv2eqGV0Gl-rzqO-DbEY57fZzzvnHh4yf4HbXEOOCQ3rbIM0DzFOhJpOBV5WybvGMACDfF9kBTPEcdyZcu_BFjKM.bZC_H6iMCTZaz5fR8ewBh3K-VnVP44zWUQgvi4Q9caI&dib_tag=se&keywords=sustainable+shoes&qid=1741334059&sr=8-54,16.8,https://m.media-amazon.com/images/I/71rZE43dnPL._AC_UL320_.jpg,women's once twice espadrille platform wedge sandal,[],0,Low,Likely Product,Not Sustainable
PUMA Mens Club 5v5 Sneaker,4.2,591,50+ bought in past month,https://www.amazon.com/PUMA-Mens-Sneaker-White-Clyde-Royal/dp/B0DDTVQ11R/ref=sr_1_55?dib=eyJ2IjoiMSJ9.ZgQpGF-pbTznCVnJTipU3iu_b-02gJl6wyXdhYnyumj0BvrK6tendiNVEro971vUXU0afrywM1p0nlndSUfC-xVEOhcJ4pbYI2wEDe3vm6DY0pIxK_DW45viBI8L4VSMD6euePEiKHkVQiCXbGfHQ8QYrR9njj_Rsjy2VfmihMikqhxuJUbI44sUHaxC4ThFxGiR-1aPL_vztQzWv8ldNQCq80ZqURyKp2IM50UUnmtC3U8TXlRpS-4V0h9wvCE-Uxi9rbQE3NVFvV6NRwCRbzC7vYOfgcsPDiIP286MtxadCphmSZTo9ml3t4iMVu-fJDC5Lwt5JzU4mGq11I4A7ObECzMRk4pv4R6Q7OONZv2eqGV0Gl-rzqO-DbEY57fZzzvnHh4yf4HbXEOOCQ3rbIM0DzFOhJpOBV5WybvGMACDfF9kBTPEcdyZcu_BFjKM.bZC_H6iMCTZaz5fR8ewBh3K-VnVP44zWUQgvi4Q9caI&dib_tag=se&keywords=sustainable+shoes&qid=1741334059&sr=8-55,16.8,https://m.media-amazon.com/images/I/51ZvkBXnLhL._AC_UL320_.jpg,puma mens club 5v5 sneaker,[],0,Low,Likely Product,Not Sustainable
DREAM PAIRS Women's Loafers Slip On Comfortable Casual Walking Flats Work Shoes Closed Toe Sandals,4.5,34,50+ bought in past month,https://www.amazon.com/DREAM-PAIRS-Loafers-Comfortable-DWUMLS2508/dp/B0DNQ2CKJL/ref=sr_1_56?dib=eyJ2IjoiMSJ9.ZgQpGF-pbTznCVnJTipU3iu_b-02gJl6wyXdhYnyumj0BvrK6tendiNVEro971vUXU0afrywM1p0nlndSUfC-xVEOhcJ4pbYI2wEDe3vm6DY0pIxK_DW45viBI8L4VSMD6euePEiKHkVQiCXbGfHQ8QYrR9njj_Rsjy2VfmihMikqhxuJUbI44sUHaxC4ThFxGiR-1aPL_vztQzWv8ldNQCq80ZqURyKp2IM50UUnmtC3U8TXlRpS-4V0h9wvCE-Uxi9rbQE3NVFvV6NRwCRbzC7vYOfgcsPDiIP286MtxadCphmSZTo9ml3t4iMVu-fJDC5Lwt5JzU4mGq11I4A7ObECzMRk4pv4R6Q7OONZv2eqGV0Gl-rzqO-DbEY57fZzzvnHh4yf4HbXEOOCQ3rbIM0DzFOhJpOBV5WybvGMACDfF9kBTPEcdyZcu_BFjKM.bZC_H6iMCTZaz5fR8ewBh3K-VnVP44zWUQgvi4Q9caI&dib_tag=se&keywords=sustainable+shoes&qid=1741334059&sr=8-56,16.8,https://m.media-amazon.com/images/I/71XZThTaOlL._AC_UL320_.jpg,dream pairs women's loafers slip on comfortable casual walking flats work shoes closed toe sandals,[],0,Low,Likely Product,Not Sustainable
Dr. Scholl's Shoes Women's Bianca Ankle Boot,4.3,313,50+ bought in past month,https://www.amazon.com/Dr-Scholls-Shoes-Womens-Bianca/dp/B005B6IIQQ/ref=sr_1_57?dib=eyJ2IjoiMSJ9.ZgQpGF-pbTznCVnJTipU3iu_b-02gJl6wyXdhYnyumj0BvrK6tendiNVEro971vUXU0afrywM1p0nlndSUfC-xVEOhcJ4pbYI2wEDe3vm6DY0pIxK_DW45viBI8L4VSMD6euePEiKHkVQiCXbGfHQ8QYrR9njj_Rsjy2VfmihMikqhxuJUbI44sUHaxC4ThFxGiR-1aPL_vztQzWv8ldNQCq80ZqURyKp2IM50UUnmtC3U8TXlRpS-4V0h9wvCE-Uxi9rbQE3NVFvV6NRwCRbzC7vYOfgcsPDiIP286MtxadCphmSZTo9ml3t4iMVu-fJDC5Lwt5JzU4mGq11I4A7ObECzMRk4pv4R6Q7OONZv2eqGV0Gl-rzqO-DbEY57fZzzvnHh4yf4HbXEOOCQ3rbIM0DzFOhJpOBV5WybvGMACDfF9kBTPEcdyZcu_BFjKM.bZC_H6iMCTZaz5fR8ewBh3K-VnVP44zWUQgvi4Q9caI&dib_tag=se&keywords=sustainable+shoes&qid=1741334059&sr=8-57,16.8,https://m.media-amazon.com/images/I/71aqZHfx9RL._AC_UL320_.jpg,dr. scholl's shoes women's bianca ankle boot,[],0,Low,Likely Product,Not Sustainable
HOBIBEAR Barefoot Minimalist Shoes Womens Mens | Zero Drop | Wide Width Fashion Sneaker,4.4,1452,50+ bought in past month,https://www.amazon.com/sspa/click?ie=UTF8&spc=MToxNDUzODk3NDgxNTUzMTczOjE3NDEzMzQwNTk6c3Bfc2VhcmNoX3RoZW1hdGljX2J0ZjozMDA0MjY1OTk1MjIxMDI6OjA6Og&url=%2FHOBIBEAR-Barefoot-Minimalist-Fashion-Sneaker%2Fdp%2FB0CCTFG94K%2Fref%3Dsxbs_pa_sp_search_thematic_btf_sspa%3Fcontent-id%3Damzn1.sym.600e230c-a779-4988-b767-bca4fd9ceba5%253Aamzn1.sym.600e230c-a779-4988-b767-bca4fd9ceba5%26cv_ct_cx%3Dsustainable%2Bshoes%26keywords%3Dsustainable%2Bshoes%26pd_rd_i%3DB0CCTFG94K%26pd_rd_r%3D805bf649-ea6b-47f3-a495-e469897cf196%26pd_rd_w%3DE3KnY%26pd_rd_wg%3D1aak3%26pf_rd_p%3D600e230c-a779-4988-b767-bca4fd9ceba5%26pf_rd_r%3DEWE9JBGJP9QZRKW0Q3EP%26qid%3D1741334059%26sbo%3DRZvfv%252F%252FHxDF%252BO5021pAnSA%253D%253D%26sr%3D1-1-11f0b5a3-b5b2-4f72-be9c-c5429e83fc32-spons%26sp_csd%3Dd2lkZ2V0TmFtZT1zcF9zZWFyY2hfdGhlbWF0aWNfYnRm%26psc%3D1#customerReviews,39.99,https://m.media-amazon.com/images/I/71CFGbh0JQL._AC_UL320_.jpg,hobibear barefoot minimalist shoes womens mens | zero drop | wide width fashion sneaker,[],0,Low,Likely Product,Not Sustainable
Steel Toe Shoes for Men Women Comfortable Lightweight Safety Sneakers Non Slip Work Shoes Puncture Proof Composite Toe Sneakers for Construction,4.5,177,50+ bought in past month,https://www.amazon.com/Comfortable-Lightweight-Indestructible-Composite-Construction/dp/B0DFH4ZLVR/ref=sr_1_58?dib=eyJ2IjoiMSJ9.ZgQpGF-pbTznCVnJTipU3iu_b-02gJl6wyXdhYnyumj0BvrK6tendiNVEro971vUXU0afrywM1p0nlndSUfC-xVEOhcJ4pbYI2wEDe3vm6DY0pIxK_DW45viBI8L4VSMD6euePEiKHkVQiCXbGfHQ8QYrR9njj_Rsjy2VfmihMikqhxuJUbI44sUHaxC4ThFxGiR-1aPL_vztQzWv8ldNQCq80ZqURyKp2IM50UUnmtC3U8TXlRpS-4V0h9wvCE-Uxi9rbQE3NVFvV6NRwCRbzC7vYOfgcsPDiIP286MtxadCphmSZTo9ml3t4iMVu-fJDC5Lwt5JzU4mGq11I4A7ObECzMRk4pv4R6Q7OONZv2eqGV0Gl-rzqO-DbEY57fZzzvnHh4yf4HbXEOOCQ3rbIM0DzFOhJpOBV5WybvGMACDfF9kBTPEcdyZcu_BFjKM.bZC_H6iMCTZaz5fR8ewBh3K-VnVP44zWUQgvi4Q9caI&dib_tag=se&keywords=sustainable+shoes&qid=1741334059&sr=8-58,39.99,https://m.media-amazon.com/images/I/81qMH15cJeL._AC_UL320_.jpg,steel toe shoes for men women comfortable lightweight safety sneakers non slip work shoes puncture proof composite toe sneakers for construction,[],0,Low,Likely Product,Not Sustainable
